osmid,latitude,longitude
259576101,-21.2345722,-47.759441
259576108,-21.2340008,-47.7592908
259577028,-21.1358758,-47.7639634
353460798,-21.206106,-47.7547367
353466665,-21.0926471,-47.7943941
353471822,-21.1730642,-47.8444477
353490126,-21.1212169,-47.8348195
353490282,-21.2715514,-47.7982942
353491699,-21.3064553,-47.8197747
353499496,-21.2064772,-47.8578432
492607160,-21.1277318,-47.787034
492607181,-21.13704,-47.7974234
492607190,-21.1457732,-47.7996098
492623770,-21.1886088,-47.8063353
492623784,-21.1813867,-47.8000843
492623849,-21.2082802,-47.7893392
492623879,-21.1755778,-47.8027973
492644764,-21.1748723,-47.8303103
503727916,-21.2136723,-47.7723171
503727984,-21.2078363,-47.7597543
503728004,-21.2081069,-47.757866
503728029,-21.2053811,-47.7565111
503728033,-21.2045611,-47.7578153
503728037,-21.2044735,-47.7587185
503728121,-21.1997955,-47.758067
503728133,-21.2105919,-47.7586344
597730194,-21.2413452,-47.7580281
597730322,-21.2111925,-47.7756738
597730375,-21.240957,-47.7579277
597730467,-21.2242865,-47.7677533
597730484,-21.2172487,-47.7719676
597730499,-21.2125117,-47.774315
597730616,-21.2379353,-47.7635813
597730659,-21.2231508,-47.769282
597730662,-21.2175984,-47.772191
597730683,-21.1947043,-47.7984321
618755597,-21.1963933,-47.8075741
618755620,-21.2096909,-47.8129889
618755623,-21.2099115,-47.8126581
618755624,-21.2097367,-47.8124658
618755627,-21.2086275,-47.8119925
618755777,-21.1942845,-47.7986523
618755884,-21.1937274,-47.798249
618755886,-21.1940321,-47.7985802
618755891,-21.1928743,-47.8010796
618755933,-21.1843125,-47.8003203
618755937,-21.184971,-47.7994363
618755942,-21.1866445,-47.7987409
618755947,-21.1901817,-47.7977522
618756189,-21.185077,-47.8009303
618756375,-21.190272,-47.7975296
618756612,-21.184911,-47.8057837
618756615,-21.1856213,-47.8063881
618756616,-21.1863556,-47.8069739
618756617,-21.1874563,-47.8079348
618756661,-21.1832217,-47.8080789
618756740,-21.1852196,-47.8085061
618756742,-21.1845064,-47.807909
618756957,-21.1871807,-47.810177
618756961,-21.1863444,-47.809468
618756966,-21.1880832,-47.8070666
618757017,-21.1888974,-47.8077447
618757277,-21.1577638,-47.7976653
618757279,-21.1634223,-47.7902632
618757280,-21.1634262,-47.7899539
618757281,-21.1631631,-47.789726
618757294,-21.1668667,-47.7890503
618757304,-21.1757495,-47.7964778
618757355,-21.1642627,-47.8032585
618757621,-21.1600181,-47.808932
618758727,-21.1682217,-47.8130664
618758765,-21.1673387,-47.8144242
618758833,-21.1656992,-47.8141286
618758861,-21.1640523,-47.8125822
618758867,-21.1626731,-47.8113811
618759373,-21.1725023,-47.8130263
618759376,-21.1707168,-47.815342
618759447,-21.176389,-47.8154662
618759451,-21.177324,-47.8156493
618759454,-21.1775606,-47.8156176
618760260,-21.1554638,-47.8406698
618760270,-21.1565287,-47.8435826
618760277,-21.1584433,-47.8431423
618760287,-21.15856,-47.8437915
618760292,-21.1579807,-47.8448624
618760310,-21.1586722,-47.8453351
618760332,-21.1580486,-47.8472466
618760347,-21.1606375,-47.8488832
618760354,-21.1609611,-47.8491496
618760370,-21.1633882,-47.8506899
618760375,-21.1637317,-47.850936
618760580,-21.1529025,-47.8419786
618760581,-21.1529556,-47.842117
618760586,-21.1545817,-47.841351
618760588,-21.1547669,-47.8412898
618760594,-21.1552009,-47.841383
618760597,-21.1552255,-47.8411828
618760599,-21.1565964,-47.8390908
618760603,-21.1568085,-47.8389579
618760605,-21.1573621,-47.8389031
618760611,-21.1602495,-47.8414542
618760927,-21.1577004,-47.8388907
618760928,-21.1575591,-47.838658
618760938,-21.1574476,-47.8379983
618760943,-21.1572725,-47.8379642
618760958,-21.1550505,-47.8407462
618760969,-21.1545281,-47.8412025
618761136,-21.1644942,-47.8441886
618761143,-21.1610733,-47.8420324
618761265,-21.1610688,-47.8488429
618761266,-21.160907,-47.8486962
618761751,-21.1718345,-47.8341681
618761753,-21.1711461,-47.8335502
618761766,-21.1636299,-47.8436729
618761926,-21.1725468,-47.8347851
618762067,-21.1731243,-47.8340244
618762080,-21.172401,-47.8333973
618762124,-21.171717,-47.8327912
618762596,-21.1747839,-47.8289872
618762599,-21.1745142,-47.8352636
618762601,-21.1747784,-47.835283
618763082,-21.1455739,-47.8327223
618763685,-21.1466203,-47.8313844
618764359,-21.1394574,-47.8348513
618764376,-21.1396729,-47.8392406
618764390,-21.1403755,-47.8394111
618764394,-21.1405759,-47.8390748
618764765,-21.1391672,-47.8347901
618764773,-21.1397343,-47.8345235
618764775,-21.1397231,-47.834412
618765084,-21.1387154,-47.8343395
618765085,-21.1386566,-47.834202
618765091,-21.1391956,-47.833792
618765093,-21.13942,-47.8339517
618765098,-21.1408642,-47.8333019
618766324,-21.208655,-47.7661711
618766330,-21.2095667,-47.7684014
618766339,-21.2101917,-47.769554
618766341,-21.2107478,-47.7701655
618766345,-21.2137269,-47.772691
618766350,-21.2134844,-47.7738403
618766597,-21.2054215,-47.7600847
618766923,-21.2119592,-47.7742256
618766926,-21.2111116,-47.7727073
618766929,-21.2092388,-47.7706888
618766955,-21.200789,-47.7669742
618766968,-21.2036956,-47.7620532
618767053,-21.2013779,-47.7677382
618767136,-21.1996959,-47.7665223
618767142,-21.2006116,-47.7672425
618767435,-21.1927701,-47.7602374
618767440,-21.1926461,-47.7615723
618767445,-21.1939208,-47.7614018
618767449,-21.1937776,-47.7615938
1126517550,-21.1573045,-47.8461239
1126517554,-21.1572067,-47.8406748
1126517555,-21.1578276,-47.8421544
1126517561,-21.1573272,-47.844879
1126517563,-21.1571529,-47.8434391
1126517565,-21.156201,-47.8407339
1126517569,-21.1573991,-47.8417868
1126517570,-21.1560836,-47.8421227
1126517573,-21.1582473,-47.8416082
1126517574,-21.1589258,-47.8431152
1126517575,-21.1599132,-47.8430891
1126517578,-21.1561408,-47.8397187
1126517581,-21.1571978,-47.8480178
1126517583,-21.1558639,-47.8400754
1126517585,-21.1567781,-47.8412105
1126517590,-21.1577956,-47.8432913
1126517591,-21.1567014,-47.8418791
1126517592,-21.1572288,-47.8416236
1126524817,-21.1592554,-47.8425059
1129994905,-21.1669453,-47.8997565
1129994915,-21.1664558,-47.8994761
1129994982,-21.1668204,-47.8999269
1129995010,-21.1664837,-47.9000743
1129995080,-21.1662348,-47.8997113
1129995227,-21.1666753,-47.8994412
1130011347,-21.1665056,-47.894823
1130011355,-21.1700492,-47.8988992
1130011423,-21.1636813,-47.8988245
1130011488,-21.1701253,-47.8986623
1130011504,-21.1663098,-47.8948253
1130011512,-21.1632397,-47.8982808
1130015924,-21.1663984,-47.8999071
1130031646,-21.1704457,-47.8640495
1130031654,-21.1763939,-47.8467745
1131225810,-21.1985401,-47.8777362
1131225836,-21.1982936,-47.8778805
1131225857,-21.1960914,-47.881352
1131225868,-21.1981976,-47.8776947
1131225871,-21.1977507,-47.8768275
1131225872,-21.1973226,-47.8765361
1131225887,-21.1980842,-47.8772842
1131225892,-21.1974791,-47.8767158
1131225909,-21.1973458,-47.8766265
1131225918,-21.1990951,-47.8745245
1131225924,-21.1985042,-47.8775928
1131225938,-21.1992283,-47.8739698
1131225939,-21.1974955,-47.8763398
1131225941,-21.1976687,-47.8765601
1131225943,-21.1983802,-47.8775252
1131225968,-21.1966557,-47.8798442
1131238614,-21.1762384,-47.8535424
1131238615,-21.1758761,-47.8525935
1131238616,-21.1895522,-47.8654484
1131238635,-21.176128,-47.8510038
1131238637,-21.1755861,-47.8542916
1131238659,-21.176033,-47.8545016
1131238673,-21.1763553,-47.8513742
1131238677,-21.1762929,-47.8528168
1131238681,-21.1763136,-47.8498421
1131239808,-21.218407,-47.9258662
1152664158,-21.0936785,-47.794012
1317234764,-21.1242154,-47.8533474
1317234930,-21.1091047,-47.8625883
1666710034,-21.18146,-47.8379068
1666710037,-21.1870705,-47.8351104
1666710038,-21.1871918,-47.8351677
1666710046,-21.1805869,-47.8399118
1666710054,-21.1832722,-47.8339491
1666710058,-21.1724563,-47.8452416
1666710066,-21.1862073,-47.8341936
1666710080,-21.1718597,-47.8485153
1666710081,-21.1844202,-47.8418936
1666710086,-21.1746701,-47.8352845
1666710089,-21.1721103,-47.848569
1666710094,-21.1837801,-47.8398943
1666710096,-21.18352,-47.8381575
1666710103,-21.1869043,-47.8358123
1666710106,-21.1746874,-47.8387179
1666710108,-21.1653669,-47.8448319
1666710120,-21.1793785,-47.8368494
1666710121,-21.1801011,-47.8363926
1666710148,-21.1823347,-47.8408298
1666710150,-21.1789216,-47.8343632
1666710154,-21.184147,-47.8417644
1666710155,-21.1747366,-47.8381631
1666710156,-21.1792004,-47.8359582
1666710158,-21.1857046,-47.8385013
1666710161,-21.1746958,-47.8335243
1666710166,-21.1848364,-47.8422319
1666710174,-21.1809857,-47.8344154
1666710175,-21.1726238,-47.843915
1666710179,-21.1731834,-47.8448282
1666710184,-21.179537,-47.8376343
1666710191,-21.1841214,-47.8368264
1666710201,-21.1804508,-47.8333716
1666710203,-21.1850897,-47.8424863
1666710204,-21.1835575,-47.8333218
1666710210,-21.1746823,-47.8340328
1666710216,-21.1791156,-47.8379265
1666710217,-21.1815627,-47.8331353
1666710226,-21.185357,-47.8340917
1666710232,-21.1798033,-47.8370582
1666710241,-21.1789962,-47.8370621
1666710243,-21.185272,-47.8390565
1666710253,-21.1727902,-47.8452767
1666710260,-21.1792473,-47.838245
1666710263,-21.1817683,-47.8372532
1666710273,-21.1812754,-47.8337457
1666710276,-21.1730299,-47.8439324
1666710285,-21.1849973,-47.8397096
1666710293,-21.1723282,-47.8440215
1666710297,-21.1861769,-47.8370717
1666710313,-21.1855642,-47.8384265
1666710315,-21.1726384,-47.8361471
1666710333,-21.1862312,-47.8346918
1666710337,-21.1781138,-47.8408515
1666710377,-21.1851269,-47.8397753
1666710379,-21.1966658,-47.8408563
1666710410,-21.1806852,-47.835087
1666710412,-21.1811657,-47.8402382
1666710428,-21.1790399,-47.8342296
1666710460,-21.1832249,-47.8388107
1666710464,-21.1795714,-47.8378009
1666710468,-21.1846438,-47.8425393
1666710479,-21.1785228,-47.8409886
1666710487,-21.184718,-47.8355061
1666710534,-21.186625,-47.8341668
1666710552,-21.1811741,-47.8385634
1666710554,-21.1866045,-47.8364841
1666710595,-21.1836162,-47.8331898
1666710617,-21.1844087,-47.8361905
1666710620,-21.1746045,-47.8384935
1666710656,-21.1787765,-47.8379632
1666710664,-21.1867779,-47.835743
1666710669,-21.1733679,-47.8425047
1666710679,-21.1805598,-47.8402995
1666710683,-21.1802839,-47.8395736
1666710693,-21.1747016,-47.8328226
1666710698,-21.178987,-47.8382712
1666710703,-21.1819328,-47.8323535
1666710709,-21.1808808,-47.839247
1666710715,-21.172215,-47.8480837
1666710726,-21.172019,-47.8480061
1666710731,-21.1799713,-47.839077
1666710734,-21.1738071,-47.8346452
1666710735,-21.1803978,-47.8357295
1666710738,-21.1864752,-47.8364122
1666710757,-21.1850096,-47.8348606
1666710777,-21.1798771,-47.8347101
1666710778,-21.1844066,-47.8337453
1666710779,-21.1834838,-47.840588
1666710789,-21.1826325,-47.8401277
1666710790,-21.1794503,-47.8388065
1666710800,-21.1798304,-47.8387618
1666710830,-21.1725737,-47.8439815
1666710831,-21.1853052,-47.8342064
1666710833,-21.1858753,-47.8377387
1666710837,-21.1829709,-47.8346136
1666710861,-21.1873477,-47.8348722
1666710863,-21.1729907,-47.8448206
1666710867,-21.1790303,-47.8350935
1666710873,-21.1789911,-47.8381047
1666710875,-21.1829322,-47.8394586
1666710876,-21.1725007,-47.8443079
1666710882,-21.1820727,-47.8365948
1666710895,-21.1838185,-47.8374968
1666710908,-21.1797214,-47.8393738
1666710913,-21.1826711,-47.8352749
1666710926,-21.1823693,-47.8359405
1666710951,-21.1785894,-47.8386954
1666712780,-21.165483,-47.8444071
1666712782,-21.16879,-47.8400619
1666712785,-21.1698393,-47.8386755
1666712787,-21.1712477,-47.8349039
1666712788,-21.1705561,-47.834304
1666712790,-21.1660635,-47.8452818
1666712791,-21.173928,-47.8359952
1666712793,-21.1719677,-47.8355352
1666712794,-21.1706724,-47.8356616
1666712796,-21.1699484,-47.835029
1666712797,-21.1705709,-47.8392718
1666712798,-21.1695005,-47.8406893
1666712800,-21.1732401,-47.8354031
1666712801,-21.1713664,-47.8362747
1666712803,-21.172109,-47.8369197
1667074275,-21.1571536,-47.8351586
1667074279,-21.1619027,-47.8412257
1667074283,-21.1542877,-47.8377662
1667074285,-21.1673949,-47.8353263
1667074288,-21.1647809,-47.8437932
1667074290,-21.1691474,-47.842797
1667074292,-21.1690681,-47.8380608
1667074294,-21.1583753,-47.8365332
1667074297,-21.1673144,-47.8435947
1667074299,-21.1630021,-47.8397739
1667074303,-21.1597657,-47.8393023
1667074306,-21.1658525,-47.8423147
1667074310,-21.1574043,-47.834842
1667074317,-21.1601723,-47.8372437
1667074321,-21.1608475,-47.8378494
1667074325,-21.1562111,-47.8353945
1667074327,-21.166067,-47.8360817
1667074329,-21.1669656,-47.8456864
1667074330,-21.1640405,-47.8431408
1667074336,-21.1720792,-47.8387004
1667074339,-21.1597697,-47.837758
1667074343,-21.1713608,-47.8398571
1667074349,-21.1687597,-47.8448696
1667074351,-21.1633342,-47.8345774
1667074356,-21.1680861,-47.8442259
1667074358,-21.1619495,-47.8364005
1667074361,-21.1690221,-47.8364855
1667074369,-21.1586107,-47.8334156
1667074371,-21.1575697,-47.8337452
1667074374,-21.1559286,-47.8367642
1667074377,-21.1633407,-47.8425017
1667074379,-21.1567029,-47.8347573
1667074381,-21.1638785,-47.8348826
1667074383,-21.1605767,-47.8367262
1667074386,-21.1587179,-47.8376043
1667074388,-21.1570273,-47.8353281
1667074390,-21.165137,-47.8416784
1667074392,-21.1665841,-47.8429489
1667074401,-21.1566713,-47.8358049
1667074403,-21.1591757,-47.8354735
1667074405,-21.1697388,-47.8370376
1667074407,-21.1558485,-47.8358527
1667074409,-21.1675686,-47.8368795
1667074410,-21.1601133,-47.8388355
1667074411,-21.1577809,-47.8343604
1667074413,-21.1553523,-47.8335195
1667074415,-21.166225,-47.8450544
1667074417,-21.1604524,-47.8383729
1667074428,-21.1683582,-47.8374932
1667074430,-21.1705296,-47.8375972
1667074432,-21.1563162,-47.8362626
1667074434,-21.1650555,-47.8333221
1667074438,-21.171291,-47.838132
1667074440,-21.1576782,-47.8374561
1667163944,-21.1669576,-47.8408729
1667163954,-21.1521318,-47.8333089
1667163956,-21.1627547,-47.833915
1667163959,-21.1630661,-47.8349471
1667163961,-21.1627086,-47.8337744
1667163962,-21.1612818,-47.8358171
1667163964,-21.164097,-47.8383076
1667163965,-21.1580268,-47.8369945
1667163967,-21.1659175,-47.837487
1667163971,-21.1680602,-47.8394041
1667163979,-21.1570432,-47.8377581
1667163981,-21.1676747,-47.841508
1667163983,-21.1598662,-47.8345592
1667163985,-21.1624018,-47.8343677
1667163986,-21.1590745,-47.8386797
1667163990,-21.1587777,-47.8360003
1667163991,-21.1684115,-47.8421499
1667164006,-21.1554495,-47.8363517
1667164009,-21.1536329,-47.8346938
1667164011,-21.1582259,-47.8346239
1667164017,-21.1626688,-47.8370382
1667164022,-21.1662342,-47.8402374
1667164028,-21.1702596,-47.8413379
1667164049,-21.1575275,-47.8376463
1667164052,-21.1589678,-47.8337322
1667164055,-21.1564601,-47.838999
1667164059,-21.1593418,-47.8332838
1667164062,-21.1673474,-47.8387629
1667167733,-21.1650054,-47.8355143
1667167734,-21.1680748,-47.8333966
1667167735,-21.1604711,-47.8399336
1667167736,-21.1637793,-47.8355834
1667167737,-21.1633914,-47.8376767
1667167738,-21.1615681,-47.8384827
1667167739,-21.1655214,-47.8357956
1667167740,-21.161195,-47.840587
1667167743,-21.1622849,-47.8391299
1667167744,-21.1590707,-47.837144
1667167745,-21.1669304,-47.8349061
1667167746,-21.1581798,-47.8383261
1667167747,-21.1644887,-47.8362204
1667167748,-21.1664758,-47.834517
1667167749,-21.1664022,-47.8335367
1667167750,-21.1583754,-47.8380671
1667167751,-21.1667116,-47.8331249
1667167752,-21.1659986,-47.8341301
1667169909,-21.1655188,-47.8395966
1667169912,-21.1652115,-47.8368623
1667169929,-21.1682121,-47.8359133
1667169931,-21.1612391,-47.8421659
1667169933,-21.1626215,-47.8418655
1667169934,-21.169873,-47.8336741
1667169936,-21.1648087,-47.8389512
1667169942,-21.1679766,-47.8345618
1667169946,-21.164427,-47.8410427
1667169949,-21.165855,-47.8359774
1667169951,-21.1685819,-47.8338173
1667169956,-21.1666351,-47.8381276
1667169958,-21.1627817,-47.8431607
1667169959,-21.1637202,-47.8404073
1667169961,-21.1667074,-47.8364219
1667169962,-21.1619725,-47.8426434
1667169964,-21.1686851,-47.8351667
1667169967,-21.1692518,-47.8344202
1667169968,-21.1675036,-47.834154
1667172392,-21.1524027,-47.8349802
1667172393,-21.1486053,-47.8359369
1667172394,-21.1526505,-47.8337905
1667172399,-21.1506832,-47.8332814
1667172403,-21.1510883,-47.833663
1667172405,-21.1532207,-47.8363775
1667172407,-21.1558558,-47.8426989
1667172412,-21.1561384,-47.8437584
1667172416,-21.1527013,-47.8354286
1667172419,-21.1536438,-47.8373773
1667172420,-21.1590902,-47.8401387
1667172423,-21.1529867,-47.8358947
1667172424,-21.1562835,-47.8448689
1667172426,-21.1562175,-47.8460317
1667172428,-21.1539171,-47.8448743
1667172432,-21.1560239,-47.8432295
1667172440,-21.15954,-47.8395482
1667172442,-21.1502217,-47.8362788
1667172444,-21.1643303,-47.8444116
1667172446,-21.1540445,-47.8447042
1667172447,-21.1562275,-47.8442693
1667172448,-21.1481501,-47.8368913
1667172449,-21.1534386,-47.83688
1667172458,-21.1601248,-47.8410687
1667172460,-21.1539341,-47.8380623
1667172462,-21.148181,-47.8363849
1667172464,-21.1515928,-47.8341332
1667172465,-21.1520088,-47.8345464
1667172467,-21.1497246,-47.8348964
1667176355,-21.1513602,-47.8388064
1667176357,-21.1533202,-47.8400338
1667176360,-21.154323,-47.8390092
1667176362,-21.1537177,-47.8409944
1667176366,-21.1527146,-47.8389281
1667176368,-21.1539278,-47.8414896
1667176377,-21.1514192,-47.8373486
1667176380,-21.1548994,-47.8402871
1667176382,-21.1547725,-47.8405357
1667176383,-21.1530117,-47.8393458
1667176384,-21.1535224,-47.8405231
1667176385,-21.1523977,-47.8385335
1667176387,-21.1541162,-47.8385338
1667176389,-21.1545265,-47.8394853
1667176391,-21.1547491,-47.8399545
1667176394,-21.1520801,-47.8381394
1667176397,-21.151674,-47.8391942
1667176401,-21.152872,-47.8391174
1667176402,-21.1519949,-47.8395908
1667176403,-21.1525462,-47.8387185
1667176404,-21.153151,-47.8395726
1667176414,-21.1505395,-47.836701
1667181728,-21.1501669,-47.8378276
1667181733,-21.151755,-47.8377527
1667181735,-21.1503324,-47.8390238
1667181737,-21.1496724,-47.8383856
1667181739,-21.1510005,-47.8370176
1667181744,-21.1499618,-47.8386655
1667181747,-21.1507055,-47.8393644
1667182649,-21.1484185,-47.83712
1667182651,-21.1482199,-47.8366449
1667182660,-21.148759,-47.836403
1667182663,-21.1488992,-47.8375686
1667182664,-21.1500841,-47.8358252
1667182665,-21.1509854,-47.8354974
1667182666,-21.149909,-47.835371
1667182669,-21.1494418,-47.8366845
1667184767,-21.1458597,-47.8344774
1667184771,-21.1462661,-47.8357639
1667184773,-21.1459709,-47.8351053
1667184787,-21.1470402,-47.833653
1667184793,-21.1480561,-47.8361837
1667184797,-21.1470953,-47.8337359
1667184800,-21.1457623,-47.8338387
1667184802,-21.1477076,-47.8355588
1667184812,-21.1473745,-47.834308
1667184816,-21.1474219,-47.8350574
1667205932,-21.1888852,-47.8359032
1667205933,-21.1988815,-47.8371093
1667205937,-21.199223,-47.8372696
1667205938,-21.1997473,-47.8396259
1667205940,-21.1993515,-47.837326
1667205942,-21.199678,-47.837519
1667205944,-21.1888237,-47.8360229
1667205955,-21.1977437,-47.8396655
1667205959,-21.1951454,-47.8426105
1667205961,-21.1989395,-47.8379231
1667205964,-21.1973161,-47.8401322
1667205966,-21.1930848,-47.8449492
1667205968,-21.2001256,-47.8385754
1667205969,-21.1951837,-47.8391132
1667205971,-21.1980232,-47.838744
1667205972,-21.1990028,-47.8400667
1667205974,-21.1996397,-47.8397381
1667205977,-21.1991235,-47.8392024
1667205991,-21.1951254,-47.8392256
1667205999,-21.1945065,-47.8387842
1667206010,-21.1980201,-47.8386481
1667206012,-21.1973569,-47.8387763
1667206025,-21.1990859,-47.8380031
1667206033,-21.1992192,-47.8391062
1667206035,-21.1973769,-47.8388619
1667206048,-21.1923213,-47.84591
1667207839,-21.2011229,-47.8381985
1667207842,-21.1951304,-47.844815
1667207844,-21.1983464,-47.8411407
1667207846,-21.1932064,-47.8470938
1667207847,-21.197186,-47.8424711
1667207850,-21.1967359,-47.836023
1667207852,-21.1974073,-47.8363385
1667209701,-21.2010854,-47.8328933
1667209703,-21.2051591,-47.8450199
1667209708,-21.2012087,-47.8329553
1667233016,-21.1397066,-47.8390517
1667233030,-21.13969,-47.8416326
1667233037,-21.1401495,-47.8372786
1667233044,-21.1408164,-47.8386894
1667233070,-21.1401137,-47.8420046
1667233074,-21.1405593,-47.8388616
1667233083,-21.1401575,-47.8388368
1667233088,-21.1397784,-47.8426253
1667233124,-21.1412715,-47.8432181
1667233129,-21.1406586,-47.8421491
1667233144,-21.1402362,-47.8419614
1667233147,-21.1414605,-47.8432347
1667233149,-21.1404049,-47.8414623
1667233156,-21.1402795,-47.8388998
1667233158,-21.1403358,-47.8413438
1667237522,-21.1351416,-47.8460983
1667237524,-21.1359414,-47.8461148
1667237536,-21.138724,-47.8441675
1667237542,-21.1358195,-47.8462886
1667237547,-21.1349853,-47.8467511
1667237568,-21.1351462,-47.8467081
1667237571,-21.1359114,-47.8472602
1667237575,-21.1357468,-47.8466532
1667237576,-21.135578,-47.8467872
1667237578,-21.1353362,-47.8459792
1667237583,-21.1357255,-47.8461046
1667237586,-21.1350696,-47.8465842
1667237596,-21.1358474,-47.8469032
1667242045,-21.1635411,-47.8509725
1667242070,-21.1634611,-47.8505647
1667244438,-21.1639043,-47.8519487
1671663789,-21.1923496,-47.8434687
1671663791,-21.1869277,-47.8407331
1671663792,-21.1944853,-47.8421439
1671663798,-21.1968892,-47.8406075
1671663799,-21.1957357,-47.8394188
1671663801,-21.1953895,-47.8401879
1671663803,-21.1936,-47.8441338
1671663805,-21.1937386,-47.8442071
1671663806,-21.1895437,-47.842042
1671663807,-21.1966557,-47.8419669
1671667473,-21.1960242,-47.8351889
1671667477,-21.1961623,-47.8414373
1671667480,-21.189584,-47.8342599
1671667485,-21.1950919,-47.8408319
1671667489,-21.1885164,-47.8366436
1671667492,-21.1946103,-47.8442894
1671667495,-21.1882232,-47.8373052
1671667496,-21.1963215,-47.8375149
1671667497,-21.1917003,-47.8352833
1671667501,-21.1927508,-47.8464832
1671667503,-21.1956496,-47.8360999
1671667506,-21.1964944,-47.836513
1671667509,-21.1896237,-47.8380294
1671667511,-21.1924196,-47.8394671
1671669028,-21.1902406,-47.8444507
1671669029,-21.1941171,-47.8395318
1671669030,-21.1912206,-47.8447013
1671669031,-21.1948289,-47.8398988
1671669033,-21.1945303,-47.8405451
1671669035,-21.1952593,-47.8370134
1671669037,-21.1938151,-47.8401798
1671669039,-21.1944516,-47.8388938
1671669040,-21.1871247,-47.8435603
1671669041,-21.1959748,-47.8373488
1671669043,-21.1960532,-47.8389358
1671669044,-21.1963656,-47.8364509
1671672587,-21.1907441,-47.8393973
1671672588,-21.1921278,-47.840114
1671672589,-21.1879256,-47.8379732
1671672590,-21.1957119,-47.8419569
1671672591,-21.1947928,-47.8414788
1671672593,-21.1935123,-47.8408592
1671686229,-21.1898313,-47.8413983
1671686232,-21.1926422,-47.842812
1671686234,-21.198248,-47.8479571
1671686238,-21.1956455,-47.843114
1671686240,-21.2017655,-47.8492278
1671686242,-21.190419,-47.8400733
1671686243,-21.2028049,-47.8502694
1671686245,-21.1868727,-47.8398855
1671686247,-21.2027809,-47.8480641
1671686250,-21.1997166,-47.8515743
1671686251,-21.2032428,-47.8529472
1671686252,-21.1981565,-47.8478713
1671686253,-21.1938875,-47.8434876
1671686254,-21.1940958,-47.8438018
1671686255,-21.204026,-47.8520557
1671686257,-21.1865276,-47.8394778
1671686259,-21.197987,-47.8535378
1671686261,-21.20266,-47.8431427
1671686263,-21.196144,-47.845811
1671686265,-21.1862234,-47.8389001
1671686271,-21.1876304,-47.8386358
1671686272,-21.2029134,-47.8503855
1671686273,-21.1981696,-47.8456394
1671686274,-21.2028437,-47.8480618
1671686277,-21.2043415,-47.854056
1671686278,-21.2028774,-47.8490101
1671686279,-21.1932258,-47.8415022
1671686288,-21.1961607,-47.8436402
1671686291,-21.201247,-47.8509145
1671686293,-21.2022873,-47.8497397
1671686294,-21.2007619,-47.848243
1671686295,-21.2007419,-47.8503941
1671814402,-21.1946173,-47.8487121
1671814408,-21.205281,-47.859463
1671814410,-21.2048139,-47.8606651
1671814422,-21.2043793,-47.8613271
1671814427,-21.2049974,-47.8593029
1671814442,-21.2053856,-47.8593155
1671814455,-21.1885935,-47.8441717
1671814458,-21.1952818,-47.8501566
1671814463,-21.2013455,-47.8441502
1671814466,-21.1957467,-47.850223
1671814467,-21.1958617,-47.851061
1671814479,-21.1959088,-47.8502552
1671814490,-21.2046803,-47.8611844
1671814499,-21.194371,-47.8489623
1671814506,-21.2028605,-47.866072
1671814507,-21.1991748,-47.8466968
1671814508,-21.2046101,-47.861335
1671814509,-21.2012178,-47.857639
1671814510,-21.2026089,-47.842748
1671814515,-21.1967085,-47.851801
1671814517,-21.1954356,-47.8503982
1671814520,-21.1944326,-47.8485104
1671814531,-21.1961094,-47.8508472
1671814541,-21.2049658,-47.8603548
1671814546,-21.1931388,-47.8473013
1671814549,-21.1960865,-47.8501617
1671814552,-21.2051236,-47.8598529
1671814555,-21.2046627,-47.8610979
1671814561,-21.2045168,-47.8609879
1671814563,-21.2051661,-47.8593906
1671814566,-21.1952951,-47.8493713
1671814571,-21.1961676,-47.8513123
1671817908,-21.1972386,-47.8491274
1671817911,-21.1971812,-47.8512359
1671817912,-21.198676,-47.852752
1671817914,-21.1992753,-47.8468041
1671817917,-21.1962057,-47.8502588
1671817932,-21.196487,-47.851744
1671817934,-21.196103,-47.8504392
1671817965,-21.2022529,-47.8563574
1671817966,-21.2014471,-47.8442522
1671819017,-21.2027454,-47.8426293
1671820457,-21.2011848,-47.8552838
1671820461,-21.2001624,-47.8564544
1671820464,-21.2028762,-47.8432678
1671820467,-21.2041156,-47.8519521
1671822130,-21.2062304,-47.8406976
1671822133,-21.2036267,-47.8514085
1671822134,-21.2045864,-47.8444613
1671824367,-21.1970311,-47.8353679
1671824369,-21.2037679,-47.8387022
1671824371,-21.2031928,-47.8399599
1671824373,-21.1976911,-47.8356799
1671824374,-21.2037426,-47.8402824
1671824375,-21.1996328,-47.8366434
1671824377,-21.2014319,-47.8375565
1671824381,-21.199509,-47.8365779
1671824382,-21.1967028,-47.8354581
1671824384,-21.2079238,-47.8368035
1671824385,-21.2043146,-47.8389622
1671824387,-21.1932098,-47.8338168
1671824388,-21.204038,-47.8396274
1671862758,-21.2043702,-47.848315
1671862759,-21.2029445,-47.8455498
1671862762,-21.2079063,-47.8521278
1671862763,-21.2033027,-47.8459471
1671862767,-21.2069034,-47.8506289
1671862769,-21.2069534,-47.8508864
1671862770,-21.2029621,-47.84629
1671862771,-21.2029803,-47.8477236
1671862773,-21.2075426,-47.8521189
1671862774,-21.2042353,-47.848911
1671862775,-21.2045419,-47.8446036
1671862778,-21.2061004,-47.8493169
1671862779,-21.2063833,-47.8497133
1671862781,-21.2051191,-47.848286
1671862782,-21.204464,-47.8479024
1671862784,-21.2046035,-47.8473494
1671862791,-21.2042044,-47.8481815
1671862793,-21.2030383,-47.8494928
1671862794,-21.2038656,-47.8485818
1671875430,-21.2049431,-47.8504801
1671875433,-21.205683,-47.8525586
1671875434,-21.2053622,-47.8507522
1671875436,-21.2081142,-47.8527954
1671875452,-21.2063558,-47.8524096
1671875458,-21.2060457,-47.8521551
1671875461,-21.2063883,-47.8512294
1671875467,-21.2067453,-47.8519896
1671875470,-21.2058153,-47.8495298
1671875481,-21.2058432,-47.8503765
1671875486,-21.2083863,-47.8521363
1671875490,-21.207796,-47.8502195
1671875493,-21.2075431,-47.8497797
1671877255,-21.204321,-47.852017
1671877256,-21.2048563,-47.8511479
1671877257,-21.2037293,-47.8510572
1671877258,-21.2054365,-47.8486204
1671877260,-21.2078199,-47.8534443
1671877264,-21.2046079,-47.8514979
1671877265,-21.206117,-47.8530071
1671877270,-21.2075576,-47.8541171
1671877272,-21.2048737,-47.8513499
1671877274,-21.2056454,-47.8535217
1671877275,-21.2071336,-47.8527799
1671877278,-21.2052505,-47.8530084
1671877282,-21.2044378,-47.8504948
1671877283,-21.2046329,-47.8513585
1671877287,-21.2079954,-47.8535408
1671882130,-21.2062788,-47.8422196
1671882131,-21.2048497,-47.8400115
1671882138,-21.2044257,-47.8496167
1671882140,-21.2068001,-47.8393658
1671882142,-21.2049586,-47.845837
1671882147,-21.207241,-47.8500496
1671882152,-21.2065154,-47.8400208
1671882153,-21.2070128,-47.8449807
1671882154,-21.2060707,-47.8468198
1671882155,-21.2061265,-47.8429207
1671882164,-21.2040688,-47.838026
1671882165,-21.2079387,-47.8419414
1671882170,-21.2054751,-47.8476482
1671882175,-21.2048906,-47.8489821
1671882178,-21.2040782,-47.8495355
1671882181,-21.2067424,-47.8458875
1671882182,-21.2071632,-47.8406856
1671882183,-21.2065657,-47.8464419
1671882191,-21.2051413,-47.8393567
1671882194,-21.2065353,-47.8488668
1671882198,-21.2059107,-47.8481758
1671882199,-21.2081241,-47.8413349
1671882200,-21.2075616,-47.843199
1671882201,-21.2063462,-47.8471389
1671882203,-21.208071,-47.8415094
1671882204,-21.2045616,-47.8489981
1671882206,-21.2059925,-47.8441836
1671882208,-21.2072219,-47.8443348
1671882214,-21.2072314,-47.8415133
1671882218,-21.2054389,-47.8386808
1671882220,-21.2057853,-47.8453565
1671882222,-21.2067431,-47.8410183
1671882224,-21.2077732,-47.842437
1671882228,-21.2047162,-47.8469029
1671882233,-21.2067965,-47.8416309
1671882235,-21.2054442,-47.8477405
1671882843,-21.2033251,-47.840862
1671882846,-21.2067476,-47.8356456
1671882848,-21.2042701,-47.8413424
1671882850,-21.2022397,-47.8420553
1671882852,-21.2057074,-47.8380251
1671884124,-21.204002,-47.8412182
1671884126,-21.2056956,-47.8428339
1671884127,-21.2050612,-47.8433461
1671884128,-21.2059229,-47.841351
1671884130,-21.2031944,-47.8430566
1671884131,-21.2045756,-47.8414937
1671884132,-21.2040025,-47.8428142
1671884133,-21.2055202,-47.843551
1671884134,-21.2056307,-47.8420159
1671884135,-21.20535,-47.842682
1671884140,-21.2036637,-47.843541
1671884142,-21.2043003,-47.842155
1671887794,-21.2038495,-47.8339113
1671887796,-21.2034347,-47.8329048
1671887798,-21.2041468,-47.8332559
1671887806,-21.2040934,-47.8364236
1671887807,-21.1961932,-47.8389145
1671887808,-21.2035383,-47.8361631
1671887809,-21.2049433,-47.8344478
1671887813,-21.2029998,-47.8359038
1671887817,-21.1985454,-47.8337236
1671887819,-21.2026942,-47.8381673
1671887821,-21.1968533,-47.8354342
1671887827,-21.2017315,-47.8415485
1671887828,-21.2046425,-47.83669
1671887830,-21.2046914,-47.8335179
1671887832,-21.202281,-47.8355634
1671887834,-21.2004711,-47.8346799
1671887836,-21.1973079,-47.8330713
1671887838,-21.2052253,-47.8337827
1671887842,-21.2003592,-47.8346231
1671887846,-21.2021551,-47.8394629
1671887855,-21.2044027,-47.83417
1671887857,-21.2031428,-47.833567
1671889126,-21.2054945,-47.8346975
1671889127,-21.2076503,-47.8373702
1671889129,-21.2043434,-47.8373621
1671889131,-21.2061847,-47.8349956
1671889133,-21.2065701,-47.8360342
1671889134,-21.2070902,-47.8386866
1671889135,-21.2049255,-47.8360343
1671889136,-21.2052065,-47.835367
1671889144,-21.2059963,-47.8373557
1671889146,-21.2062846,-47.8366974
1671889147,-21.2057877,-47.8340442
1671889149,-21.2073698,-47.8380355
1671894003,-21.1999053,-47.8360161
1671894008,-21.2027033,-47.8365784
1671894009,-21.2019959,-47.8362269
1671894010,-21.1963122,-47.838899
1671894011,-21.2017033,-47.8389918
1671894013,-21.2017086,-47.8368946
1671894016,-21.2000615,-47.8352858
1671894018,-21.1988289,-47.8330727
1671894021,-21.2032866,-47.8352428
1671894025,-21.2032251,-47.8384497
1671894034,-21.1997772,-47.8359489
1671894035,-21.1942953,-47.8332537
1671894036,-21.2008466,-47.8388645
1671894037,-21.1971629,-47.8338249
1671894038,-21.1982716,-47.8343709
1671894040,-21.1978963,-47.8333746
1671894041,-21.1939134,-47.8341597
1671894043,-21.2026061,-47.8398841
1671894049,-21.2006342,-47.8339539
1671894063,-21.1931206,-47.8359737
1671894066,-21.202574,-47.8348897
1671894067,-21.1968813,-47.8344815
1671894071,-21.2007603,-47.8340095
1671894073,-21.2002934,-47.8401143
1671894074,-21.2010477,-47.8333515
1671894076,-21.1964207,-47.8342625
1671894079,-21.200189,-47.8353488
1671894082,-21.2028597,-47.8342402
1671894095,-21.2035705,-47.8345785
1671894097,-21.1979755,-47.8350137
1671894098,-21.1973085,-47.8346976
1671894099,-21.202145,-47.8379073
1671894101,-21.1975949,-47.8340344
1671894102,-21.1970214,-47.8345349
1671894103,-21.1923649,-47.8376994
1671898916,-21.1916274,-47.8374539
1671898918,-21.1916843,-47.837338
1671898922,-21.1886497,-47.8440313
1671898926,-21.1920378,-47.8365266
1671898931,-21.1945526,-47.83667
1671898936,-21.194225,-47.8354134
1671898939,-21.1938404,-47.8363255
1671898946,-21.1924334,-47.8356456
1671898950,-21.1899021,-47.8355151
1671898956,-21.1913203,-47.8381071
1671898959,-21.1961082,-47.8330207
1671898963,-21.1961289,-47.8385209
1671898968,-21.1927359,-47.8368664
1671898969,-21.1955847,-47.8382562
1671898971,-21.1953223,-47.8348347
1671898992,-21.1950011,-47.8335789
1671898997,-21.1957089,-47.8339326
1671899000,-21.1948699,-47.8379167
1671899003,-21.1891993,-47.8351627
1671899008,-21.1970875,-47.833487
1671899012,-21.194612,-47.8344945
1671899016,-21.1910172,-47.838746
1671899033,-21.1968143,-47.8333678
1671902100,-21.1892421,-47.8427006
1671902103,-21.1920335,-47.8441412
1671902108,-21.1864124,-47.841328
1671902110,-21.1935873,-47.8454506
1671902115,-21.1847479,-47.8407759
1671902120,-21.194119,-47.8459669
1671902122,-21.1906492,-47.8434207
1671909552,-21.1864427,-47.8421064
1671909555,-21.1930031,-47.8381446
1671909560,-21.1858948,-47.8430874
1671909564,-21.1909362,-47.84275
1671909566,-21.1918228,-47.8407785
1671909570,-21.187838,-47.8419664
1671909573,-21.1951354,-47.8469821
1671909577,-21.1856635,-47.8435848
1671909581,-21.1875305,-47.8426666
1671909601,-21.1912457,-47.8420916
1671909602,-21.1903434,-47.8441236
1671909607,-21.1866294,-47.8433154
1671909613,-21.1889328,-47.8433755
1671909618,-21.1881197,-47.8413295
1671909623,-21.1870186,-47.8423775
1671909628,-21.2033008,-47.8552027
1671909631,-21.1927159,-47.8388092
1671909635,-21.2017173,-47.8535592
1671909638,-21.1971382,-47.8490383
1671909641,-21.1859434,-47.8429447
1671909645,-21.2022157,-47.8541212
1671913419,-21.1902182,-47.8367261
1671913420,-21.1901152,-47.8407202
1671913422,-21.1890148,-47.83934
1671913423,-21.1893208,-47.8386781
1671913426,-21.1899236,-47.8373693
1671913427,-21.1887385,-47.8399928
1671913433,-21.1852391,-47.8433767
1671913434,-21.1855341,-47.8410367
1671913436,-21.1855173,-47.8427169
1671913438,-21.185466,-47.8428633
1671913439,-21.1859726,-47.8411821
1671916171,-21.2001818,-47.845469
1671916173,-21.1853234,-47.843729
1671916174,-21.194625,-47.8464723
1671916176,-21.1834628,-47.8413896
1671916178,-21.1976864,-47.8429644
1671916180,-21.1936215,-47.847653
1671916183,-21.2001122,-47.8401845
1671916184,-21.1988617,-47.8416558
1671916187,-21.1850564,-47.8426388
1671916191,-21.1956367,-47.8453125
1671916194,-21.1966458,-47.8441229
1671916196,-21.2002959,-47.845581
1671916198,-21.1833552,-47.8417349
1671917188,-21.2011292,-47.8411856
1671917189,-21.1996858,-47.8449712
1671917190,-21.201646,-47.8416943
1671917191,-21.1991873,-47.8444708
1671917192,-21.1956165,-47.8474958
1671917193,-21.1971645,-47.8446392
1671917194,-21.1956103,-47.8497033
1671917195,-21.1966331,-47.8463037
1671917197,-21.2021439,-47.8421845
1671917198,-21.1987014,-47.8439831
1671917199,-21.1976652,-47.8451374
1671917200,-21.198667,-47.8461389
1671917201,-21.1940798,-47.8481481
1671917202,-21.200837,-47.8436621
1671917203,-21.1981822,-47.843462
1671917204,-21.1961195,-47.8479759
1671917205,-21.1971281,-47.8468024
1671917206,-21.1950575,-47.8491307
1671917207,-21.2006233,-47.8406876
1671917208,-21.1976261,-47.847304
1671917209,-21.1966089,-47.84847
1671917671,-21.1987196,-47.8483892
1671917672,-21.1997519,-47.8472286
1671917673,-21.1966889,-47.8507181
1671917674,-21.2007886,-47.8460733
1671917675,-21.2003511,-47.8431565
1671917676,-21.1998466,-47.8426636
1671917677,-21.2019864,-47.8447484
1671917679,-21.2027447,-47.8439133
1671917680,-21.1977234,-47.8495652
1671917681,-21.1993347,-47.8421522
1671917682,-21.1962298,-47.8390421
1671917683,-21.2027843,-47.8455389
1671986261,-21.1997336,-47.8493945
1671986264,-21.2002609,-47.8477398
1671986266,-21.2035536,-47.8515194
1671986268,-21.1971533,-47.8523961
1671986273,-21.2028971,-47.8497288
1671986275,-21.199201,-47.8510546
1671986276,-21.2017755,-47.8470594
1671986277,-21.2027685,-47.8448903
1671986278,-21.2027768,-47.8557801
1671986279,-21.1997433,-47.8558918
1671986280,-21.2030438,-47.8497236
1671986281,-21.202288,-47.8475716
1671986283,-21.1976692,-47.8517374
1671986285,-21.2012556,-47.8487274
1671986287,-21.2029928,-47.8480504
1671986289,-21.2027288,-47.8535331
1671986292,-21.200243,-47.8498995
1671986295,-21.202457,-47.8452183
1671986298,-21.2030604,-47.8509958
1671986301,-21.199194,-47.8532343
1671986302,-21.2029501,-47.8457857
1671986303,-21.1981792,-47.8522421
1671986304,-21.1996911,-47.853726
1671986305,-21.2012784,-47.8465628
1671986306,-21.2007146,-47.8525644
1671986307,-21.1982057,-47.8500514
1671986308,-21.2017565,-47.8569492
1671986309,-21.2001927,-47.8542296
1671986310,-21.2027304,-47.8524215
1671986311,-21.2017091,-47.854697
1671986312,-21.2006784,-47.8547475
1671986319,-21.2025778,-47.8472508
1671986321,-21.2038193,-47.8546313
1671986324,-21.2022295,-47.8518936
1671986326,-21.2006859,-47.8558396
1671986328,-21.2028196,-47.8469875
1671986329,-21.1975678,-47.8529537
1671986330,-21.2028285,-47.8473526
1671986331,-21.2027905,-47.8457913
1671986332,-21.1987162,-47.850566
1671986334,-21.199237,-47.8489022
1671986335,-21.1988573,-47.8546761
1671986336,-21.2002105,-47.8520643
1671986337,-21.2012133,-47.8530592
1671986338,-21.1993148,-47.8552986
1671986339,-21.2062329,-47.847527
1671986340,-21.1984556,-47.8541381
1671986342,-21.2027945,-47.8459574
1671986344,-21.2017358,-47.8513984
1671990375,-21.1950679,-47.8527465
1671990379,-21.196579,-47.8548785
1671990389,-21.1951274,-47.8521718
1671990393,-21.1952322,-47.8526551
1671990395,-21.1967728,-47.8551731
1671990399,-21.1960419,-47.8540225
1671992605,-21.1957451,-47.8536354
1671992607,-21.1938203,-47.8510914
1671992609,-21.1949748,-47.8497454
1671992618,-21.1941104,-47.8514884
1671992619,-21.1964602,-47.8537025
1671992621,-21.1967575,-47.8540919
1671992625,-21.1970557,-47.8525052
1671992628,-21.1954425,-47.8532188
1671992630,-21.1973608,-47.8529165
1671992632,-21.1976681,-47.8533212
1671992634,-21.196746,-47.85209
1671993726,-21.193798,-47.8481721
1671993728,-21.1926699,-47.8494821
1671993736,-21.1935008,-47.847782
1671993737,-21.1935502,-47.8506569
1671993738,-21.192975,-47.8498576
1671993739,-21.1923598,-47.8490852
1671993740,-21.1946868,-47.8493575
1671993741,-21.1940949,-47.8485724
1671993742,-21.1932651,-47.8502439
1671995949,-21.1913036,-47.8450238
1671995952,-21.1901041,-47.8468431
1671995953,-21.1912569,-47.8457675
1671995954,-21.1904392,-47.8471971
1671995956,-21.1918196,-47.8485702
1671995958,-21.1928415,-47.8468624
1671995959,-21.1915295,-47.8461454
1671995963,-21.1911244,-47.8478731
1671995964,-21.1919384,-47.8463791
1671995966,-21.1907893,-47.8475458
1671995979,-21.1914545,-47.8482215
1671995981,-21.1923498,-47.8466175
1671995983,-21.1911819,-47.8451453
1671996552,-21.1904298,-47.8446567
1671997624,-21.190693,-47.8337071
1671997626,-21.1906243,-47.8358705
1671997627,-21.1910136,-47.8349601
1671997630,-21.1913173,-47.8362111
1671997633,-21.1909851,-47.8369871
1671997634,-21.1899671,-47.8333396
1671997637,-21.1935235,-47.8350748
1671997639,-21.1928152,-47.8347269
1671997649,-21.1920876,-47.8343814
1671997651,-21.1897179,-47.8332275
1671997652,-21.1902904,-47.8366237
1671997653,-21.1895974,-47.8362692
1671997654,-21.1949427,-47.8357552
1671997656,-21.1917943,-47.8331342
1671997657,-21.1913996,-47.8340461
1671997658,-21.1902913,-47.8345997
1671999113,-21.1915323,-47.8414394
1671999117,-21.1929362,-47.8421521
1671999120,-21.1941926,-47.8428018
1671999123,-21.1946764,-47.8431428
1672000820,-21.1719405,-47.8487139
1672010010,-21.1781368,-47.8332634
1672010011,-21.1748088,-47.8336582
1673066564,-21.2146118,-47.8353473
1673066566,-21.2149079,-47.8355378
1673066570,-21.215121,-47.8358352
1673066572,-21.2152449,-47.8359814
1680866357,-21.1647335,-47.8036739
1680866366,-21.1654113,-47.8027765
1680866368,-21.1654774,-47.8055871
1680866383,-21.1660798,-47.8048215
1680866384,-21.1662544,-47.8062449
1680866401,-21.1667478,-47.8039649
1680866405,-21.1675056,-47.8046333
1680866418,-21.1681587,-47.8037966
1680866420,-21.1679704,-47.8024212
1680866422,-21.1687262,-47.8030677
1680866424,-21.1688475,-47.8084249
1680866426,-21.1692355,-47.8024008
1680866429,-21.1690861,-47.8046507
1680866435,-21.1696266,-47.8090803
1680866437,-21.1696588,-47.8039169
1680866444,-21.170185,-47.8083156
1680866446,-21.1699125,-47.805407
1680866448,-21.1700178,-47.8068633
1680866455,-21.1701047,-47.8095031
1680866457,-21.1714441,-47.8081212
1680866458,-21.1704346,-47.805854
1680866465,-21.1706385,-47.8060352
1680866476,-21.1713953,-47.806728
1680995073,-21.1632847,-47.8100537
1680995078,-21.1647262,-47.8102344
1680995082,-21.164938,-47.8023616
1680995084,-21.1648384,-47.8100925
1680995093,-21.1657944,-47.8108564
1680995100,-21.1659311,-47.8086587
1680995108,-21.1665648,-47.8114988
1680995111,-21.1668523,-47.8054867
1680995113,-21.1668578,-47.8094503
1680995114,-21.1662779,-47.8102173
1680995125,-21.1670482,-47.8108519
1680995128,-21.1672081,-47.8070457
1680995135,-21.1676324,-47.8100821
1680995139,-21.1677912,-47.8063108
1680995140,-21.1680142,-47.8115537
1680995143,-21.1681102,-47.8078046
1680995145,-21.1685486,-47.8105822
1680995157,-21.1685686,-47.8119542
1680995159,-21.168673,-47.8070423
1680995161,-21.1691989,-47.8109597
1680995164,-21.169409,-47.8076737
1680995167,-21.1706632,-47.8087158
1680995168,-21.1724551,-47.8064209
1683678859,-21.1210896,-47.7823249
1683678864,-21.1211739,-47.7813458
1683678868,-21.1233343,-47.7841104
1683678870,-21.1234669,-47.7825557
1683678872,-21.1235559,-47.781586
1683678879,-21.1244076,-47.7832163
1683678882,-21.1244871,-47.7817441
1683678883,-21.1246443,-47.7826673
1683678884,-21.1244483,-47.7843065
1683678887,-21.1248242,-47.7834117
1683678902,-21.1249413,-47.7819791
1683678904,-21.1214215,-47.7784678
1683678905,-21.1252082,-47.7814088
1683678906,-21.1252755,-47.7847135
1683678907,-21.1253595,-47.7822084
1683678908,-21.1256594,-47.783799
1683678909,-21.1256485,-47.7794076
1683678910,-21.1256101,-47.780506
1683678911,-21.1256203,-47.7816183
1683678913,-21.1264874,-47.7842228
1683678914,-21.125989,-47.7795851
1683678915,-21.126031,-47.7807112
1683678916,-21.1261604,-47.7826686
1683678932,-21.1264321,-47.7797936
1683678936,-21.1269758,-47.7831283
1683678939,-21.1264829,-47.7820305
1683678943,-21.1268432,-47.781138
1683678944,-21.1272966,-47.7824495
1683678945,-21.1270739,-47.784504
1683678947,-21.1277946,-47.7835718
1683678948,-21.1272499,-47.7802039
1683678950,-21.1272959,-47.784598
1683678951,-21.1281135,-47.7828393
1683678952,-21.1276899,-47.7815482
1683678953,-21.1280895,-47.7806239
1683678960,-21.1282904,-47.7838964
1683678966,-21.1284928,-47.7819716
1683678970,-21.1285588,-47.7841264
1683678974,-21.1289259,-47.7809999
1683678975,-21.1287401,-47.7837183
1683678978,-21.1289445,-47.7832619
1683678981,-21.1293791,-47.7845345
1683678982,-21.1293493,-47.7823789
1683678983,-21.1293169,-47.783451
1683678985,-21.1302332,-47.7849615
1683678986,-21.1297716,-47.7836649
1683678987,-21.1297693,-47.7814362
1683678990,-21.1299916,-47.7831554
1683678992,-21.1306115,-47.7840719
1683678993,-21.1301499,-47.7827733
1683678994,-21.1304526,-47.7829213
1683678995,-21.1303238,-47.7816915
1683678997,-21.1307445,-47.7828265
1683678999,-21.1309979,-47.7831957
1684017428,-21.1605156,-47.8094067
1684023523,-21.1219129,-47.7839692
1684023525,-21.1220492,-47.7824227
1684023527,-21.1221211,-47.7814349
1684023529,-21.1222893,-47.7797283
1684023532,-21.1223571,-47.7789037
1684023535,-21.1224593,-47.777825
1684023538,-21.1237048,-47.779876
1684023540,-21.123732,-47.7795839
1684023563,-21.1246377,-47.7800364
1684023570,-21.125093,-47.7802616
1684053032,-21.1228454,-47.7840619
1684053034,-21.122994,-47.7825128
1684053036,-21.1240404,-47.7816192
1684053037,-21.1239403,-47.7825933
1684053038,-21.1241834,-47.7798226
1736016405,-21.2045699,-47.8406867
1805958794,-21.2630221,-47.8191633
1813779835,-21.2040671,-47.8100826
1823389543,-21.1518957,-47.7809991
1823389548,-21.1520534,-47.7811643
1823389550,-21.1521993,-47.7803891
1823389551,-21.1521865,-47.7812085
1823389555,-21.1524738,-47.7804798
1823389560,-21.1526125,-47.7808528
1823389566,-21.1570218,-47.7844853
1823389568,-21.1612374,-47.7878019
1823389569,-21.1624165,-47.8111521
1823389571,-21.1626914,-47.8108147
1823389578,-21.1653508,-47.8094232
1823389583,-21.1662323,-47.8137051
1823389587,-21.1669495,-47.8138267
1823389598,-21.1679934,-47.8128601
1823389607,-21.1694103,-47.8110731
1823389610,-21.1702932,-47.8096577
1823389612,-21.1708484,-47.8088785
1823389621,-21.1718573,-47.8071514
1823389623,-21.171957,-47.8059467
1823389628,-21.1732008,-47.8120973
1823389642,-21.1736648,-47.8049337
1823389646,-21.1742917,-47.8187849
1823389660,-21.1744643,-47.8177966
1823389683,-21.1747463,-47.8304333
1823389684,-21.1745919,-47.8174173
1823389690,-21.1748815,-47.8239853
1823389702,-21.1752166,-47.8166165
1823389705,-21.175374,-47.8139228
1823389730,-21.1763026,-47.8022226
1823389734,-21.1765122,-47.8149573
1823389738,-21.1765875,-47.8152719
1823389763,-21.1792336,-47.8009867
1823389767,-21.1814631,-47.8003603
1823389770,-21.1830505,-47.7996857
1823389788,-21.1864927,-47.7985323
1823389793,-21.1934405,-47.7999801
1823389794,-21.1936877,-47.7993719
1823389806,-21.1951012,-47.7966103
1823389810,-21.2062534,-47.7912632
1824719907,-21.1456538,-47.8332171
1824719911,-21.1465093,-47.831543
1824719914,-21.1467857,-47.8332334
1824719916,-21.1470217,-47.8319794
1824719918,-21.1474727,-47.8323779
1824719920,-21.1479056,-47.8327863
1824719921,-21.1479081,-47.8297547
1824719922,-21.14828,-47.8303975
1824719924,-21.148354,-47.8331754
1824719925,-21.1485625,-47.830993
1824719927,-21.1486828,-47.830162
1824719930,-21.1488406,-47.8335976
1824719931,-21.148923,-47.8315029
1824719933,-21.1489604,-47.8304153
1824719934,-21.1492629,-47.833964
1824719935,-21.1492443,-47.8279827
1824719936,-21.1493121,-47.831969
1824719938,-21.1497795,-47.8343889
1824719939,-21.1497671,-47.8324012
1824719940,-21.1498854,-47.8312592
1824719941,-21.1498985,-47.8271385
1824719943,-21.1501974,-47.8288339
1824719944,-21.1502226,-47.8328237
1824719946,-21.1504283,-47.8317545
1824719947,-21.1504828,-47.8263819
1824719948,-21.1507908,-47.8320894
1824719949,-21.1508589,-47.8279731
1824719950,-21.1509626,-47.8257825
1824719952,-21.1509891,-47.8322661
1824719955,-21.1511277,-47.8296627
1824719956,-21.1513526,-47.8252808
1824719957,-21.1514307,-47.8272326
1824719959,-21.1516045,-47.8328276
1824719960,-21.1517478,-47.8247616
1824719964,-21.1517823,-47.8288194
1824719965,-21.1517521,-47.8302116
1824719967,-21.1518985,-47.8266377
1824719972,-21.1521001,-47.8314082
1824719974,-21.1521582,-47.8291508
1824719977,-21.1522136,-47.8251741
1824719978,-21.1522722,-47.8319998
1824719979,-21.152297,-47.8261309
1824719980,-21.1523354,-47.8341804
1824719981,-21.1523593,-47.8280457
1824719985,-21.1527168,-47.8256067
1824719986,-21.1527943,-47.8284516
1824719987,-21.152789,-47.8347498
1824719988,-21.1528083,-47.8244115
1824719989,-21.1528231,-47.8274357
1824719991,-21.1529795,-47.8231917
1824719994,-21.1531742,-47.8260122
1824719996,-21.1531542,-47.8352754
1824719998,-21.1532073,-47.8269193
1824719999,-21.1531748,-47.8342698
1824720000,-21.1532675,-47.8248435
1824720002,-21.1532701,-47.828872
1824720004,-21.1533111,-47.8279011
1824720006,-21.1534089,-47.8317282
1824720007,-21.1534939,-47.8358663
1824720010,-21.153604,-47.8263829
1824720012,-21.153677,-47.8273303
1824720013,-21.1537153,-47.8282715
1824720014,-21.1537582,-47.8252762
1824720015,-21.1537624,-47.8221865
1824720016,-21.1537583,-47.836451
1824720017,-21.1539029,-47.8240104
1824720020,-21.1539305,-47.8322086
1824720021,-21.1540558,-47.8370832
1824720022,-21.1540454,-47.8267991
1824720023,-21.1541126,-47.8277356
1824720024,-21.1540889,-47.8350975
1824720025,-21.154158,-47.8296689
1824720026,-21.1541863,-47.8256172
1824720027,-21.1542437,-47.8215898
1824720028,-21.1542847,-47.82434
1824720029,-21.1544614,-47.8326944
1824720030,-21.1545048,-47.8272066
1824720031,-21.1545388,-47.8355213
1824720032,-21.154584,-47.8211575
1824720033,-21.1546805,-47.8301543
1824720034,-21.1546885,-47.8230046
1824720035,-21.154732,-47.8388401
1824720036,-21.1548363,-47.8247828
1824720037,-21.1549096,-47.8331044
1824720040,-21.154984,-47.8359257
1824720041,-21.155151,-47.8398851
1824720045,-21.1551433,-47.8263838
1824720046,-21.1551717,-47.822411
1824720047,-21.1551914,-47.8273229
1824720048,-21.1552169,-47.8306451
1824720051,-21.1553002,-47.8252172
1824720054,-21.1553869,-47.8404587
1824720056,-21.1554808,-47.8239691
1824720057,-21.1555165,-47.8199717
1824720058,-21.15552,-47.8219666
1824720059,-21.1555465,-47.8227367
1824720062,-21.1556106,-47.8267832
1824720065,-21.1557367,-47.8399686
1824720067,-21.1557257,-47.8311108
1824720068,-21.155748,-47.8256045
1824720069,-21.1558096,-47.8339377
1824720072,-21.1559412,-47.8244023
1824720073,-21.1560825,-47.8271866
1824720075,-21.1560993,-47.8231857
1824720077,-21.1561601,-47.8315107
1824720078,-21.1562367,-47.826032
1824720079,-21.1562653,-47.8287212
1824720080,-21.1562595,-47.8343521
1824720081,-21.1563495,-47.8248304
1824720083,-21.1563994,-47.8291751
1824720084,-21.1563749,-47.8247968
1824720086,-21.1564459,-47.8293566
1824720089,-21.1564332,-47.8207999
1824720090,-21.1564508,-47.8227412
1824720093,-21.1565578,-47.8236184
1824720094,-21.1566155,-47.8300189
1824720095,-21.1566462,-47.8301389
1824720096,-21.1566274,-47.8319362
1824720097,-21.1566593,-47.8282321
1824720098,-21.156676,-47.826429
1824720099,-21.1567461,-47.8183707
1824720100,-21.1567834,-47.8307439
1824720101,-21.1568334,-47.8252498
1824720103,-21.1568874,-47.8279384
1824720105,-21.1569882,-47.8314743
1824720106,-21.1569933,-47.8239999
1824720107,-21.1570348,-47.8294952
1824720109,-21.1570826,-47.8318428
1824720112,-21.1570676,-47.8277063
1824720113,-21.1570735,-47.828582
1824720114,-21.1570871,-47.832357
1824720115,-21.1570949,-47.8268075
1824720116,-21.1572339,-47.8324468
1824720117,-21.1572042,-47.8187769
1824720118,-21.1572575,-47.832526
1824720119,-21.1572938,-47.8256442
1824720120,-21.1573726,-47.8329755
1824720121,-21.1573961,-47.8330673
1824720123,-21.1573574,-47.8215779
1824720124,-21.1574722,-47.8289188
1824720125,-21.157489,-47.8271636
1824720126,-21.1576766,-47.823178
1824720128,-21.1576938,-47.8310103
1824720129,-21.1576662,-47.8191866
1824720130,-21.157868,-47.8284288
1824720131,-21.1579116,-47.8266194
1824720134,-21.1579453,-47.8248083
1824720135,-21.1580042,-47.8167469
1824720136,-21.1581276,-47.8313864
1824720137,-21.1581234,-47.8304118
1824720138,-21.1582839,-47.8278965
1824720139,-21.1582718,-47.8224356
1824720140,-21.1583174,-47.8260967
1824720141,-21.1583613,-47.8251537
1824720142,-21.1584156,-47.8162158
1824720143,-21.1584818,-47.817166
1824720144,-21.1585283,-47.8298777
1824720145,-21.158529,-47.831717
1824720148,-21.1585987,-47.8200162
1824720149,-21.1585729,-47.824
1824720151,-21.158729,-47.8273268
1824720152,-21.1587338,-47.8218649
1824720157,-21.1587789,-47.8255025
1824720158,-21.1588097,-47.8157072
1824720159,-21.1588648,-47.8313324
1824720160,-21.158903,-47.8293832
1824720162,-21.1589403,-47.8175679
1824720163,-21.1589975,-47.8329662
1824720164,-21.1589828,-47.8311972
1824720166,-21.1591362,-47.8267984
1824720167,-21.1591657,-47.8222323
1824720169,-21.159177,-47.8192057
1824720170,-21.1591971,-47.8309518
1824720172,-21.159203,-47.8249933
1824720173,-21.1591908,-47.8232401
1824720175,-21.1593786,-47.8325153
1824720176,-21.1593453,-47.8287994
1824720177,-21.1593638,-47.8170307
1824720180,-21.1594,-47.8179708
1824720181,-21.1593999,-47.8189421
1824720182,-21.1594617,-47.8306485
1824720184,-21.1595245,-47.820841
1824720186,-21.1595504,-47.8148194
1824720187,-21.1595612,-47.8235727
1824720189,-21.1595761,-47.8262204
1824720190,-21.1596,-47.8245134
1824720193,-21.1596552,-47.8321382
1824720194,-21.1596591,-47.8226521
1824720196,-21.1597259,-47.8328324
1824720198,-21.1597408,-47.8165568
1824720199,-21.1597423,-47.8314159
1824720200,-21.1597527,-47.8319758
1824720201,-21.1597674,-47.8282424
1824720203,-21.1597664,-47.8165216
1824720206,-21.1598753,-47.8153905
1824720208,-21.1598555,-47.8301986
1824720212,-21.1598406,-47.8183445
1824720215,-21.159929,-47.8223081
1824720216,-21.1599458,-47.8203044
1824720217,-21.1599655,-47.8212367
1824720218,-21.1599874,-47.8257084
1824720220,-21.1600307,-47.8314097
1824720221,-21.1599972,-47.8239856
1824720224,-21.1601424,-47.8323328
1824720225,-21.1601094,-47.824086
1824720227,-21.1601467,-47.8220309
1824720228,-21.1601571,-47.8277285
1824720229,-21.1601923,-47.815971
1824720231,-21.1602276,-47.8340808
1824720232,-21.1602946,-47.8178053
1824720233,-21.1603179,-47.8226558
1824720234,-21.16034,-47.8296457
1824720235,-21.1603427,-47.8197933
1824720237,-21.1604052,-47.8235401
1824720241,-21.160426,-47.8251618
1824720242,-21.1604363,-47.8216591
1824720243,-21.1604837,-47.8253781
1824720244,-21.1605511,-47.8318747
1824720245,-21.1605779,-47.833617
1824720246,-21.160561,-47.8307872
1824720250,-21.1606007,-47.8271432
1824720253,-21.1606585,-47.8260367
1824720254,-21.16069,-47.8173833
1824720256,-21.1607814,-47.822605
1824720257,-21.1607853,-47.8291398
1824720258,-21.1607923,-47.8230801
1824720260,-21.1608074,-47.8192043
1824720262,-21.160831,-47.8239084
1824720263,-21.1608583,-47.82679
1824720264,-21.1608699,-47.8211093
1824720265,-21.1609806,-47.8330839
1824720267,-21.1609337,-47.824801
1824720268,-21.1609682,-47.8248305
1824720269,-21.1610372,-47.8274642
1824720270,-21.1610804,-47.8312453
1824720271,-21.1610674,-47.8208577
1824720274,-21.161144,-47.8168205
1824720275,-21.1612149,-47.826336
1824720276,-21.1612065,-47.8281024
1824720277,-21.1612326,-47.823456
1824720278,-21.1612336,-47.8286306
1824720279,-21.1613453,-47.832601
1824720280,-21.1613234,-47.8285304
1824720282,-21.1613423,-47.8243506
1824720284,-21.1613545,-47.8251668
1824720285,-21.1613302,-47.8224706
1824720286,-21.1613877,-47.8211369
1824720287,-21.161444,-47.8277846
1824720289,-21.1615572,-47.8294241
1824720290,-21.1615996,-47.8295839
1824720292,-21.1616109,-47.8221277
1824720296,-21.1616219,-47.8230175
1824720297,-21.1616527,-47.8353381
1824720299,-21.1617369,-47.820005
1824720301,-21.1617343,-47.8246897
1824720303,-21.1618027,-47.825554
1824720305,-21.1617816,-47.8214916
1824720307,-21.1618081,-47.8303696
1824720313,-21.1619222,-47.8289576
1824720315,-21.161977,-47.8216651
1824720319,-21.162028,-47.8270005
1824720321,-21.1620258,-47.8348548
1824720323,-21.1620578,-47.8202857
1824720325,-21.162062,-47.8225219
1824720326,-21.1620634,-47.8176166
1824720327,-21.1621038,-47.8241867
1824720329,-21.1621183,-47.8315776
1824720336,-21.1621684,-47.8250651
1824720338,-21.162184,-47.8299267
1824720340,-21.1621978,-47.8204081
1824720346,-21.1622817,-47.8284787
1824720350,-21.1623799,-47.8247824
1824720352,-21.1623782,-47.8191876
1824720354,-21.1624262,-47.8220515
1824720356,-21.1624538,-47.8237103
1824720360,-21.1624973,-47.82067
1824720363,-21.1625192,-47.8294602
1824720365,-21.1626212,-47.8280207
1824720367,-21.1626011,-47.826225
1824720369,-21.1626488,-47.8208025
1824720372,-21.1628263,-47.8224068
1824720379,-21.1628324,-47.823195
1824720381,-21.1628589,-47.8277008
1824720383,-21.1628503,-47.8196067
1824720385,-21.1628639,-47.8289853
1824720389,-21.1628952,-47.830549
1824720391,-21.1629639,-47.8240121
1824720394,-21.1629777,-47.8275453
1824720396,-21.1629938,-47.8184201
1824720398,-21.1630309,-47.8203394
1824720400,-21.1630962,-47.8211938
1824720402,-21.1631742,-47.8254456
1824720404,-21.163206,-47.8191685
1824720406,-21.163223,-47.8285069
1824720409,-21.1632458,-47.8300849
1824720410,-21.1632801,-47.8235923
1824720411,-21.1633297,-47.8235309
1824720412,-21.1632898,-47.820002
1824720414,-21.1633293,-47.8270677
1824720424,-21.1634379,-47.8269204
1824720426,-21.1634939,-47.8207383
1824720428,-21.1635035,-47.82155
1824720433,-21.1635749,-47.8280582
1824720435,-21.1635979,-47.8296182
1824720437,-21.1636354,-47.8231216
1824720441,-21.1636835,-47.8265871
1824720443,-21.1637129,-47.8230237
1824720445,-21.1637471,-47.8246607
1824720449,-21.1637212,-47.8173214
1824720451,-21.1638629,-47.820286
1824720452,-21.1639299,-47.821113
1824720454,-21.1639165,-47.8192229
1824720462,-21.163933,-47.8275842
1824720464,-21.1639828,-47.8219692
1824720468,-21.1639664,-47.8291307
1824720472,-21.1640063,-47.8261492
1824720477,-21.1641046,-47.8241804
1824720479,-21.1641261,-47.8170814
1824720481,-21.1643076,-47.8222533
1824720483,-21.1643037,-47.8286841
1824720485,-21.1643292,-47.8271472
1824720491,-21.1644182,-47.8185914
1824720494,-21.1643971,-47.8195984
1824720503,-21.1644829,-47.8236658
1824720505,-21.1645153,-47.819092
1824720507,-21.1645544,-47.818413
1824720512,-21.1645512,-47.8224703
1824720516,-21.1645785,-47.8253696
1824720522,-21.16465,-47.8234799
1824720524,-21.1646628,-47.8282087
1824720528,-21.1647022,-47.8190756
1824720530,-21.1647968,-47.8266105
1824720544,-21.1651018,-47.8246593
1824720548,-21.1654423,-47.8271767
1824720550,-21.1654779,-47.8256811
1824720561,-21.1658357,-47.8267775
1824720563,-21.1660165,-47.8266516
1824720569,-21.1667786,-47.8300392
1824720571,-21.1669223,-47.8298506
1824746432,-21.1620163,-47.8167164
1824746435,-21.1626272,-47.8170376
1824746439,-21.1628897,-47.8170042
1824746449,-21.1629951,-47.8172449
1824746451,-21.1631135,-47.8168591
1824746453,-21.1634099,-47.8172153
1824746464,-21.164383,-47.8169828
1824746467,-21.1644185,-47.8351853
1824746470,-21.1645798,-47.8176455
1824746471,-21.1646257,-47.8205262
1824746472,-21.1645906,-47.8197297
1824746473,-21.1645863,-47.8329201
1824746474,-21.1647042,-47.8217443
1824746476,-21.1647792,-47.8198862
1824746477,-21.1647551,-47.821666
1824746478,-21.164792,-47.823287
1824746479,-21.1649399,-47.8179537
1824746480,-21.16492,-47.8230813
1824746481,-21.1649947,-47.8323795
1824746482,-21.165083,-47.8169798
1824746483,-21.1651493,-47.8194126
1824746485,-21.1652874,-47.8169378
1824746486,-21.1652485,-47.8175659
1824746487,-21.1652236,-47.8166665
1824746488,-21.1652115,-47.8210416
1824746489,-21.1652326,-47.8244802
1824746491,-21.1652831,-47.8182648
1824746493,-21.1653294,-47.8208857
1824746495,-21.1655247,-47.8172081
1824746497,-21.1654941,-47.8223151
1824746498,-21.1655198,-47.8337199
1824746499,-21.1655627,-47.8166055
1824746500,-21.1655621,-47.8205781
1824746502,-21.1656028,-47.8255086
1824746503,-21.1657082,-47.8186331
1824746504,-21.1657228,-47.8237936
1824746505,-21.1657337,-47.8313902
1824746509,-21.1658343,-47.8251757
1824746512,-21.1659409,-47.8201076
1824746515,-21.1660028,-47.8162678
1824746516,-21.1660064,-47.8182333
1824746518,-21.1661582,-47.815542
1824746519,-21.1660834,-47.8215215
1824746528,-21.1662369,-47.8165316
1824746529,-21.1663034,-47.8277272
1824746530,-21.1662887,-47.8161384
1824746532,-21.1662975,-47.8178526
1824746534,-21.1663041,-47.8230145
1824746535,-21.1663544,-47.8166763
1824746536,-21.1663684,-47.8256237
1824746538,-21.1664171,-47.8243954
1824746539,-21.1664336,-47.828231
1824746540,-21.1665339,-47.8193246
1824746543,-21.1665701,-47.8257947
1824746544,-21.1666536,-47.820741
1824746546,-21.16669,-47.8272051
1824746547,-21.1666837,-47.8155693
1824746548,-21.16667,-47.8321842
1824746551,-21.1668376,-47.8285786
1824746552,-21.1668548,-47.817107
1824746553,-21.1668605,-47.8247839
1824746554,-21.1668877,-47.8222376
1824746557,-21.1669915,-47.8236053
1824746559,-21.1670841,-47.8249691
1824746560,-21.167103,-47.8185746
1824746562,-21.1671313,-47.8325831
1824746563,-21.1672517,-47.8263913
1824746564,-21.1672371,-47.8199705
1824746565,-21.1672206,-47.8151524
1824746566,-21.1673254,-47.8149032
1824746567,-21.1674043,-47.8277986
1824746568,-21.1674436,-47.8163339
1824746569,-21.1674466,-47.8291059
1824746570,-21.1674697,-47.8214653
1824746571,-21.1674881,-47.8152924
1824746572,-21.1675644,-47.8228263
1824746573,-21.1676128,-47.8304474
1824746574,-21.1675908,-47.8329804
1824746575,-21.1676546,-47.8178019
1824746577,-21.1677002,-47.8242144
1824746578,-21.1677159,-47.8308359
1824746580,-21.1678077,-47.819217
1824746582,-21.1678258,-47.8256139
1824746583,-21.167957,-47.8307572
1824746584,-21.167862,-47.8332149
1824746585,-21.167935,-47.8156914
1824746587,-21.1679719,-47.8270253
1824746589,-21.1680365,-47.8155584
1824746590,-21.1680402,-47.8206845
1824746591,-21.1680312,-47.8283509
1824746592,-21.1681455,-47.8220504
1824746593,-21.1681586,-47.8297207
1824746594,-21.1682391,-47.8170161
1824746595,-21.1682668,-47.8234436
1824746596,-21.1683289,-47.8310922
1824746597,-21.168391,-47.8184466
1824746598,-21.1684019,-47.8248284
1824746600,-21.1684198,-47.8324516
1824746602,-21.1685471,-47.8262277
1824746603,-21.1685836,-47.8199102
1824746605,-21.1686225,-47.8275924
1824746606,-21.1686612,-47.8147414
1824746607,-21.1687056,-47.821252
1824746609,-21.1687435,-47.828958
1824746610,-21.1687631,-47.8314628
1824746613,-21.1688524,-47.8226621
1824746614,-21.1688336,-47.8162379
1824746615,-21.1688728,-47.830359
1824746616,-21.168981,-47.824047
1824746617,-21.1689916,-47.8176444
1824746618,-21.1690095,-47.8316754
1824746619,-21.1691145,-47.8254346
1824746620,-21.1691509,-47.8330698
1824746621,-21.1691722,-47.8191279
1824746623,-21.1692167,-47.826809
1824746624,-21.1692313,-47.8139842
1824746625,-21.1692697,-47.8205167
1824746628,-21.1693339,-47.8281961
1824746629,-21.1694205,-47.8218619
1824746630,-21.1694587,-47.829573
1824746631,-21.1694287,-47.8154454
1824746632,-21.1695524,-47.82327
1824746633,-21.1695599,-47.8168736
1824746634,-21.169564,-47.8309505
1824746635,-21.1696854,-47.8246602
1824746636,-21.1697311,-47.8323048
1824746639,-21.1697852,-47.8183076
1824746640,-21.1698132,-47.8260442
1824746641,-21.1698494,-47.8197186
1824746643,-21.169931,-47.8274093
1824746644,-21.1699668,-47.8211337
1824746645,-21.1700026,-47.8146878
1824746646,-21.1700336,-47.8288092
1824746647,-21.1701463,-47.8301748
1824746648,-21.1701581,-47.8160772
1824746650,-21.1702629,-47.8238884
1824746653,-21.170292,-47.8315686
1824746654,-21.1703387,-47.8175519
1824746655,-21.170386,-47.8252829
1824746656,-21.1704434,-47.8329173
1824746658,-21.1704737,-47.8188885
1824746659,-21.1705265,-47.8266476
1824746661,-21.1705631,-47.8203409
1824746662,-21.1706098,-47.8139324
1824746663,-21.1706442,-47.8280217
1824746664,-21.1706768,-47.8217573
1824746667,-21.1707451,-47.8294208
1824746668,-21.1708542,-47.8230844
1824746669,-21.1708648,-47.8308015
1824746670,-21.1709044,-47.8167681
1824746671,-21.170966,-47.8244952
1824746672,-21.1709925,-47.8321769
1824746673,-21.1709849,-47.8283138
1824746674,-21.171029,-47.8181622
1824746675,-21.1710894,-47.8258986
1824746676,-21.1710992,-47.8297359
1824746677,-21.1712012,-47.8194933
1824746678,-21.1712184,-47.8272529
1824746679,-21.1712867,-47.820972
1824746680,-21.1712952,-47.8317692
1824746681,-21.1712941,-47.8145768
1824746682,-21.1713507,-47.8286274
1824746683,-21.1713786,-47.8223795
1824746684,-21.1714561,-47.8160229
1824746685,-21.1714539,-47.830049
1824746688,-21.1715697,-47.8236936
1824746689,-21.1715635,-47.8275448
1824746691,-21.1715835,-47.8174099
1824746692,-21.171677,-47.8251191
1824746693,-21.1716905,-47.8140393
1824746694,-21.1717126,-47.8289413
1824746695,-21.1717324,-47.8187759
1824746696,-21.1718218,-47.8123432
1824746697,-21.1717854,-47.8265181
1824746700,-21.1719218,-47.820098
1824746701,-21.1719394,-47.8278629
1824746704,-21.171979,-47.8215636
1824746710,-21.1720328,-47.8152579
1824746714,-21.1720699,-47.8292511
1824746720,-21.1720865,-47.8267623
1824746722,-21.1720921,-47.8230148
1824746725,-21.1721564,-47.816646
1824746727,-21.1721601,-47.8306464
1824746729,-21.1722685,-47.8320259
1824746731,-21.1722758,-47.8180328
1824746732,-21.1722823,-47.8281781
1824746733,-21.1722842,-47.8243233
1824746734,-21.1723822,-47.8257329
1824746735,-21.172443,-47.8193905
1824746736,-21.1724504,-47.8146694
1824746739,-21.173339,-47.813525
1824746740,-21.1725054,-47.8271129
1824746745,-21.1726162,-47.8206858
1824746746,-21.1726358,-47.8285032
1824746747,-21.1726783,-47.8253433
1824746748,-21.1726744,-47.8259843
1824746749,-21.1727097,-47.8221822
1824746750,-21.1727212,-47.8158862
1824746751,-21.1728049,-47.8236342
1824746753,-21.1728351,-47.8172848
1824746754,-21.1728686,-47.8312735
1824746756,-21.1729836,-47.8186925
1824746757,-21.1729839,-47.8249495
1824746758,-21.1729832,-47.8326461
1824746759,-21.1730947,-47.8263459
1824746760,-21.1731229,-47.8199937
1824746761,-21.1731244,-47.8232163
1824746762,-21.1731745,-47.8152713
1824746763,-21.1732135,-47.8277356
1824746764,-21.1733313,-47.8291387
1824746766,-21.1733583,-47.8213349
1824746767,-21.173398,-47.8259547
1824746768,-21.1734102,-47.816527
1824746769,-21.1734261,-47.8228193
1824746770,-21.1734418,-47.8305172
1824746771,-21.1735401,-47.8179136
1824746772,-21.1735231,-47.8242341
1824746775,-21.1736301,-47.8192587
1824746776,-21.173562,-47.8318933
1824746777,-21.1736818,-47.8332651
1824746778,-21.1736929,-47.8255652
1824746781,-21.1738029,-47.8269606
1824746783,-21.1738633,-47.8206533
1824746784,-21.1738863,-47.8158704
1824746786,-21.173951,-47.8283736
1824746787,-21.1740273,-47.8297633
1824746790,-21.1740929,-47.8219473
1824746793,-21.1742118,-47.8172862
1824746795,-21.1741308,-47.8234358
1824746801,-21.1742708,-47.8248017
1824746802,-21.1741456,-47.8311343
1824746803,-21.1742749,-47.8325161
1824746804,-21.1743538,-47.8198929
1824746805,-21.1743855,-47.8338889
1824746806,-21.1743753,-47.8199989
1824746807,-21.1744029,-47.8261709
1824746808,-21.1745508,-47.827621
1824746811,-21.1746284,-47.8289833
1824746812,-21.174637,-47.8213302
1824746813,-21.1747272,-47.8319861
1824746814,-21.1747351,-47.8316388
1824746816,-21.1748125,-47.8278478
1824746817,-21.1748181,-47.8273008
1824746819,-21.1748308,-47.8265112
1824746820,-21.1748583,-47.8256541
1824746821,-21.1748609,-47.8253024
1824746822,-21.1748235,-47.8224632
1824746823,-21.1748514,-47.8226027
1824760967,-21.1743984,-47.8184655
1824760970,-21.1745389,-47.8202082
1824760972,-21.1747232,-47.8211944
1824760973,-21.1747868,-47.8215559
1824760975,-21.1749702,-47.8260666
1824760976,-21.174957,-47.8225861
1824760977,-21.1749707,-47.8254529
1824760978,-21.1749939,-47.8239799
1824760980,-21.1755286,-47.8205273
1824760981,-21.1755513,-47.8193419
1824760982,-21.1755968,-47.8204639
1824760985,-21.175719,-47.8214463
1824760987,-21.1758925,-47.8263296
1824760989,-21.1758974,-47.8260807
1824760990,-21.1759028,-47.8254666
1824760991,-21.1759207,-47.8239373
1824760992,-21.1759287,-47.822513
1824760995,-21.1760891,-47.8200299
1824760996,-21.1761259,-47.8210814
1824760999,-21.1761864,-47.8224895
1824761005,-21.1763765,-47.8238928
1824761007,-21.1764481,-47.8247857
1824761010,-21.1765711,-47.8206199
1824761015,-21.177285,-47.8237943
1824934423,-21.1752025,-47.8185808
1824934429,-21.1766768,-47.820755
1824934430,-21.1767167,-47.8224866
1824934440,-21.1769201,-47.8229282
1824934444,-21.1774835,-47.8214071
1824934447,-21.1775502,-47.8223236
1824934449,-21.177597,-47.8231507
1824934458,-21.1778747,-47.8179394
1824934464,-21.1779896,-47.8221264
1824934465,-21.1779753,-47.8177071
1824934467,-21.1781222,-47.8235958
1824934469,-21.1780571,-47.8249138
1824934472,-21.1781074,-47.8171533
1824934478,-21.1782099,-47.8166692
1824934482,-21.1783081,-47.8223447
1824934487,-21.1783781,-47.82355
1824934489,-21.178392,-47.8224549
1824934490,-21.1784265,-47.8235343
1824934494,-21.1785815,-47.81691
1824934496,-21.178658,-47.8232117
1824934497,-21.1786857,-47.8230491
1824934504,-21.1790191,-47.8318535
1824934506,-21.1791391,-47.8311461
1824934508,-21.1791695,-47.8309447
1824934509,-21.1791869,-47.8245903
1824934513,-21.1793559,-47.8243929
1824934516,-21.1793901,-47.8299644
1824934517,-21.1794565,-47.8310958
1824934523,-21.1796414,-47.8289946
1824934527,-21.1797933,-47.8268556
1824934529,-21.1797554,-47.8283397
1824934531,-21.1797611,-47.8234905
1824934532,-21.1797824,-47.8279448
1824934533,-21.1798058,-47.8257337
1824934534,-21.1798078,-47.8270229
1824934536,-21.17985,-47.8302069
1824934538,-21.1798999,-47.832275
1824934541,-21.1802044,-47.8248489
1824934543,-21.1802245,-47.8270716
1824934544,-21.1802016,-47.8316439
1824934545,-21.1801491,-47.8225297
1824934547,-21.1802594,-47.8315095
1824934549,-21.1805231,-47.8287338
1824934560,-21.1806152,-47.8239547
1824934562,-21.180631,-47.826163
1824934563,-21.1806522,-47.8283958
1824934566,-21.1806538,-47.8306241
1824934569,-21.1810162,-47.8230544
1824934570,-21.1810479,-47.8320763
1824934571,-21.1810417,-47.8252815
1824934572,-21.1810587,-47.8275145
1824934574,-21.1810585,-47.8297289
1824934575,-21.1811145,-47.8319346
1824934577,-21.1812231,-47.8225694
1824934579,-21.1814497,-47.8243914
1824934580,-21.1814773,-47.8266082
1824934585,-21.1814698,-47.8288192
1824934587,-21.1814961,-47.8310635
1824934591,-21.1818837,-47.8257182
1824934593,-21.1818602,-47.8234811
1824934595,-21.1818683,-47.8279376
1824934599,-21.1819017,-47.8301651
1824934615,-21.1822513,-47.8226073
1824934618,-21.1822545,-47.8225148
1824934620,-21.1822883,-47.8248336
1824934622,-21.1822797,-47.8270276
1824934625,-21.1823107,-47.829259
1824934626,-21.1823237,-47.8314949
1824934630,-21.1826886,-47.823925
1824934632,-21.182684,-47.8261477
1824934634,-21.1827086,-47.8283775
1824934636,-21.1827327,-47.8305948
1824934638,-21.1827934,-47.8327823
1824934640,-21.18298,-47.8263069
1824934645,-21.1830906,-47.8230328
1824934647,-21.1830845,-47.8252475
1824934659,-21.1831188,-47.8274687
1824934661,-21.183142,-47.8296939
1824934662,-21.1831707,-47.8319355
1824934665,-21.1832903,-47.8225883
1824934667,-21.183386,-47.8254054
1824934668,-21.1834941,-47.8243414
1824934669,-21.1835144,-47.8265914
1824934670,-21.1835417,-47.8288139
1824934672,-21.1835756,-47.8310358
1824934673,-21.183899,-47.8234456
1824934674,-21.1839232,-47.8256868
1824934676,-21.1839535,-47.8279075
1824934677,-21.1839818,-47.8301332
1824934680,-21.1840065,-47.8323277
1824934681,-21.1841939,-47.8228029
1824934683,-21.1843344,-47.8247758
1824934684,-21.1843478,-47.8270395
1824934685,-21.1843783,-47.8292521
1824934686,-21.184398,-47.8314662
1824934687,-21.1844592,-47.833631
1824934688,-21.1847346,-47.8238892
1824934690,-21.1847692,-47.8261301
1824934691,-21.1847864,-47.8283453
1824934692,-21.1848067,-47.8305648
1824934693,-21.1848633,-47.8327627
1824934697,-21.1851224,-47.82303
1824934698,-21.1851732,-47.8252227
1824934699,-21.1851794,-47.8274719
1824934700,-21.1852055,-47.8296854
1824934701,-21.1852558,-47.831915
1824934705,-21.1855769,-47.8243342
1824934706,-21.1855898,-47.82656
1824934707,-21.1856155,-47.8287812
1824934708,-21.1856537,-47.8310191
1824934709,-21.1857475,-47.8321757
1824934710,-21.1859935,-47.8256628
1824934711,-21.1860126,-47.8279052
1824934712,-21.1860572,-47.8301314
1824934713,-21.1860679,-47.8315102
1824934714,-21.1860807,-47.8232784
1824934717,-21.1861715,-47.8312841
1824934718,-21.1862633,-47.831081
1824934721,-21.1863654,-47.8325042
1824934722,-21.1863969,-47.8247665
1824934723,-21.1864244,-47.8269972
1824934725,-21.1864635,-47.829227
1824934727,-21.1865695,-47.8304086
1824934729,-21.1866763,-47.8318313
1824934731,-21.1867596,-47.8316629
1824934735,-21.1868261,-47.8261112
1824934736,-21.1868155,-47.8315522
1824934737,-21.1868594,-47.8283456
1824934738,-21.1868711,-47.8327829
1824934739,-21.1868735,-47.8305631
1824934740,-21.1868813,-47.8314067
1824934742,-21.186976,-47.8234796
1824934744,-21.1871992,-47.830736
1824934745,-21.1872326,-47.8252147
1824934746,-21.1872592,-47.8319246
1824934747,-21.187267,-47.8274385
1824934749,-21.1872858,-47.8296773
1824934750,-21.1873068,-47.8318201
1824934753,-21.187683,-47.8276646
1824934754,-21.1876683,-47.8265453
1824934755,-21.1876943,-47.8310125
1824934756,-21.1877031,-47.8287845
1824934758,-21.1878238,-47.831078
1824934759,-21.1879054,-47.823699
1824934760,-21.1880658,-47.8256642
1824934761,-21.1881041,-47.8301114
1824934762,-21.1881069,-47.8279021
1824934763,-21.1881189,-47.8289968
1824934765,-21.1882371,-47.8301789
1824934766,-21.188286,-47.8257736
1824934770,-21.1884974,-47.8247653
1824934771,-21.1885196,-47.8292089
1824934772,-21.188518,-47.8281192
1824934774,-21.1885268,-47.8270017
1824934777,-21.1886415,-47.8315254
1824934778,-21.1886417,-47.8292855
1824934781,-21.1888896,-47.8239323
1824934783,-21.1889194,-47.8283255
1824934786,-21.1889471,-47.8261212
1824934787,-21.1890594,-47.830629
1824934789,-21.1890608,-47.8283957
1824934793,-21.1891944,-47.8262458
1824934795,-21.1892941,-47.825877
1824934799,-21.1893559,-47.8274319
1824934802,-21.1894405,-47.8319448
1824934803,-21.1894791,-47.8297353
1824934804,-21.1894697,-47.8274912
1824934807,-21.1898559,-47.8310554
1824934808,-21.1897615,-47.8265583
1824934810,-21.1898292,-47.8260195
1824934811,-21.1899034,-47.8288425
1824934812,-21.1898848,-47.8266267
1824934818,-21.1902778,-47.8301629
1824934819,-21.1902569,-47.8262488
1824934820,-21.190323,-47.8279456
1824934825,-21.1903624,-47.832415
1824934827,-21.1904494,-47.8269309
1824934834,-21.1906846,-47.8292595
1824934835,-21.1907199,-47.827072
1824934837,-21.1907311,-47.8266585
1824934839,-21.1907638,-47.8315321
1824934841,-21.1910842,-47.8327946
1824934844,-21.1911016,-47.8283656
1824934845,-21.191151,-47.830625
1824934848,-21.1914837,-47.8318765
1824934850,-21.191515,-47.8274885
1824934851,-21.1915621,-47.8245517
1824934852,-21.191533,-47.8297072
1824934855,-21.1918594,-47.8309718
1824934856,-21.1919238,-47.8287953
1824934859,-21.1921794,-47.8322205
1824934860,-21.1922422,-47.830055
1824934861,-21.1923168,-47.8278829
1824934863,-21.1924983,-47.8334734
1824934864,-21.1925649,-47.8313106
1824934865,-21.1926313,-47.8291413
1824934868,-21.1928786,-47.8325712
1824934869,-21.192945,-47.8303938
1824934870,-21.1930217,-47.8282241
1824934874,-21.193273,-47.831656
1824934877,-21.1933357,-47.829482
1824934878,-21.1935883,-47.8329088
1824934880,-21.1936552,-47.8307386
1824934883,-21.1937303,-47.8285764
1824934886,-21.1939831,-47.8319905
1824934887,-21.1940446,-47.829823
1824934889,-21.1941038,-47.8276965
1824934892,-21.1943695,-47.8310887
1824934893,-21.1944294,-47.8289181
1824934897,-21.1946867,-47.8323333
1824934898,-21.1947054,-47.822565
1824934900,-21.19475,-47.8301726
1824934901,-21.1948009,-47.8280295
1824934904,-21.1950748,-47.8314218
1824934906,-21.1951391,-47.8292612
1824934907,-21.1952078,-47.8227322
1824934908,-21.1953994,-47.8326708
1824934909,-21.195462,-47.8305072
1824934911,-21.1955013,-47.8283728
1824934912,-21.1957827,-47.8317616
1824934913,-21.1958485,-47.8295933
1824934916,-21.1961526,-47.8308917
1824934917,-21.1962203,-47.8287209
1824934919,-21.1963772,-47.8298514
1824934920,-21.1964908,-47.8321043
1824934921,-21.1968158,-47.8313053
1824934922,-21.1971915,-47.8324555
1824934924,-21.1972762,-47.8324783
1824934925,-21.1974465,-47.8324179
1824934927,-21.1974899,-47.8314699
1824934929,-21.1975888,-47.8316696
1824934932,-21.1980825,-47.8310845
1824934933,-21.1981644,-47.8327348
1824934936,-21.1984506,-47.8320665
1824934937,-21.1987343,-47.831404
1824934939,-21.1990089,-47.8307362
1824934940,-21.199109,-47.8323947
1824934941,-21.1992401,-47.8301532
1824934942,-21.1993165,-47.8300917
1824934944,-21.1993995,-47.8317241
1824934947,-21.1996838,-47.8310678
1824934948,-21.1999171,-47.8279569
1824934949,-21.1999432,-47.8295876
1824934950,-21.1999695,-47.8304082
1824934952,-21.2002612,-47.8297346
1824934954,-21.200334,-47.8285682
1824934955,-21.2004889,-47.8289751
1824934956,-21.2005046,-47.8291727
1824934957,-21.2005937,-47.8289534
1824934958,-21.2005842,-47.8291326
1824934959,-21.2006159,-47.8272039
1824934960,-21.2007881,-47.8290331
1824934962,-21.2008712,-47.8273144
1824934963,-21.2009148,-47.8332958
1824934965,-21.2012033,-47.8326182
1824934966,-21.2005058,-47.8255909
1824934967,-21.2013097,-47.8264563
1824934968,-21.2013243,-47.8326883
1824934969,-21.2013348,-47.8293064
1824934970,-21.2014929,-47.8273812
1824934971,-21.2014973,-47.8319564
1824934972,-21.20162,-47.8320178
1824934975,-21.2017904,-47.8313003
1824934977,-21.201876,-47.829572
1824934978,-21.2019081,-47.8313557
1824934980,-21.2020836,-47.8306093
1824934981,-21.2021576,-47.827421
1824934982,-21.2021932,-47.8306982
1824934983,-21.202213,-47.8274243
1824934985,-21.20235,-47.829966
1824934986,-21.202404,-47.8298389
1824934988,-21.2024722,-47.8300338
1824934990,-21.2026034,-47.8278428
1824934991,-21.203065,-47.8283332
1824934998,-21.2034873,-47.8271858
1824935001,-21.2037353,-47.8273232
1824935003,-21.2039971,-47.8315771
1824935006,-21.204971,-47.8328426
1824935009,-21.2050435,-47.8319854
1824940783,-21.1782077,-47.8205128
1824940792,-21.1790079,-47.8208582
1824940801,-21.1798519,-47.8194145
1824940807,-21.1802074,-47.8213873
1824940809,-21.180161,-47.8224303
1824940812,-21.1801881,-47.822031
1824940839,-21.1808339,-47.8207914
1824940847,-21.1812284,-47.8224826
1824940852,-21.1812423,-47.822066
1824940859,-21.1812467,-47.8214541
1824940862,-21.1812772,-47.8208247
1824940865,-21.181316,-47.8200767
1824940877,-21.1822636,-47.8221181
1824940880,-21.1822855,-47.821498
1824940884,-21.1823437,-47.820081
1824940886,-21.1823125,-47.8208873
1824940890,-21.1826528,-47.8221346
1824940897,-21.1829043,-47.8215256
1824940901,-21.1831608,-47.8209125
1824940922,-21.1837646,-47.8226972
1824940928,-21.184245,-47.8205682
1824940942,-21.1846139,-47.8208482
1824940952,-21.1852133,-47.8226256
1824940958,-21.1855364,-47.8213003
1824940965,-21.1861742,-47.8228869
1824940975,-21.1880194,-47.8233187
1825558977,-21.1964201,-47.8750855
1825559110,-21.1987939,-47.8782831
1826539464,-21.120652,-47.776897
1826539473,-21.1413871,-47.7830895
1827531451,-21.1701466,-47.8114568
1827531453,-21.1708283,-47.8118214
1827531455,-21.1710604,-47.8102831
1827531456,-21.1716472,-47.8107869
1827531457,-21.1716419,-47.809537
1827531458,-21.1720865,-47.8073421
1827531459,-21.1722232,-47.8087902
1827531460,-21.1722273,-47.8100386
1827531462,-21.1724678,-47.8114796
1827531463,-21.1726579,-47.8128116
1827531464,-21.1726652,-47.8066005
1827531466,-21.1728062,-47.8092893
1827531467,-21.1728341,-47.808025
1827531468,-21.1730446,-47.8107239
1827531469,-21.1732696,-47.8058642
1827531471,-21.173397,-47.8085301
1827531472,-21.1734134,-47.8072821
1827531474,-21.1735002,-47.8133068
1827531475,-21.1735968,-47.8099946
1827531477,-21.1738714,-47.8051185
1827531481,-21.1739537,-47.8127201
1827531483,-21.1739762,-47.8077785
1827531487,-21.1740222,-47.8065098
1827531489,-21.1741687,-47.8092289
1827531500,-21.1744794,-47.8043799
1827531502,-21.174509,-47.8119568
1827531506,-21.1745809,-47.8069946
1827531510,-21.1746322,-47.8057516
1827531513,-21.1746528,-47.813314
1827531514,-21.1747465,-47.8084814
1827531523,-21.1750372,-47.8112559
1827531527,-21.1751232,-47.8036596
1827531529,-21.1751202,-47.8142487
1827531531,-21.175176,-47.8062281
1827531533,-21.1752172,-47.8050082
1827531539,-21.1752321,-47.812554
1827531541,-21.1753635,-47.8076722
1827531547,-21.1755892,-47.8105202
1827531549,-21.1757353,-47.8118787
1827531550,-21.1757488,-47.8054682
1827531551,-21.1758151,-47.8042527
1827531552,-21.1757925,-47.8029815
1827531554,-21.1759543,-47.8069041
1827531566,-21.1759404,-47.8131546
1827531568,-21.1760095,-47.8144865
1827531570,-21.176068,-47.8082811
1827531574,-21.1761351,-47.8097538
1827531576,-21.1762818,-47.8111458
1827531578,-21.1763259,-47.8047111
1827531580,-21.1763983,-47.8035176
1827531585,-21.1764435,-47.8124993
1827531587,-21.1765326,-47.8061435
1827531588,-21.1765176,-47.8024069
1827531594,-21.1766275,-47.8137322
1827531603,-21.1766519,-47.8075012
1827531605,-21.1767544,-47.8150882
1827531608,-21.1767856,-47.808901
1827531610,-21.176858,-47.8103823
1827531612,-21.1769158,-47.8039557
1827531616,-21.1769894,-47.81179
1827531618,-21.1769842,-47.8027868
1827531620,-21.1771279,-47.8131211
1827531622,-21.1771041,-47.8053877
1827531625,-21.1772135,-47.8067435
1827531626,-21.1773263,-47.8018298
1827531627,-21.1773467,-47.8143349
1827531628,-21.1773756,-47.8081074
1827531629,-21.1774777,-47.8032209
1827531630,-21.1774984,-47.8095206
1827531632,-21.1775784,-47.8020414
1827531635,-21.1775622,-47.8110138
1827531637,-21.1776787,-47.8124233
1827531638,-21.1776886,-47.8046346
1827531641,-21.1777877,-47.8059773
1827531642,-21.1778263,-47.8137139
1827531643,-21.177938,-47.8073545
1827531644,-21.1780496,-47.816435
1827531647,-21.1780636,-47.8014183
1827531648,-21.1780496,-47.8024607
1827531650,-21.1780914,-47.8149486
1827531652,-21.1780871,-47.8087285
1827531654,-21.1782144,-47.8013589
1827531655,-21.178197,-47.8101322
1827531656,-21.1782597,-47.8116457
1827531658,-21.1782687,-47.8038795
1827531660,-21.1783585,-47.8130425
1827531661,-21.1783193,-47.816123
1827531662,-21.1783592,-47.805215
1827531665,-21.1785445,-47.8143638
1827531666,-21.1784977,-47.8065981
1827531667,-21.1786191,-47.8017216
1827531668,-21.1786503,-47.8079711
1827531672,-21.1788104,-47.8155298
1827531673,-21.1787859,-47.80934
1827531674,-21.1788494,-47.8031291
1827531675,-21.1788698,-47.8164631
1827531676,-21.1789176,-47.8107541
1827531677,-21.1789645,-47.8122782
1827531678,-21.1789348,-47.8044466
1827531679,-21.1790798,-47.8136791
1827531680,-21.1790787,-47.8058266
1827531682,-21.179209,-47.8072304
1827531684,-21.1792541,-47.8149806
1827531685,-21.1793633,-47.8085858
1827531686,-21.1794174,-47.8023951
1827531688,-21.1795197,-47.8099564
1827531690,-21.1795093,-47.8036994
1827531691,-21.1796627,-47.8128938
1827531692,-21.179629,-47.811375
1827531693,-21.1796513,-47.8050559
1827531696,-21.1797896,-47.8143162
1827531698,-21.1797823,-47.8064642
1827531700,-21.1799107,-47.8078462
1827531702,-21.1799999,-47.8016306
1827531703,-21.1800816,-47.809208
1827531704,-21.1800775,-47.8029548
1827531706,-21.1802146,-47.8043014
1827531707,-21.1802344,-47.8105616
1827531709,-21.1803447,-47.8119781
1827531711,-21.1803706,-47.8135295
1827531713,-21.1803658,-47.8056714
1827531715,-21.1804783,-47.807086
1827531716,-21.1804968,-47.8149745
1827531719,-21.1806185,-47.8084719
1827531722,-21.1806593,-47.8021855
1827531723,-21.1807944,-47.8098244
1827531724,-21.1807676,-47.8035536
1827531726,-21.1809378,-47.8111731
1827531728,-21.1809302,-47.8048989
1827531729,-21.1808444,-47.8167122
1827531730,-21.1810575,-47.812605
1827531731,-21.1810839,-47.8062693
1827531733,-21.1811874,-47.8076994
1827531735,-21.181326,-47.8090849
1827531736,-21.18135,-47.8027684
1827531737,-21.1814846,-47.8104328
1827531738,-21.1815061,-47.8041453
1827531739,-21.1816459,-47.8117928
1827531740,-21.181669,-47.8055069
1827531741,-21.1816841,-47.8159525
1827531742,-21.1817608,-47.8132235
1827531743,-21.1818171,-47.8068639
1827531744,-21.1818973,-47.8083143
1827531745,-21.1820254,-47.8097071
1827531746,-21.1819934,-47.8019096
1827531748,-21.1820713,-47.803375
1827531749,-21.1821937,-47.8110412
1827531750,-21.1822256,-47.804748
1827531751,-21.1823508,-47.8124028
1827531752,-21.1823814,-47.8061034
1827531755,-21.1826143,-47.8089115
1827531756,-21.1825282,-47.8074678
1827531757,-21.1827,-47.8025007
1827531758,-21.1827315,-47.8103195
1827531759,-21.1827773,-47.8039838
1827531760,-21.1829056,-47.811657
1827531761,-21.1829118,-47.8142391
1827531762,-21.1829456,-47.805344
1827531763,-21.1830847,-47.8066992
1827531766,-21.1833091,-47.8095389
1827531767,-21.183439,-47.8109393
1827531768,-21.1834236,-47.8031194
1827531769,-21.1835062,-47.8134187
1827531770,-21.183499,-47.8045916
1827531771,-21.1836504,-47.8059366
1827531774,-21.1837954,-47.8073106
1827531775,-21.1839365,-47.8086809
1827531776,-21.1840149,-47.810159
1827531777,-21.1841383,-47.8037196
1827531778,-21.1841573,-47.811583
1827531779,-21.184201,-47.8051873
1827531780,-21.1843655,-47.8065342
1827531782,-21.184578,-47.8119481
1827531783,-21.1846525,-47.8092879
1827531784,-21.1847351,-47.8107929
1827531785,-21.184835,-47.8043276
1827531786,-21.1850727,-47.8071335
1827531787,-21.1851399,-47.8111503
1827531791,-21.1853654,-47.8099112
1827531792,-21.1855465,-47.8049187
1827531793,-21.1857867,-47.8102688
1827531794,-21.1857892,-47.8077471
1827531795,-21.1859412,-47.8091196
1827531797,-21.186256,-47.8055224
1827531799,-21.1864948,-47.8083523
1827531800,-21.1868981,-47.8087066
1827531801,-21.1869727,-47.8061242
1827531802,-21.1870492,-47.8075674
1827560594,-21.1787154,-47.8166964
1827560604,-21.1806334,-47.8181536
1827560610,-21.1814911,-47.8167086
1827560611,-21.1815663,-47.8182122
1827560629,-21.1822111,-47.815218
1827560636,-21.1829266,-47.8181065
1827560641,-21.1830356,-47.8159072
1827560650,-21.1831516,-47.8181445
1827560652,-21.1832713,-47.8176248
1827560656,-21.183575,-47.8164705
1827560657,-21.1837407,-47.8149312
1827560659,-21.1840581,-47.8126519
1827560661,-21.1840556,-47.8185196
1827560663,-21.1841761,-47.8176732
1827560666,-21.1843383,-47.8141161
1827560667,-21.1843385,-47.8154332
1827560671,-21.1846642,-47.818844
1827560676,-21.1848292,-47.8178057
1827560677,-21.1848821,-47.8133485
1827560679,-21.1849306,-47.8146108
1827560680,-21.1850783,-47.8160333
1827560681,-21.1851563,-47.8180782
1827560682,-21.1852814,-47.8171518
1827560683,-21.1853466,-47.8191963
1827560685,-21.1854139,-47.812623
1827560686,-21.1854804,-47.8138568
1827560688,-21.185661,-47.8152098
1827560691,-21.185707,-47.81656
1827560693,-21.185777,-47.818589
1827560695,-21.1859722,-47.8118386
1827560696,-21.1860158,-47.8131168
1827560697,-21.1860704,-47.8197395
1827560698,-21.1861294,-47.8195803
1827560699,-21.1861994,-47.8144577
1827560700,-21.1862568,-47.8179314
1827560701,-21.1862985,-47.8157289
1827560704,-21.1864683,-47.8197295
1827560707,-21.1865796,-47.8123516
1827560713,-21.1866298,-47.8109508
1827560716,-21.1866824,-47.8173264
1827560717,-21.1867353,-47.8137156
1827560730,-21.186733,-47.819359
1827560733,-21.186836,-47.8149751
1827560743,-21.187241,-47.8114532
1827560744,-21.1872141,-47.8199211
1827560745,-21.187205,-47.818719
1827560746,-21.1872582,-47.8165209
1827560747,-21.1872757,-47.812966
1827560750,-21.1873722,-47.8142268
1827560760,-21.1877312,-47.8094006
1827560761,-21.1878005,-47.8106935
1827560762,-21.1877878,-47.815745
1827560764,-21.1879067,-47.8134783
1827560765,-21.187951,-47.8120427
1827560770,-21.1881197,-47.8148182
1827560772,-21.1881497,-47.8153622
1827560775,-21.1882791,-47.8086572
1827560777,-21.1883293,-47.8198404
1827560779,-21.1883539,-47.8099276
1827560782,-21.188391,-47.8200457
1827560787,-21.1884015,-47.8197862
1827560788,-21.1885131,-47.8112909
1827560789,-21.1885179,-47.818837
1827560792,-21.1885548,-47.8125502
1827560796,-21.188683,-47.8148034
1827560798,-21.1886286,-47.8200354
1827560799,-21.1887118,-47.8153045
1827560804,-21.1888072,-47.8179492
1827560805,-21.1888999,-47.809174
1827560807,-21.1890317,-47.8143644
1827560809,-21.1890205,-47.8163042
1827560811,-21.1890678,-47.8105005
1827560813,-21.1891155,-47.8117973
1827560814,-21.1892315,-47.8183279
1827560817,-21.189297,-47.8199096
1827560818,-21.1893421,-47.8158424
1827560819,-21.1893515,-47.8171908
1827560821,-21.1895415,-47.8082728
1827560822,-21.1896212,-47.8097682
1827560823,-21.1896669,-47.8134524
1827560826,-21.1896956,-47.8110166
1827560827,-21.189823,-47.8176056
1827560828,-21.1899067,-47.8150793
1827560832,-21.1899648,-47.818985
1827560835,-21.1900418,-47.8164323
1827560836,-21.1902257,-47.812712
1827560839,-21.1902839,-47.8102791
1827560844,-21.19055,-47.8141832
1827560846,-21.1905444,-47.8182301
1827560848,-21.1906913,-47.8157391
1827560850,-21.1907034,-47.8196185
1827560851,-21.1907576,-47.8118957
1827560856,-21.1909353,-47.8093752
1827560865,-21.1908944,-47.8171545
1827560867,-21.1911063,-47.8134209
1827560869,-21.1911004,-47.818717
1827560872,-21.191189,-47.817404
1827560876,-21.1914087,-47.8149021
1827560878,-21.1914613,-47.8163681
1827560879,-21.1915673,-47.8177084
1827560881,-21.1916827,-47.8126489
1827560886,-21.1919877,-47.8141641
1827560889,-21.1921033,-47.8154772
1827560890,-21.1921461,-47.816927
1827560891,-21.1922118,-47.8119094
1827560893,-21.1923159,-47.8183093
1827560895,-21.1925418,-47.8133673
1827560896,-21.1926532,-47.814714
1827560900,-21.1927897,-47.8160392
1827560901,-21.192873,-47.8175292
1827560902,-21.1930255,-47.8214559
1827560903,-21.193026,-47.8125962
1827560905,-21.1932248,-47.8139306
1827560908,-21.1933489,-47.8215473
1827560909,-21.1933402,-47.8152798
1827560910,-21.1935124,-47.8166338
1827560912,-21.1936181,-47.8116166
1827560914,-21.1937153,-47.819447
1827560915,-21.193805,-47.8132054
1827560916,-21.1935792,-47.8181
1827560917,-21.1939093,-47.8144948
1827560920,-21.1940615,-47.8158649
1827560922,-21.194286,-47.8160528
1827560923,-21.1942163,-47.8172237
1827560935,-21.194302,-47.8098588
1827560937,-21.1930228,-47.8188781
1827560944,-21.1942854,-47.8186613
1827560946,-21.1943857,-47.8169757
1827560955,-21.1944494,-47.810021
1827560956,-21.1944652,-47.8123086
1827560959,-21.1944509,-47.820045
1827560969,-21.1944713,-47.8137658
1827560980,-21.1945478,-47.8092568
1827560982,-21.1945948,-47.8223935
1827560984,-21.1946347,-47.8150867
1827560995,-21.1948156,-47.8219952
1827560998,-21.1948318,-47.8092965
1827561010,-21.1949087,-47.8178024
1827561015,-21.1950072,-47.8192706
1827561018,-21.1951333,-47.812857
1827561019,-21.1949377,-47.8219571
1827561025,-21.1951773,-47.8143476
1827561027,-21.1953337,-47.8220843
1827561029,-21.1953221,-47.8156854
1827561030,-21.1953908,-47.8221525
1827561033,-21.1953183,-47.8226966
1827561034,-21.1952548,-47.8168677
1827561036,-21.1954753,-47.8170215
1827561040,-21.1956371,-47.8183937
1827561041,-21.1957594,-47.807605
1827561043,-21.1957575,-47.8210343
1827561045,-21.1958728,-47.8149231
1827561047,-21.1960188,-47.8162725
1827561048,-21.1961925,-47.8224315
1827561049,-21.1961924,-47.8176208
1827561050,-21.1962968,-47.8226169
1827561051,-21.1962421,-47.8203203
1827561054,-21.196594,-47.8155231
1827561055,-21.1966046,-47.8218414
1827561056,-21.1967525,-47.816853
1827561059,-21.1968844,-47.8194287
1827561061,-21.1971627,-47.8210612
1827561062,-21.1972321,-47.8227429
1827561063,-21.1972343,-47.8160563
1827561064,-21.1972538,-47.8146177
1827561066,-21.1972455,-47.816589
1827561069,-21.1973891,-47.8224991
1827561071,-21.1974463,-47.8186487
1827561072,-21.1975154,-47.8174705
1827561075,-21.1977643,-47.8228852
1827561077,-21.1978156,-47.8201521
1827561080,-21.1979669,-47.8217002
1827561081,-21.197944,-47.8179558
1827561084,-21.1981414,-47.8229626
1827561085,-21.198192,-47.8153889
1827561086,-21.1982609,-47.8144668
1827561093,-21.1984957,-47.8192173
1827561094,-21.1985045,-47.8164088
1827561099,-21.1985798,-47.8160236
1827561100,-21.1985941,-47.8208022
1827561101,-21.1986373,-47.8222811
1827561102,-21.1986941,-47.8157992
1827561107,-21.1987633,-47.8184042
1827561109,-21.1987283,-47.8168795
1827561110,-21.1988502,-47.815921
1827561111,-21.198856,-47.8167
1827561115,-21.198909,-47.8141993
1827561116,-21.1990141,-47.8232543
1827561122,-21.1990188,-47.8148884
1827561130,-21.1991219,-47.8155377
1827561134,-21.1992454,-47.8227944
1827561139,-21.1993445,-47.8213377
1827561142,-21.199356,-47.8170944
1827561147,-21.1995278,-47.823025
1827561150,-21.1994791,-47.8156011
1827561152,-21.199492,-47.8158098
1827561153,-21.1995793,-47.8184256
1827561165,-21.1997693,-47.8193236
1827561173,-21.1999049,-47.8165303
1827561174,-21.1999251,-47.8205466
1827561178,-21.1999529,-47.8161864
1827561181,-21.2001644,-47.821648
1827561183,-21.2,-47.815127
1827561190,-21.2003735,-47.8171423
1827561191,-21.2003261,-47.8229652
1827561196,-21.2003935,-47.8145929
1827561198,-21.2004769,-47.821698
1827561205,-21.2005903,-47.8161116
1827561208,-21.2008792,-47.8217571
1827561209,-21.2008632,-47.8175617
1827561212,-21.2009856,-47.8187256
1827561214,-21.2009678,-47.8234387
1827561216,-21.2012434,-47.8160111
1827561217,-21.2011836,-47.8207602
1827561226,-21.2015523,-47.8181016
1827561228,-21.2016278,-47.8201621
1827561230,-21.2017285,-47.8153898
1827561236,-21.2019447,-47.8213608
1827561238,-21.2020499,-47.8195886
1827561239,-21.2021647,-47.8224609
1827561241,-21.2023896,-47.81688
1827561244,-21.2024507,-47.8208794
1827561245,-21.2025232,-47.8189143
1827561246,-21.2028246,-47.816286
1827561247,-21.2029585,-47.8203918
1827561249,-21.2033894,-47.8177124
1827561250,-21.2034007,-47.8104945
1827561252,-21.2038289,-47.8171064
1827561258,-21.2046454,-47.8177674
1827561260,-21.2048719,-47.8110292
1827561264,-21.206145,-47.8117165
1827561265,-21.2063518,-47.8114451
1827561267,-21.2069313,-47.8225533
1827583430,-21.1891248,-47.8056207
1827583432,-21.1893975,-47.8070711
1827583438,-21.1897183,-47.8047977
1827583439,-21.1897993,-47.8065131
1827583440,-21.1899468,-47.8063177
1827583441,-21.1900457,-47.8075929
1827583442,-21.1902926,-47.8088884
1827583443,-21.190243,-47.8040578
1827583445,-21.1902489,-47.8065855
1827583447,-21.190522,-47.8054942
1827583449,-21.1905645,-47.8067771
1827583451,-21.1907281,-47.8066582
1827583457,-21.1907865,-47.8081763
1827583461,-21.1910582,-47.8047385
1827583462,-21.1911494,-47.8028194
1827583464,-21.1911792,-47.8060273
1827583466,-21.1913242,-47.8074159
1827583468,-21.1914118,-47.808698
1827583476,-21.1915339,-47.8022856
1827583477,-21.1915693,-47.8067976
1827583478,-21.19155,-47.804048
1827583479,-21.1917569,-47.8100351
1827583481,-21.1917569,-47.805301
1827583488,-21.1918494,-47.8047457
1827583491,-21.1919549,-47.8035155
1827583497,-21.192017,-47.8077444
1827583498,-21.192112,-47.8092693
1827583499,-21.1921784,-47.8028067
1827583500,-21.1922145,-47.8069076
1827583501,-21.1923127,-47.8105064
1827583502,-21.1924096,-47.8029902
1827583503,-21.1923996,-47.8055263
1827583504,-21.1924208,-47.8086108
1827583506,-21.1923553,-47.8044847
1827583510,-21.1926772,-47.8078437
1827583514,-21.1928285,-47.8070082
1827583515,-21.1928722,-47.8102992
1827583516,-21.1928924,-47.8042444
1827583517,-21.1929122,-47.8063618
1827583518,-21.1929373,-47.8088535
1827583519,-21.1929306,-47.8027804
1827583521,-21.1929829,-47.8057839
1827583522,-21.1930129,-47.8054767
1827583524,-21.1930703,-47.8015336
1827583525,-21.19312,-47.8048107
1827583528,-21.193437,-47.8040023
1827583530,-21.1934631,-47.8025329
1827583531,-21.1934745,-47.8100963
1827583534,-21.1934799,-47.8079644
1827583535,-21.1935439,-47.8009768
1827583537,-21.1935055,-47.8091411
1827583542,-21.1938,-47.8076908
1827583544,-21.19385,-47.8071637
1827583548,-21.193969,-47.8037672
1827583549,-21.1939751,-47.8065509
1827583550,-21.1940392,-47.8108229
1827583551,-21.1940334,-47.8022344
1827583552,-21.1940826,-47.80595
1827583555,-21.1941886,-47.8050974
1827583557,-21.1941738,-47.8021705
1827583560,-21.1945622,-47.8034892
1827583563,-21.1946838,-47.8034301
1827583564,-21.1948052,-47.8100386
1827583566,-21.195009,-47.8095213
1827583568,-21.1951694,-47.8108718
1827583570,-21.1952791,-47.8085139
1827583571,-21.1953197,-47.8110792
1827583574,-21.1955648,-47.8122382
1827583578,-21.1956657,-47.8062108
1827583582,-21.19582,-47.8074876
1827583584,-21.1957891,-47.810191
1827583599,-21.1958221,-47.8092241
1827583603,-21.1960832,-47.8068365
1827583608,-21.1960096,-47.8116408
1827583614,-21.1961899,-47.8137416
1827583619,-21.1964382,-47.811035
1827583625,-21.1966493,-47.8131242
1827583627,-21.1967238,-47.8106051
1827583629,-21.197079,-47.8125198
1827583631,-21.1973821,-47.8094263
1827583634,-21.197502,-47.8096228
1827583636,-21.1975147,-47.8119121
1827583640,-21.197713,-47.8093876
1827583644,-21.1977024,-47.8139945
1827583646,-21.1978261,-47.8078124
1827583650,-21.1974106,-47.8109112
1827583652,-21.1979392,-47.8113093
1827583657,-21.1981348,-47.8133938
1827583659,-21.1982703,-47.8093244
1827583672,-21.1985737,-47.8118353
1827583674,-21.1986328,-47.8127691
1827583677,-21.1987333,-47.8126417
1827583678,-21.198736,-47.8128755
1827583680,-21.1988477,-47.8139024
1827583688,-21.1989,-47.8093524
1827583693,-21.1989001,-47.8111368
1827583695,-21.1990458,-47.8122112
1827583699,-21.1991657,-47.8141828
1827583701,-21.1994938,-47.8116153
1827583703,-21.1997097,-47.810067
1827583708,-21.1998872,-47.8110728
1827583710,-21.199996,-47.813003
1827583712,-21.2002895,-47.8105301
1827583713,-21.2004143,-47.8123825
1827583714,-21.2006971,-47.8099383
1827583716,-21.2008102,-47.8118346
1827583717,-21.2010704,-47.809404
1827583718,-21.200968,-47.8137926
1827583720,-21.2011924,-47.8113006
1827583723,-21.2014384,-47.8088781
1827583724,-21.2014052,-47.8131923
1827583725,-21.2016028,-47.8107289
1827583727,-21.2017993,-47.8126468
1827583728,-21.2020264,-47.8101688
1827583729,-21.2021822,-47.8121059
1827583730,-21.2024682,-47.8095844
1827583731,-21.2026014,-47.8115355
1827583732,-21.2030404,-47.8109895
1827655509,-21.1936809,-47.8009585
1827655510,-21.1939056,-47.7998717
1827655511,-21.1942249,-47.7987737
1827655512,-21.1942002,-47.8008351
1827655513,-21.1943043,-47.8008132
1827655514,-21.1945603,-47.7995933
1827655515,-21.1947872,-47.8019054
1827655516,-21.1949471,-47.800672
1827655518,-21.1951013,-47.8006412
1827655520,-21.195051,-47.804698
1827655524,-21.1951117,-47.7993305
1827655536,-21.1951672,-47.8046468
1827655539,-21.1953079,-47.7991695
1827655541,-21.1953026,-47.8031335
1827655543,-21.195269,-47.8048834
1827655545,-21.1954252,-47.8016236
1827655549,-21.1955504,-47.8055681
1827655550,-21.1956239,-47.8005001
1827655551,-21.1957071,-47.7990609
1827655552,-21.1957984,-47.8004557
1827655553,-21.1957939,-47.8043758
1827655555,-21.1958369,-47.8062335
1827655556,-21.1959255,-47.8028507
1827655557,-21.1959613,-47.8013624
1827655558,-21.1960335,-47.8050106
1827655574,-21.1962436,-47.8003858
1827655577,-21.1962602,-47.8072771
1827655579,-21.1963183,-47.8069492
1827655581,-21.196389,-47.8063361
1827655584,-21.1964163,-47.8040909
1827655585,-21.1964497,-47.8026106
1827655586,-21.1964781,-47.805732
1827655588,-21.1965064,-47.8011221
1827655589,-21.1965739,-47.8051009
1827655590,-21.1966645,-47.8044852
1827655593,-21.1968253,-47.8039042
1827655594,-21.1968406,-47.8003025
1827655597,-21.1969736,-47.8038364
1827655599,-21.1970075,-47.8023565
1827655600,-21.1970433,-47.8008749
1827655617,-21.1974435,-47.8002203
1827655622,-21.1975024,-47.8035592
1827655624,-21.1975528,-47.8021088
1827655627,-21.1975967,-47.8006032
1827655630,-21.1979288,-47.7977755
1827655631,-21.1980888,-47.8078611
1827655632,-21.1980581,-47.8033151
1827655633,-21.198111,-47.8018409
1827655634,-21.1981777,-47.8072123
1827655635,-21.1982576,-47.8066018
1827655636,-21.1983326,-47.8059661
1827655640,-21.1984166,-47.8053415
1827655653,-21.1984955,-47.8047312
1827655656,-21.1985732,-47.8041063
1827655658,-21.1986073,-47.8030486
1827655660,-21.198723,-47.8030588
1827655664,-21.1988093,-47.8025752
1827655667,-21.1989341,-47.801448
1827655669,-21.1990622,-47.7996797
1827655671,-21.1991829,-47.800296
1827655672,-21.1993123,-47.802312
1827655674,-21.1993412,-47.8080804
1827655675,-21.199448,-47.8074139
1827655677,-21.1995398,-47.7995187
1827655679,-21.1995768,-47.8011368
1827655681,-21.1996393,-47.8061499
1827655693,-21.1997174,-47.8010798
1827655697,-21.1998006,-47.804908
1827655699,-21.1997952,-47.8001801
1827655701,-21.1998981,-47.8043005
1827655703,-21.1999839,-47.8038224
1827655705,-21.1999731,-47.8019603
1827655707,-21.2001568,-47.8003325
1827655708,-21.2000894,-47.8018852
1827655709,-21.2002472,-47.7991445
1827655710,-21.2002589,-47.8043731
1827655713,-21.2003382,-47.8007615
1827655714,-21.2004756,-47.8048308
1827655715,-21.2005245,-47.8031378
1827655719,-21.2006308,-47.8030237
1827655730,-21.2008778,-47.7986835
1827655732,-21.2007249,-47.8015712
1827655734,-21.2008832,-47.8056901
1827655738,-21.2010509,-47.7985269
1827655743,-21.2010518,-47.7999881
1827655746,-21.2010993,-47.8024209
1827655750,-21.2012585,-47.8043957
1827655751,-21.2013567,-47.8089941
1827655752,-21.2013061,-47.8070872
1827655759,-21.2014019,-47.807227
1827655770,-21.2014618,-47.799532
1827655772,-21.2014251,-47.8069785
1827655784,-21.2015018,-47.8071362
1827655786,-21.2016448,-47.8018087
1827655788,-21.2019011,-47.805765
1827655789,-21.2019001,-47.8080974
1827655790,-21.2018645,-47.8040742
1827655791,-21.2020401,-47.7958393
1827655792,-21.2021554,-47.8002336
1827655794,-21.2021574,-47.8012086
1827655814,-21.2021657,-47.8147825
1827655818,-21.2021197,-47.8072201
1827655820,-21.202529,-47.8093692
1827655821,-21.2024227,-47.7962685
1827655824,-21.2024345,-47.799899
1827655827,-21.2024939,-47.8070454
1827655828,-21.2024991,-47.8054414
1827655829,-21.2025438,-47.8037077
1827655830,-21.2026028,-47.7952093
1827655832,-21.2026049,-47.8141776
1827655834,-21.2026528,-47.8006355
1827655853,-21.2028047,-47.7966835
1827655855,-21.2029158,-47.8083044
1827655864,-21.202957,-47.7941691
1827655866,-21.203124,-47.8100731
1827655868,-21.2028939,-47.8003571
1827655870,-21.2030279,-47.7955926
1827655876,-21.2029903,-47.8136357
1827655884,-21.2032142,-47.794507
1827655886,-21.2031915,-47.803359
1827655888,-21.2032015,-47.8050689
1827655904,-21.2031538,-47.8000457
1827655907,-21.2032583,-47.815682
1827655911,-21.2034193,-47.7960029
1827655914,-21.2034467,-47.797362
1827655917,-21.2033804,-47.8130916
1827655921,-21.2034912,-47.7987276
1827655923,-21.2036354,-47.8103226
1827655925,-21.203629,-47.79493
1827655927,-21.2036983,-47.7936744
1827655929,-21.203681,-47.7994563
1827655931,-21.2036886,-47.8150839
1827655933,-21.2037539,-47.7996086
1827655935,-21.2037742,-47.8013272
1827655937,-21.2037817,-47.8030503
1827655939,-21.2038279,-47.8047471
1827655941,-21.2037966,-47.8064915
1827655942,-21.2037935,-47.812518
1827655943,-21.2038826,-47.8268567
1827655946,-21.2039724,-47.8100394
1827655948,-21.2040881,-47.7966681
1827655969,-21.2039915,-47.8218488
1827655972,-21.2040356,-47.7953458
1827655979,-21.204098,-47.798018
1827655982,-21.2040817,-47.814538
1827655983,-21.204147,-47.8218418
1827655984,-21.2041469,-47.8260986
1827655986,-21.2041891,-47.8222864
1827655987,-21.2042091,-47.8119561
1827655988,-21.2042515,-47.8229831
1827655990,-21.2043232,-47.8204056
1827655992,-21.2042598,-47.8165025
1827655995,-21.2043197,-47.8236966
1827656014,-21.2043394,-47.824254
1827656018,-21.2043225,-47.8106333
1827656020,-21.2042262,-47.8194481
1827656028,-21.2044605,-47.8061365
1827656029,-21.2044263,-47.8044222
1827656031,-21.2044219,-47.8009927
1827656032,-21.2044298,-47.8027041
1827656034,-21.2044553,-47.8078606
1827656036,-21.204435,-47.79925
1827656044,-21.2044798,-47.8140004
1827656047,-21.2045706,-47.7984853
1827656066,-21.2046644,-47.7959727
1827656073,-21.2046568,-47.7947018
1827656075,-21.2046516,-47.8199595
1827656077,-21.2046183,-47.8113866
1827656079,-21.2047058,-47.7973172
1827656081,-21.2046988,-47.815904
1827656084,-21.2047889,-47.7982486
1827656086,-21.2047415,-47.819805
1827656088,-21.2047663,-47.8262647
1827656095,-21.2043906,-47.8190705
1827656101,-21.2048952,-47.8134232
1827656124,-21.2049882,-47.824329
1827656126,-21.2051102,-47.7989432
1827656128,-21.2050652,-47.8091541
1827656131,-21.2049452,-47.8107587
1827656136,-21.20507,-47.8006479
1827656138,-21.2051194,-47.8075057
1827656140,-21.205067,-47.8023638
1827656142,-21.2050685,-47.8058129
1827656146,-21.2050801,-47.8040801
1827656148,-21.2050938,-47.8153573
1827656152,-21.2051214,-47.8192247
1827656153,-21.2051922,-47.7978269
1827656155,-21.2051329,-47.8191369
1827656157,-21.2050916,-47.81761
1827656172,-21.2052647,-47.7952776
1827656174,-21.2053109,-47.7976941
1827656176,-21.2052834,-47.7966386
1827656181,-21.2053133,-47.7939851
1827656183,-21.2053042,-47.8128515
1827656185,-21.2054124,-47.8264476
1827656188,-21.2055074,-47.8232495
1827656190,-21.2054747,-47.8148302
1827656195,-21.2056502,-47.8244289
1827656213,-21.2056966,-47.7985988
1827656217,-21.2057785,-47.7971402
1827656218,-21.2057402,-47.8002797
1827656220,-21.2057045,-47.8020276
1827656222,-21.2057304,-47.8071834
1827656223,-21.2057218,-47.8037444
1827656224,-21.2057265,-47.8054701
1827656225,-21.2057172,-47.8122874
1827656228,-21.2058843,-47.794581
1827656229,-21.205902,-47.7959127
1827656230,-21.2059011,-47.821703
1827656233,-21.2058866,-47.8142553
1827656250,-21.2060797,-47.8237317
1827656257,-21.2061572,-47.8255268
1827656265,-21.2062937,-47.7965796
1827656266,-21.2062458,-47.8247488
1827656267,-21.2062905,-47.8211128
1827656268,-21.2062967,-47.7982809
1827656269,-21.2063117,-47.8200875
1827656270,-21.2063119,-47.7999525
1827656271,-21.2063095,-47.8136751
1827656272,-21.2063578,-47.8016631
1827656280,-21.2064431,-47.7964985
1827656282,-21.2063486,-47.8034102
1827656284,-21.2063721,-47.8209936
1827656286,-21.2063652,-47.8068438
1827656288,-21.206362,-47.8051231
1827656292,-21.2064994,-47.7952251
1827656294,-21.2064715,-47.8232096
1827656299,-21.206371,-47.8111447
1827656301,-21.2065763,-47.8109584
1827656327,-21.2067216,-47.8204106
1827656333,-21.2067152,-47.8131113
1827656335,-21.2067321,-47.8199677
1827656339,-21.2067828,-47.8192257
1827656341,-21.2068523,-47.7994465
1827656343,-21.2068121,-47.8183911
1827656345,-21.20685,-47.8176832
1827656346,-21.2069163,-47.7962819
1827656347,-21.2068859,-47.8169605
1827656348,-21.2069238,-47.7979676
1827656349,-21.2068968,-47.816243
1827656357,-21.2069014,-47.8161006
1827656365,-21.2069355,-47.799648
1827656368,-21.2069243,-47.8156081
1827656370,-21.2069464,-47.8013412
1827656375,-21.2070068,-47.8030606
1827656382,-21.2069995,-47.8047797
1827656387,-21.2069982,-47.8065052
1827656405,-21.2071306,-47.812537
1827656413,-21.2071602,-47.8116711
1827656416,-21.2071444,-47.815463
1827656433,-21.2074177,-47.8153949
1827656436,-21.2073894,-47.8192645
1827656439,-21.2073886,-47.8219264
1827656442,-21.2074368,-47.7908056
1827656444,-21.2072898,-47.7991442
1827656449,-21.2075639,-47.7959788
1827656452,-21.2074812,-47.8218081
1827656455,-21.2075459,-47.7976658
1827656457,-21.2075362,-47.8146875
1827656469,-21.2075417,-47.8119696
1827656472,-21.2075984,-47.8010539
1827656475,-21.2075813,-47.8249119
1827656480,-21.2075807,-47.8241296
1827656487,-21.2076086,-47.8027385
1827656490,-21.2076332,-47.8044331
1827656491,-21.2076582,-47.8147908
1827656494,-21.2076354,-47.8061645
1827656497,-21.2077325,-47.8248288
1827656500,-21.207734,-47.8013225
1827656518,-21.2078584,-47.8185471
1827656520,-21.2079096,-47.815004
1827656521,-21.2078924,-47.8212473
1827656530,-21.2079247,-47.8184424
1827656534,-21.2079529,-47.8141102
1827656544,-21.2080651,-47.7927375
1827656558,-21.2080416,-47.7987469
1827656561,-21.208062,-47.8142048
1827656562,-21.2081316,-47.8235137
1827656579,-21.2081616,-47.797336
1827656585,-21.2081497,-47.8147552
1827656605,-21.2081441,-47.7989802
1827656612,-21.2082433,-47.8024169
1827656613,-21.2082118,-47.8197069
1827656616,-21.2082368,-47.8040939
1827656623,-21.2082332,-47.8211012
1827656625,-21.2083342,-47.8198294
1827656640,-21.2082659,-47.8215206
1827656642,-21.2082973,-47.8058083
1827656644,-21.2084865,-47.8009457
1827656646,-21.2083557,-47.8135368
1827656648,-21.2083606,-47.8177529
1827656652,-21.2084694,-47.8145548
1827656653,-21.208398,-47.8176939
1827656658,-21.2084628,-47.807352
1827656659,-21.2084823,-47.8136403
1827656662,-21.2085519,-47.8075475
1827656671,-21.2086085,-47.7925086
1827656672,-21.2085586,-47.8189805
1827656675,-21.2086198,-47.8202414
1827656678,-21.2086827,-47.8125872
1827656679,-21.2086986,-47.8200732
1827656682,-21.2087215,-47.8229405
1827656684,-21.208745,-47.8129914
1827656688,-21.2087392,-47.7986584
1827656690,-21.2088267,-47.8003964
1827656691,-21.2088256,-47.7953794
1827656693,-21.2088178,-47.817057
1827656694,-21.2088521,-47.8020859
1827656697,-21.2088753,-47.8037989
1827656699,-21.2088596,-47.8208089
1827656700,-21.2088838,-47.80549
1827656701,-21.2088395,-47.8228379
1827656702,-21.2088771,-47.8130973
1827656707,-21.2089636,-47.8007129
1827656708,-21.2089394,-47.8168689
1827656709,-21.2090115,-47.8181055
1827656716,-21.209082,-47.8192942
1827656717,-21.207845,-47.8162981
1827656718,-21.2091894,-47.8128229
1827656719,-21.2091868,-47.820433
1827656722,-21.2092548,-47.8142871
1827656723,-21.2092653,-47.8163714
1827656724,-21.2093284,-47.8122741
1827656729,-21.2093487,-47.8162404
1827656730,-21.2093723,-47.8205696
1827656731,-21.2093821,-47.8223463
1827656732,-21.2093916,-47.8093326
1827656733,-21.2094719,-47.8000799
1827656735,-21.2094278,-47.8017801
1827656740,-21.2094532,-47.8172093
1827656741,-21.209501,-47.8034618
1827656742,-21.2094685,-47.8222686
1827656743,-21.2095292,-47.8051682
1827656744,-21.2094882,-47.8160436
1827656746,-21.2095389,-47.7957411
1827656748,-21.2095277,-47.8183874
1827656751,-21.2096041,-47.7942116
1827656752,-21.2096374,-47.8195905
1827656753,-21.2096911,-47.7940723
1827656762,-21.2096755,-47.820793
1827656766,-21.2097437,-47.7987151
1827656773,-21.2098095,-47.8164632
1827656777,-21.2098903,-47.8162795
1827656778,-21.2098741,-47.798776
1827656780,-21.2099161,-47.8120139
1827656783,-21.209921,-47.7998019
1827656786,-21.21003,-47.799616
1827656787,-21.2099723,-47.8218168
1827656789,-21.2099713,-47.8174844
1827656792,-21.2100253,-47.8152304
1827656795,-21.2100645,-47.8014478
1827656797,-21.2101148,-47.7992902
1827656798,-21.2100793,-47.8186911
1827656800,-21.2100657,-47.8031486
1827656802,-21.2101382,-47.8048499
1827656803,-21.2101725,-47.8198769
1827656804,-21.2101316,-47.7961084
1827656805,-21.2101712,-47.8065321
1827656807,-21.2101425,-47.7946355
1827656809,-21.2102325,-47.8066581
1827656814,-21.2102596,-47.8212234
1827656816,-21.2103813,-47.825401
1827656823,-21.2103237,-47.8112742
1827656825,-21.2103317,-47.8167557
1827656829,-21.2104462,-47.8114137
1827656837,-21.2104406,-47.8165604
1827656839,-21.2105215,-47.817792
1827656845,-21.2106142,-47.8189925
1827656856,-21.2106869,-47.7950413
1827656859,-21.2107275,-47.8011209
1827656861,-21.2107122,-47.8045383
1827656864,-21.2106989,-47.7964843
1827656865,-21.2107933,-47.8062106
1827656867,-21.2107632,-47.8202138
1827656868,-21.2108,-47.8172333
1827656869,-21.2107472,-47.815593
1827656872,-21.210873,-47.8179926
1827656874,-21.210872,-47.8080502
1827656875,-21.210932,-47.8108692
1827656877,-21.2109046,-47.8132666
1827656881,-21.2109685,-47.8025882
1827656883,-21.2109533,-47.7973617
1827656886,-21.2110211,-47.8180912
1827656888,-21.2110062,-47.8177624
1827656893,-21.2110697,-47.8179606
1827656901,-21.2111753,-47.8182902
1827656902,-21.2111607,-47.8022612
1827656904,-21.2111637,-47.8125927
1827656906,-21.2112074,-47.7977164
1827656908,-21.2113339,-47.8136082
1827656909,-21.211215,-47.802406
1827656910,-21.2112446,-47.7945535
1827656912,-21.2112133,-47.8193129
1827656914,-21.2112372,-47.796811
1827656917,-21.2112501,-47.7954542
1827656923,-21.2113127,-47.8008355
1827656928,-21.2113615,-47.7968976
1827656931,-21.2115131,-47.819099
1827656932,-21.2114745,-47.8058404
1827656933,-21.2114517,-47.8119092
1827656934,-21.211467,-47.8060535
1827656940,-21.2114681,-47.8042284
1827656941,-21.2115115,-47.805713
1827656944,-21.2115889,-47.8059888
1827656947,-21.2115563,-47.8055083
1827656953,-21.2116243,-47.8041561
1827656954,-21.2113477,-47.8134795
1827656955,-21.2116718,-47.8059333
1827656956,-21.2116928,-47.8097645
1827656957,-21.2116772,-47.7992871
1827656961,-21.2117348,-47.8189538
1827656962,-21.211715,-47.8112516
1827656971,-21.2118139,-47.8051396
1827656975,-21.2119135,-47.7984948
1827656979,-21.2119472,-47.8074776
1827656981,-21.2119011,-47.795825
1827656983,-21.2118704,-47.8019261
1827656987,-21.2119905,-47.7962011
1827656991,-21.2120395,-47.8114007
1827656992,-21.2120284,-47.8088173
1827656997,-21.2121079,-47.8050177
1827657001,-21.212166,-47.8077056
1827657002,-21.2121362,-47.8130353
1827657007,-21.212146,-47.7990849
1827657011,-21.2121992,-47.7959313
1827657032,-21.212316,-47.8004086
1827657041,-21.2123716,-47.796692
1827657042,-21.2123634,-47.811108
1827657046,-21.2124091,-47.8123586
1827657052,-21.212438,-47.8115918
1827657054,-21.2125773,-47.801405
1827657057,-21.2125104,-47.8015757
1827657061,-21.2125195,-47.8120485
1827657062,-21.2125542,-47.7952011
1827657065,-21.2125977,-47.80516
1827657066,-21.21265,-47.8097793
1827657068,-21.2127054,-47.8065375
1827657072,-21.2127819,-47.8207714
1827657078,-21.2128704,-47.7961086
1827657082,-21.212891,-47.795272
1827657083,-21.2129252,-47.8032381
1827657084,-21.212939,-47.8036109
1827657089,-21.2130937,-47.8132309
1827657092,-21.2131799,-47.807321
1827657098,-21.213158,-47.7982516
1827657100,-21.2131452,-47.803546
1827657107,-21.2132062,-47.809004
1827657112,-21.2133249,-47.8202538
1827657116,-21.2134419,-47.8118742
1827657123,-21.2133225,-47.8035289
1827657124,-21.2134873,-47.8203734
1827657125,-21.2135518,-47.7961315
1827657136,-21.2136322,-47.7966573
1827657161,-21.2140779,-47.8078898
1827657172,-21.2141837,-47.7960997
1827657176,-21.2142238,-47.8062669
1827657180,-21.2143336,-47.8089273
1827657189,-21.2144303,-47.8121031
1827657193,-21.2144656,-47.798047
1827657201,-21.2145755,-47.7995512
1827657208,-21.2146489,-47.8064005
1827657210,-21.2147299,-47.7998426
1827657219,-21.2148781,-47.7960216
1827657220,-21.214922,-47.8017421
1827657223,-21.2149268,-47.7964371
1827657226,-21.2149364,-47.8015168
1827657229,-21.2149679,-47.80527
1827657233,-21.2150162,-47.8002604
1827657234,-21.214989,-47.799927
1827657243,-21.2151335,-47.8036694
1827657245,-21.2151533,-47.805043
1827657247,-21.2151346,-47.8216955
1827657251,-21.2151687,-47.801256
1827657255,-21.2152288,-47.8112165
1827657256,-21.2152327,-47.8078938
1827657258,-21.2152233,-47.8100934
1827657261,-21.2152264,-47.808925
1827657267,-21.2153092,-47.8214693
1827657303,-21.2158559,-47.7961024
1827657310,-21.2158845,-47.8213101
1827657313,-21.2158864,-47.8078927
1827657315,-21.2158675,-47.7978192
1827657316,-21.2158957,-47.8067942
1827657323,-21.2161788,-47.8214435
1827657327,-21.2162155,-47.8212001
1827657329,-21.216224,-47.8226532
1827657332,-21.216269,-47.8228936
1827657347,-21.2164277,-47.8016093
1827657348,-21.2164331,-47.8022374
1827657351,-21.2164494,-47.8036836
1827657354,-21.2164674,-47.8052699
1827657356,-21.2165221,-47.8202693
1827657361,-21.2165794,-47.795292
1827657365,-21.2166695,-47.8219634
1827657367,-21.216653,-47.823751
1827657371,-21.2167401,-47.8022292
1827657375,-21.216848,-47.8100826
1827657376,-21.2168709,-47.8055564
1827657378,-21.216868,-47.8067604
1827657379,-21.2168548,-47.8078967
1827657388,-21.2169146,-47.8191065
1827657393,-21.2170483,-47.8246669
1827657399,-21.2171727,-47.8184205
1827657412,-21.217261,-47.8155761
1827657418,-21.2172451,-47.8022147
1827657420,-21.2172689,-47.8173558
1827657422,-21.2172392,-47.8017571
1827657425,-21.2172619,-47.8029097
1827657436,-21.2173872,-47.7975802
1827657441,-21.2174029,-47.8242355
1827657449,-21.217525,-47.8054356
1827657452,-21.2175045,-47.814959
1827657455,-21.2176374,-47.8158879
1827657457,-21.2176133,-47.8218428
1827657458,-21.2175541,-47.8173849
1827657462,-21.2176855,-47.8101007
1827657475,-21.2177548,-47.8028799
1827657476,-21.2177399,-47.8017272
1827657477,-21.2177493,-47.8021987
1827657479,-21.2176493,-47.7993756
1827657481,-21.2178796,-47.805289
1827657482,-21.2178345,-47.804779
1827657488,-21.2179395,-47.8013548
1827657497,-21.2180197,-47.8068284
1827657499,-21.2180026,-47.815019
1827657500,-21.21811,-47.7916761
1827657501,-21.2181342,-47.8160666
1827657505,-21.2181607,-47.8244866
1827657507,-21.2181667,-47.8148683
1827657509,-21.2182026,-47.8055617
1827657511,-21.2182557,-47.8217964
1827657513,-21.2182584,-47.8028644
1827657515,-21.2182436,-47.8021882
1827657516,-21.218241,-47.8017464
1827657522,-21.2183994,-47.8151405
1827657524,-21.218472,-47.792465
1827657527,-21.2185363,-47.8138486
1827657528,-21.2184874,-47.805665
1827657529,-21.2185314,-47.8197605
1827657531,-21.2185584,-47.8102258
1827657533,-21.2186607,-47.8068768
1827657536,-21.2187841,-47.8160237
1827657537,-21.2187548,-47.802841
1827657538,-21.2187474,-47.8021757
1827657539,-21.2188205,-47.8190561
1827657540,-21.2189237,-47.8153872
1827657541,-21.2187445,-47.801609
1827657545,-21.2188549,-47.8159966
1827657551,-21.2189413,-47.8220033
1827657552,-21.2189225,-47.8085702
1827657553,-21.2188959,-47.792077
1827657555,-21.2189554,-47.8058962
1827657560,-21.2189672,-47.8088294
1827657573,-21.2190406,-47.8216206
1827657577,-21.2191119,-47.7972858
1827657579,-21.2192725,-47.8268909
1827657580,-21.2191435,-47.8180713
1827657594,-21.2192582,-47.8015116
1827657597,-21.219261,-47.8006947
1827657598,-21.2193271,-47.7972528
1827657599,-21.2193087,-47.8057696
1827657611,-21.2193893,-47.8118742
1827657625,-21.21947,-47.800689
1827657627,-21.2195162,-47.8015028
1827657629,-21.2195739,-47.8222032
1827657631,-21.2195691,-47.8249148
1827657637,-21.2196135,-47.8048359
1827657640,-21.2198252,-47.8060287
1827657649,-21.2196809,-47.8057934
1827657650,-21.2196673,-47.7937738
1827657651,-21.2197156,-47.8103963
1827657659,-21.2197719,-47.8011377
1827657661,-21.2197566,-47.8091391
1827657662,-21.2197591,-47.808849
1827657663,-21.2198194,-47.8162314
1827657665,-21.2198595,-47.8183323
1827657678,-21.2199337,-47.7956859
1827657689,-21.2200123,-47.8179249
1827657711,-21.2200172,-47.8068342
1827657719,-21.2200945,-47.7951725
1827657752,-21.2201561,-47.8251059
1827657756,-21.2202398,-47.8186785
1827657771,-21.2202407,-47.819606
1827657792,-21.2203598,-47.8191143
1827657797,-21.2203403,-47.8224405
1827657815,-21.2204072,-47.8221221
1827657844,-21.2205061,-47.7903574
1827657846,-21.2205783,-47.7970459
1827657909,-21.2209569,-47.8226271
1827657937,-21.2210236,-47.8190984
1827658027,-21.2214748,-47.8178663
1827658041,-21.2216503,-47.8201644
1827658058,-21.2220886,-47.7919084
1827658072,-21.2221649,-47.8064527
1827658074,-21.2223062,-47.8062395
1827658096,-21.2228794,-47.7979391
1827658106,-21.2233922,-47.8011052
1827658110,-21.2237648,-47.8064001
1827658142,-21.2239352,-47.8066757
1827658145,-21.2239593,-47.8063804
1827658149,-21.2240539,-47.8067975
1827658151,-21.2240777,-47.806295
1827658214,-21.2248948,-47.8102488
1827669339,-21.2111999,-47.8233656
1827669341,-21.2112666,-47.8261494
1827669343,-21.2115114,-47.8255435
1827669351,-21.2121156,-47.8212185
1827669353,-21.2120895,-47.8241145
1827669374,-21.2125841,-47.8258363
1827669378,-21.2127248,-47.825479
1827669389,-21.2128611,-47.8225087
1827669395,-21.2131435,-47.8274043
1827669401,-21.2131264,-47.8245494
1827669404,-21.2131764,-47.8268796
1827669407,-21.213278,-47.8274662
1827669412,-21.213339,-47.8268674
1827669417,-21.2134847,-47.8281068
1827669422,-21.213475,-47.8269929
1827669427,-21.2135355,-47.8236868
1827669434,-21.2140402,-47.8285735
1827669435,-21.2140537,-47.8245992
1827669436,-21.214097,-47.8255173
1827669439,-21.2142088,-47.8248258
1827669442,-21.2145023,-47.8274911
1827669446,-21.2147305,-47.824193
1827669450,-21.2149726,-47.826372
1827669451,-21.2150396,-47.8237576
1827669456,-21.2153036,-47.8226608
1827669458,-21.2153907,-47.8252824
1827669460,-21.2155289,-47.822798
1827669461,-21.2155979,-47.8256582
1827669463,-21.2158254,-47.8247055
1827669465,-21.2159135,-47.8228185
1827669469,-21.2164367,-47.8239125
1827669470,-21.2165572,-47.8273066
1827669473,-21.2167959,-47.8276943
1827669475,-21.2171159,-47.8268937
1827669478,-21.2173219,-47.8285142
1827669481,-21.2175716,-47.8260933
1827669483,-21.2178642,-47.8290567
1827669484,-21.2180474,-47.8265544
1827669486,-21.2183871,-47.8294724
1827669488,-21.21848,-47.8268821
1827669499,-21.2190419,-47.8272458
1827669503,-21.2191562,-47.8274217
1827669514,-21.2194162,-47.8269232
1827686671,-21.1818245,-47.8006835
1827686672,-21.1821529,-47.8001789
1827686673,-21.1825035,-47.8012488
1827686675,-21.1825527,-47.8000788
1827686676,-21.1830548,-47.8004797
1827686678,-21.1831761,-47.8018413
1827686679,-21.1835141,-47.7998337
1827686681,-21.1837133,-47.7997846
1827686683,-21.183759,-47.8010698
1827686685,-21.1839316,-47.8024457
1827686687,-21.1840741,-47.8022459
1827686689,-21.1844943,-47.8017041
1827686702,-21.1846212,-47.8030209
1827686703,-21.1847681,-47.8019381
1827686706,-21.1848812,-47.7995723
1827686707,-21.1851995,-47.8022861
1827686708,-21.1853346,-47.8036299
1827686709,-21.1856278,-47.8001656
1827686711,-21.1857785,-47.8015244
1827686716,-21.1858025,-47.7991249
1827686718,-21.1859198,-47.8028789
1827686720,-21.1859373,-47.8004381
1827686722,-21.1860611,-47.8042294
1827686724,-21.1861799,-47.7994148
1827686726,-21.1863275,-47.8007707
1827686731,-21.1864875,-47.8021145
1827686733,-21.1865025,-47.7996871
1827686757,-21.1866263,-47.8034744
1827686758,-21.1867611,-47.8048076
1827686759,-21.1868314,-47.7986477
1827686760,-21.1868927,-47.8012066
1827686761,-21.1868977,-47.7999996
1827686764,-21.1870615,-47.8013594
1827686766,-21.1870652,-47.7989253
1827686768,-21.187189,-47.8027059
1827686772,-21.1873266,-47.8040745
1827686774,-21.1873141,-47.8011154
1827686775,-21.1873353,-47.8009772
1827686779,-21.1874704,-47.7992566
1827686781,-21.1876535,-47.8011781
1827686783,-21.1874975,-47.8054346
1827686795,-21.1875879,-47.8006017
1827686796,-21.1873925,-47.8064841
1827686797,-21.1877718,-47.8019804
1827686798,-21.1877703,-47.7982611
1827686800,-21.187888,-47.800815
1827686802,-21.1878805,-47.8032987
1827686804,-21.1880393,-47.798472
1827686806,-21.1880431,-47.8047013
1827686808,-21.1881866,-47.8060271
1827686810,-21.1881681,-47.7998185
1827686812,-21.1882919,-47.8012294
1827686818,-21.1884601,-47.8025316
1827686820,-21.1885345,-47.8001377
1827686823,-21.1886151,-47.803934
1827686825,-21.1887322,-47.8052864
1827686827,-21.1887583,-47.799046
1827686836,-21.1888321,-47.8005092
1827686838,-21.1888884,-47.8004354
1827686840,-21.1890038,-47.7978976
1827686847,-21.1891085,-47.7993599
1827686849,-21.1891959,-47.8031819
1827686851,-21.189305,-47.8044856
1827686853,-21.1893454,-47.8012666
1827686855,-21.1894161,-47.79962
1827686859,-21.1895861,-47.7978149
1827686861,-21.1897348,-47.8024269
1827686863,-21.1897249,-47.79962
1827686867,-21.1898575,-47.8012776
1827686869,-21.1898277,-47.8037228
1827686877,-21.1900937,-47.8019079
1827686881,-21.1902839,-47.7995744
1827686883,-21.1903908,-47.8012555
1827686886,-21.1903765,-47.8029673
1827686888,-21.190738,-47.8024618
1827686890,-21.190759,-47.7977935
1827686894,-21.1908516,-47.7995449
1827686896,-21.1909547,-47.8012281
1827686898,-21.1911182,-47.8019447
1827686902,-21.1913314,-47.7978579
1827686904,-21.1914543,-47.7995262
1827686906,-21.1915856,-47.8011395
1827686909,-21.1919292,-47.7979329
1827686910,-21.1920295,-47.7994886
1827686917,-21.1921444,-47.7979615
1827686924,-21.1923359,-47.8011389
1827686926,-21.1924723,-47.7980027
1827686933,-21.192751,-47.799058
1827686941,-21.193201,-47.800035
1827686942,-21.1932843,-47.7999151
1827717608,-21.2101068,-47.7877928
1827717612,-21.2103346,-47.7880721
1827717617,-21.2106012,-47.7842301
1827717629,-21.2107287,-47.7833289
1827717630,-21.2106995,-47.7885174
1827717632,-21.2107612,-47.7881153
1827717635,-21.2108096,-47.788097
1827717661,-21.2109533,-47.7885686
1827717669,-21.2109932,-47.7885451
1827717672,-21.2110619,-47.7882128
1827717677,-21.2110789,-47.7882505
1827717681,-21.2110925,-47.7855464
1827717683,-21.2112238,-47.7827227
1827717715,-21.2113608,-47.7869077
1827717721,-21.2115326,-47.7798474
1827717723,-21.2115413,-47.7850643
1827717725,-21.2114976,-47.7884317
1827717727,-21.2116789,-47.7820977
1827717728,-21.2116276,-47.7758314
1827717730,-21.2118439,-47.7846941
1827717732,-21.2118922,-47.7852447
1827717770,-21.2119513,-47.7856986
1827717776,-21.2119964,-47.7844527
1827717785,-21.2121228,-47.7871988
1827717788,-21.212119,-47.7814708
1827717790,-21.2121491,-47.7858889
1827717793,-21.2120384,-47.7754058
1827717806,-21.2121511,-47.7854331
1827717808,-21.2121807,-47.7858883
1827717818,-21.2121766,-47.7748293
1827717824,-21.2123815,-47.7769546
1827717825,-21.2123701,-47.7856189
1827717829,-21.2123729,-47.7856705
1827717831,-21.2123135,-47.7795113
1827717832,-21.2123153,-47.775238
1827717835,-21.2123981,-47.7760976
1827717860,-21.2124915,-47.7838278
1827717872,-21.2125649,-47.7760204
1827717875,-21.2125925,-47.7776522
1827717876,-21.2125956,-47.7858675
1827717877,-21.2125765,-47.7808418
1827717878,-21.2127066,-47.7835864
1827717882,-21.2128841,-47.7861605
1827717883,-21.2128299,-47.7784333
1827717884,-21.2129591,-47.7832216
1827717885,-21.2130726,-47.7792086
1827717887,-21.2131275,-47.7858479
1827717904,-21.2130515,-47.7802433
1827717910,-21.2131519,-47.7766008
1827717921,-21.2132549,-47.7840954
1827717926,-21.2132681,-47.7820884
1827717930,-21.2133704,-47.7855361
1827717931,-21.2133662,-47.7842094
1827717933,-21.2133917,-47.7826181
1827717935,-21.213262,-47.7800213
1827717941,-21.2134686,-47.782494
1827717943,-21.2134105,-47.7773354
1827717957,-21.2135079,-47.7793158
1827717958,-21.2135061,-47.7793804
1827717966,-21.213612,-47.7795211
1827717968,-21.2136633,-47.7780744
1827717970,-21.2136723,-47.7795328
1827717972,-21.2136933,-47.7791757
1827717973,-21.2138415,-47.7849234
1827717985,-21.2138253,-47.7792834
1827717990,-21.2138379,-47.7793376
1827717992,-21.2138832,-47.7746102
1827717999,-21.2139772,-47.7847479
1827718003,-21.2140426,-47.7818652
1827718007,-21.214115,-47.775398
1827718011,-21.2142363,-47.7799259
1827718022,-21.2143576,-47.784271
1827718028,-21.2143541,-47.7797894
1827718033,-21.2144726,-47.7825183
1827718036,-21.2145927,-47.7826229
1827718043,-21.214687,-47.7752433
1827718051,-21.2147282,-47.7873276
1827718092,-21.2147786,-47.7869153
1827718095,-21.2148343,-47.7760441
1827718096,-21.2148436,-47.7836281
1827718101,-21.2148919,-47.7804795
1827718115,-21.2149019,-47.7817013
1827718118,-21.2149637,-47.776831
1827718126,-21.2149516,-47.7803248
1827718131,-21.2149643,-47.7861414
1827718143,-21.2150901,-47.7776015
1827718155,-21.2152269,-47.7783423
1827718173,-21.2153089,-47.7829833
1827718175,-21.2152118,-47.7820372
1827718179,-21.2152466,-47.7809713
1827718181,-21.2152702,-47.7812519
1827718187,-21.2152578,-47.7854124
1827718217,-21.2155204,-47.7815197
1827718222,-21.215567,-47.7846495
1827718225,-21.2155176,-47.7806475
1827718239,-21.2155603,-47.7815285
1827718241,-21.215677,-47.7821212
1827718247,-21.2157266,-47.7911039
1827718250,-21.2157271,-47.7806221
1827718253,-21.2157547,-47.7830163
1827718256,-21.2157514,-47.7775255
1827718266,-21.2158229,-47.7838033
1827718276,-21.2158602,-47.7822013
1827718286,-21.2159395,-47.7830385
1827718288,-21.215927,-47.7814483
1827718293,-21.2160049,-47.7767271
1827718296,-21.2160143,-47.7838157
1827718298,-21.216053,-47.7808857
1827718300,-21.2160763,-47.7791432
1827718315,-21.2161268,-47.7869843
1827718327,-21.2161189,-47.7800896
1827718336,-21.2162232,-47.7881234
1827718367,-21.2163136,-47.7869862
1827718371,-21.216342,-47.7759966
1827718382,-21.2164219,-47.788155
1827718386,-21.21644,-47.7845435
1827718389,-21.2164803,-47.7804055
1827718400,-21.2165268,-47.7785542
1827718408,-21.216659,-47.7812716
1827718413,-21.2166526,-47.7886456
1827718438,-21.2167808,-47.7795407
1827718439,-21.2168542,-47.7852275
1827718441,-21.2168871,-47.7796235
1827718448,-21.2168171,-47.7752133
1827718454,-21.2170328,-47.7834002
1827718457,-21.2170565,-47.7823169
1827718459,-21.2170594,-47.7778636
1827718463,-21.2170728,-47.7868187
1827718474,-21.2172118,-47.7883446
1827718479,-21.2172681,-47.7898392
1827718481,-21.2172744,-47.7859061
1827718487,-21.2173224,-47.7802767
1827718495,-21.2173709,-47.7774562
1827718519,-21.2174818,-47.7829766
1827718527,-21.2174982,-47.7826351
1827718529,-21.2175606,-47.777224
1827718534,-21.2176222,-47.7838874
1827718544,-21.2177182,-47.7894546
1827718548,-21.2178036,-47.7829966
1827718550,-21.2178152,-47.7826449
1827718552,-21.2178209,-47.7865348
1827718554,-21.2178147,-47.779671
1827718561,-21.2179367,-47.7795128
1827718574,-21.2180286,-47.7885755
1827718576,-21.218063,-47.7821288
1827718578,-21.2180054,-47.7779649
1827718580,-21.2180295,-47.7884517
1827718581,-21.2180981,-47.7820224
1827718587,-21.2180247,-47.776632
1827718592,-21.2180949,-47.7780694
1827718601,-21.2180444,-47.7800271
1827718609,-21.2182235,-47.7843929
1827718616,-21.2184006,-47.7789219
1827718618,-21.2185939,-47.7861514
1827718624,-21.2184765,-47.7911438
1827718625,-21.2185667,-47.7759404
1827718626,-21.2186009,-47.7887287
1827718627,-21.2186666,-47.7785714
1827718628,-21.2186638,-47.7826429
1827718632,-21.2187684,-47.7881468
1827718634,-21.2188219,-47.7849123
1827718636,-21.2188633,-47.7783302
1827718646,-21.2192057,-47.7806744
1827718649,-21.2192393,-47.7831451
1827718651,-21.2192781,-47.7855603
1827718654,-21.2193192,-47.7762659
1827718656,-21.2193437,-47.777716
1827718662,-21.2193881,-47.7807716
1827718678,-21.2194077,-47.7854207
1827718680,-21.2194141,-47.7763554
1827718682,-21.2194731,-47.7878214
1827718685,-21.2197124,-47.7800871
1827718688,-21.2197181,-47.7813049
1827718691,-21.2198141,-47.7771145
1827718694,-21.2198399,-47.7836692
1827718708,-21.220084,-47.7849644
1827718713,-21.220076,-47.7860069
1827718723,-21.2201913,-47.7839894
1827718724,-21.2201648,-47.7766661
1827718725,-21.2201787,-47.779483
1827718728,-21.2202194,-47.7874768
1827718736,-21.2203315,-47.7830784
1827718741,-21.2203721,-47.7883243
1827718751,-21.2206238,-47.7814147
1827718754,-21.220581,-47.7893874
1827718756,-21.220656,-47.7788456
1827718781,-21.2208125,-47.7779604
1827728684,-21.2023319,-47.7813871
1827728689,-21.2024532,-47.7808272
1827728699,-21.2028584,-47.7805966
1827728726,-21.2033152,-47.7817163
1827728727,-21.2033313,-47.78077
1827728735,-21.2035143,-47.7811855
1827728750,-21.205538,-47.7693641
1827728760,-21.2060858,-47.7696107
1827728766,-21.2064723,-47.7862734
1827728785,-21.2070505,-47.7905055
1827728787,-21.2076047,-47.7899588
1827743433,-21.195311,-47.7741125
1827743436,-21.1963509,-47.7781381
1827743437,-21.1968989,-47.7754016
1827743439,-21.1972577,-47.7748997
1827743440,-21.197625,-47.7743859
1827743441,-21.1978065,-47.7761311
1827743442,-21.1979912,-47.7738737
1827743443,-21.1981604,-47.775623
1827743449,-21.1985199,-47.7751188
1827743451,-21.1986895,-47.7768884
1827743460,-21.198883,-47.7746226
1827743467,-21.1990858,-47.7763506
1827743473,-21.199436,-47.7758583
1827743474,-21.1993513,-47.776954
1827743476,-21.199502,-47.7767257
1827743477,-21.1997955,-47.7753522
1827743479,-21.199807,-47.7713578
1827743480,-21.1998606,-47.7763566
1827743485,-21.2001657,-47.767379
1827743487,-21.2003514,-47.7758321
1827743513,-21.2007098,-47.7720879
1827743526,-21.2012444,-47.7693613
1827743531,-21.2015198,-47.7745848
1827743533,-21.2016241,-47.7710123
1827743541,-21.2016296,-47.7728431
1827743544,-21.2015794,-47.7744527
1827743556,-21.2020241,-47.7731061
1827743560,-21.2020359,-47.7682388
1827743574,-21.2021049,-47.774941
1827743576,-21.202014,-47.7679873
1827743581,-21.2022582,-47.770953
1827743584,-21.2026826,-47.7681108
1827743587,-21.2027728,-47.7774085
1827743588,-21.2029161,-47.7708927
1827743590,-21.2029634,-47.7766642
1827743592,-21.2030669,-47.7721009
1827743608,-21.2033701,-47.7683992
1827743614,-21.2035128,-47.7750014
1827743616,-21.2036627,-47.7719364
1827743619,-21.2037271,-47.777673
1827743623,-21.2039293,-47.7720526
1827743624,-21.2039187,-47.7769481
1827743627,-21.2040341,-47.7687439
1827743628,-21.2040973,-47.780162
1827743630,-21.2041748,-47.769289
1827743637,-21.2042835,-47.7704229
1827743644,-21.2043575,-47.7751953
1827743654,-21.2043596,-47.7722968
1827743659,-21.2045182,-47.7784115
1827743662,-21.2045724,-47.7751179
1827743666,-21.2047454,-47.7807881
1827743677,-21.2050393,-47.7724829
1827743679,-21.205135,-47.7789671
1827743681,-21.2052975,-47.7722673
1827743684,-21.2053822,-47.7813125
1827743685,-21.2053887,-47.7842222
1827743704,-21.205552,-47.7834544
1827743706,-21.2056778,-47.7828168
1827743710,-21.2057241,-47.779756
1827743716,-21.2061234,-47.7803745
1827743718,-21.2059531,-47.7852107
1827743724,-21.2062083,-47.7837775
1827743725,-21.2063582,-47.7830938
1827743727,-21.206506,-47.776657
1827743728,-21.2065579,-47.7813752
1827743731,-21.2066755,-47.7698745
1827743745,-21.2068961,-47.7841276
1827743747,-21.2070334,-47.7892821
1827743755,-21.2073079,-47.7735232
1827743757,-21.2074435,-47.7779777
1827743759,-21.2073671,-47.7701853
1827743766,-21.2075943,-47.7839019
1827743786,-21.2079234,-47.7740254
1827743790,-21.2080551,-47.7794659
1827743792,-21.208077,-47.7704944
1827743795,-21.2082104,-47.7850236
1827743797,-21.2082574,-47.7844867
1827743810,-21.2085548,-47.7747631
1827743814,-21.2085221,-47.7706949
1827743818,-21.2086543,-47.7808194
1827743820,-21.2088528,-47.7847753
1827743821,-21.2088779,-47.7728337
1827743823,-21.2090584,-47.7756381
1827743838,-21.2090643,-47.7775248
1827743846,-21.2091932,-47.771006
1827743850,-21.2092517,-47.7760161
1827743858,-21.209366,-47.7853132
1827743860,-21.2094601,-47.7734046
1827743862,-21.209511,-47.7845621
1827743867,-21.2098394,-47.7714921
1827743868,-21.2100302,-47.7740057
1827743891,-21.2102603,-47.7767014
1827743893,-21.2106157,-47.7747059
1827743895,-21.2104133,-47.7721916
1827743897,-21.2105224,-47.7752502
1827743901,-21.2109546,-47.7728611
1827743904,-21.211673,-47.7739303
1827743908,-21.2118309,-47.7747415
1827763292,-21.1870541,-47.7842549
1827763293,-21.1870529,-47.7860018
1827763299,-21.1875083,-47.7857983
1827763301,-21.1874659,-47.786168
1827763309,-21.1877786,-47.7849551
1827763359,-21.19074,-47.7799135
1827763361,-21.1911683,-47.779663
1827763362,-21.1917634,-47.7976917
1827763367,-21.1922853,-47.7977572
1827763378,-21.1935999,-47.7755386
1827763383,-21.1938147,-47.7767593
1827763388,-21.1941046,-47.7764081
1827763389,-21.1940705,-47.7758771
1827763396,-21.1942244,-47.7756198
1827763397,-21.194384,-47.7769023
1827763399,-21.1945893,-47.7751122
1827763401,-21.1949176,-47.7761784
1827763404,-21.1949497,-47.774599
1827763408,-21.1952735,-47.7756695
1827763410,-21.1952929,-47.7776075
1827763413,-21.1954829,-47.7776999
1827763418,-21.195634,-47.7751639
1827763423,-21.1956767,-47.7736128
1827763427,-21.1957885,-47.7769371
1827763428,-21.1959516,-47.7746398
1827763430,-21.1960455,-47.7731199
1827763431,-21.1961816,-47.7764049
1827763434,-21.1963236,-47.7741325
1827763435,-21.1964004,-47.7726013
1827763440,-21.1965369,-47.7759079
1827763442,-21.1966983,-47.7776596
1827763444,-21.1966896,-47.773632
1827763445,-21.1967477,-47.772103
1827763451,-21.1970913,-47.7771434
1827763452,-21.197064,-47.7731242
1827763460,-21.1971256,-47.7715907
1827763464,-21.1974786,-47.7788884
1827763465,-21.1974196,-47.7726057
1827763466,-21.1974529,-47.776645
1827763467,-21.1974183,-47.7708089
1827763469,-21.1974805,-47.7710985
1827763474,-21.1977844,-47.7720931
1827763478,-21.1981817,-47.7716266
1827763483,-21.1983471,-47.7733759
1827763484,-21.1983736,-47.7795432
1827763486,-21.1985833,-47.7695567
1827763487,-21.198709,-47.7728696
1827763491,-21.1989038,-47.7706197
1827763493,-21.1990728,-47.7723607
1827763497,-21.1992388,-47.7741065
1827763500,-21.199269,-47.7685549
1827763501,-21.1992621,-47.7701126
1827763503,-21.1993198,-47.7947617
1827763506,-21.1994328,-47.7718572
1827763508,-21.199613,-47.7736063
1827763510,-21.1996053,-47.7911999
1827763511,-21.1996372,-47.7680501
1827763513,-21.1997119,-47.7670271
1827763517,-21.199978,-47.7731101
1827763526,-21.1999614,-47.7691249
1827763537,-21.2001568,-47.774846
1827763538,-21.2002338,-47.7906096
1827763544,-21.2002507,-47.7917306
1827763548,-21.200343,-47.7725921
1827763549,-21.200324,-47.7686176
1827763551,-21.2003627,-47.7907469
1827763554,-21.2005236,-47.7743438
1827763556,-21.200562,-47.7899513
1827763562,-21.2007743,-47.7753747
1827763568,-21.2008868,-47.7738396
1827763569,-21.2008387,-47.7905753
1827763570,-21.2008766,-47.7770739
1827763577,-21.2010401,-47.7675259
1827763579,-21.2012235,-47.774905
1827763583,-21.2012628,-47.7733256
1827763585,-21.201273,-47.7871369
1827763586,-21.2012744,-47.7764346
1827763590,-21.2013859,-47.7807362
1827763591,-21.2014373,-47.7872269
1827763597,-21.201491,-47.7913931
1827763616,-21.2018086,-47.7737884
1827763619,-21.2018211,-47.7873851
1827763636,-21.2020887,-47.7772719
1827763641,-21.2023328,-47.787913
1827763642,-21.2023462,-47.7839144
1827763654,-21.2026203,-47.7817981
1827763656,-21.2026638,-47.7859253
1827763658,-21.2027557,-47.7857731
1827763660,-21.2029139,-47.7885854
1827763662,-21.2028126,-47.7750295
1827763663,-21.2028853,-47.7818807
1827763669,-21.2030366,-47.7846325
1827763670,-21.2030963,-47.793064
1827763673,-21.2031132,-47.7932985
1827763675,-21.2030875,-47.7934816
1827763676,-21.2031534,-47.7921837
1827763684,-21.2033271,-47.7933148
1827763686,-21.203294,-47.7863679
1827763688,-21.2033503,-47.7834087
1827763691,-21.2033915,-47.7832271
1827763700,-21.2034515,-47.7892761
1827763703,-21.2035226,-47.778495
1827763712,-21.2036467,-47.7868351
1827763715,-21.2037116,-47.7849671
1827763721,-21.2038214,-47.7819704
1827763722,-21.2038304,-47.7901036
1827763730,-21.2038741,-47.78488
1827763737,-21.2041767,-47.7877137
1827763739,-21.2041788,-47.7836486
1827763740,-21.2042184,-47.7835002
1827763742,-21.2043449,-47.7874523
1827763743,-21.2044393,-47.7829702
1827763744,-21.2044918,-47.7854244
1827763746,-21.2045556,-47.7885262
1827763749,-21.2046798,-47.784552
1827763753,-21.2050224,-47.7880349
1827763761,-21.2054478,-47.7882295
1827763762,-21.2055984,-47.7870863
1827763763,-21.2057624,-47.7852547
1827763764,-21.2056836,-47.7903437
1827763769,-21.2062752,-47.7863329
1827763773,-21.2066148,-47.7874053
1827763775,-21.2067861,-47.7884392
1827763776,-21.2068865,-47.7894137
1827802528,-21.1878659,-47.7858887
1827802535,-21.1881046,-47.7853654
1827802538,-21.1881164,-47.7873885
1827802541,-21.1885584,-47.7871318
1827802543,-21.188613,-47.7887107
1827802546,-21.1887081,-47.7897701
1827802548,-21.1887647,-47.788622
1827802550,-21.1889479,-47.7869071
1827802551,-21.1891779,-47.7883613
1827802553,-21.1892629,-47.7923677
1827802565,-21.1895897,-47.7881069
1827802567,-21.1896296,-47.7915084
1827802570,-21.1898152,-47.7897406
1827802574,-21.1899169,-47.7817577
1827802575,-21.1899694,-47.7909393
1827802578,-21.1904789,-47.7848994
1827802580,-21.1905084,-47.7809082
1827802581,-21.1904792,-47.7898778
1827802582,-21.1905316,-47.7829141
1827802584,-21.1908159,-47.7804354
1827802587,-21.1908982,-47.7803047
1827802592,-21.1911008,-47.7826228
1827802594,-21.1912318,-47.7873415
1827802608,-21.1913421,-47.7811733
1827802611,-21.1913481,-47.7799566
1827802613,-21.1914633,-47.7868181
1827802615,-21.1915195,-47.782297
1827802622,-21.1918376,-47.7790907
1827802624,-21.1918623,-47.7807507
1827802625,-21.1918978,-47.7819785
1827802626,-21.19205,-47.7793791
1827802627,-21.1920645,-47.7857911
1827802628,-21.1922016,-47.7841131
1827802630,-21.1924236,-47.7815326
1827802631,-21.1924486,-47.782739
1827802632,-21.1924847,-47.7781836
1827802633,-21.1925851,-47.7837874
1827802634,-21.1926006,-47.7801635
1827802646,-21.1926731,-47.7847957
1827802648,-21.192736,-47.7780591
1827802649,-21.1928678,-47.7776275
1827802650,-21.1927028,-47.7786411
1827802651,-21.1927283,-47.7788138
1827802653,-21.1929022,-47.7775667
1827802656,-21.1928485,-47.7792659
1827802657,-21.1929503,-47.7843362
1827802658,-21.1929736,-47.7823219
1827802659,-21.193141,-47.7796929
1827802663,-21.1931649,-47.7809365
1827802665,-21.1932135,-47.7770971
1827802670,-21.193552,-47.7768311
1827802672,-21.1935409,-47.7802245
1827802691,-21.1936224,-47.7832292
1827802693,-21.1937218,-47.7817286
1827802695,-21.1937202,-47.7804902
1827802697,-21.1937611,-47.7797252
1827802700,-21.1939067,-47.7807489
1827802702,-21.1939685,-47.7792321
1827802704,-21.1940583,-47.7804436
1827802709,-21.1941776,-47.778784
1827802712,-21.1942175,-47.781165
1827802714,-21.19427,-47.7799812
1827802717,-21.194273,-47.7812579
1827802720,-21.1942853,-47.7825215
1827802723,-21.1943867,-47.7783295
1827802725,-21.1944853,-47.779499
1827802728,-21.1946358,-47.777813
1827802731,-21.194679,-47.7790333
1827802734,-21.1947459,-47.7775604
1827802746,-21.1948307,-47.7820348
1827802748,-21.1948802,-47.7785546
1827802749,-21.1950855,-47.7780877
1827802751,-21.195131,-47.7815764
1827802757,-21.1953901,-47.7811495
1827802760,-21.1956476,-47.780706
1827802764,-21.1959156,-47.78025
1827802769,-21.196172,-47.7798114
1827802775,-21.196421,-47.7793699
1827802777,-21.1967328,-47.7789043
1827802781,-21.1977934,-47.7883972
1827802790,-21.1986306,-47.7852555
1827802791,-21.1989155,-47.7883386
1827802793,-21.1989201,-47.7912621
1827802795,-21.1989491,-47.786957
1827802797,-21.1989502,-47.7867902
1827802799,-21.1989157,-47.7896065
1827802801,-21.1989232,-47.7898079
1827802803,-21.1989983,-47.785213
1827802805,-21.19901,-47.7822548
1827802810,-21.1991111,-47.7916468
1827802813,-21.1995588,-47.7883942
1827802815,-21.1996213,-47.7869781
1827802825,-21.199627,-47.7867363
1827802829,-21.1996794,-47.7852337
1827802830,-21.1996912,-47.7849333
1827802831,-21.1997265,-47.7822253
1827802832,-21.1997099,-47.7838307
1827802834,-21.1997141,-47.7836081
1827802836,-21.1997265,-47.7805289
1827802839,-21.1998265,-47.7884623
1827802843,-21.2002076,-47.7853156
1827802847,-21.2002592,-47.785019
1827802848,-21.2003551,-47.7823281
1827802850,-21.2003846,-47.7808591
1827802852,-21.2003376,-47.7871675
1827802854,-21.2005302,-47.7840265
1827802855,-21.2004321,-47.7868873
1827802869,-21.2005726,-47.783805
1827802871,-21.2006222,-47.7888255
1827802874,-21.2008823,-47.7825159
1827802876,-21.200845,-47.7854742
1827802878,-21.201151,-47.7812891
1827802880,-21.2011832,-47.7841841
1827802882,-21.2012283,-47.7839895
1827802884,-21.2015425,-47.7827176
1827802885,-21.2016823,-47.785753
1827802886,-21.2018316,-47.7815925
1827802888,-21.2023775,-47.7829716
1827817053,-21.1841033,-47.7588611
1827817055,-21.1842611,-47.7589285
1827817056,-21.1843572,-47.7609097
1827817057,-21.1843587,-47.7611187
1827817059,-21.1845059,-47.7577047
1827817060,-21.184825,-47.7591889
1827817061,-21.185377,-47.7577368
1827817062,-21.185379,-47.7655288
1827817063,-21.185425,-47.7594458
1827817064,-21.1855315,-47.7647876
1827817065,-21.1855028,-47.7577391
1827817069,-21.1858686,-47.7581015
1827817070,-21.1859415,-47.7696093
1827817071,-21.1859799,-47.7693032
1827817072,-21.1859359,-47.764223
1827817073,-21.1860042,-47.7597036
1827817074,-21.1860916,-47.7686325
1827817075,-21.1861432,-47.7577619
1827817076,-21.1861714,-47.7679085
1827817077,-21.1862636,-47.7671849
1827817078,-21.1862603,-47.7585369
1827817080,-21.1866844,-47.7599894
1827817084,-21.1866618,-47.766546
1827817085,-21.1866922,-47.7589944
1827817086,-21.186044,-47.762058
1827817091,-21.1869266,-47.7578325
1827817092,-21.1869909,-47.7632255
1827817094,-21.1870322,-47.7660075
1827817096,-21.1871142,-47.7594436
1827817098,-21.187142,-47.7624469
1827817099,-21.1871734,-47.769518
1827817110,-21.1872029,-47.7602317
1827817112,-21.1873329,-47.7695427
1827817114,-21.1874283,-47.7654317
1827817118,-21.1875289,-47.7598647
1827817120,-21.1875483,-47.7618401
1827817122,-21.1876053,-47.7688716
1827817126,-21.1878021,-47.7610806
1827817127,-21.1876803,-47.757927
1827817130,-21.1878107,-47.7604943
1827817131,-21.1878054,-47.7688878
1827817132,-21.1878357,-47.7648394
1827817133,-21.1875607,-47.7578539
1827817134,-21.1879742,-47.7603025
1827817136,-21.188021,-47.7668028
1827817137,-21.1880627,-47.7682067
1827817146,-21.1881369,-47.7583763
1827817148,-21.1882448,-47.7682648
1827817149,-21.1882456,-47.7642435
1827817151,-21.1882226,-47.7608966
1827817154,-21.1883585,-47.7607788
1827817156,-21.1884898,-47.7675807
1827817158,-21.1885595,-47.7588033
1827817162,-21.1886948,-47.7697949
1827817163,-21.1886607,-47.7636438
1827817165,-21.1887083,-47.7676036
1827817168,-21.188807,-47.7690887
1827817169,-21.1888804,-47.7610786
1827817172,-21.1889201,-47.7669421
1827817174,-21.1889681,-47.7592558
1827817175,-21.1890588,-47.7630692
1827817176,-21.1890746,-47.7667233
1827817178,-21.1891359,-47.7669863
1827817180,-21.1892036,-47.7776706
1827817182,-21.1892267,-47.7774409
1827817185,-21.1892392,-47.7773082
1827817187,-21.1893242,-47.7579703
1827817189,-21.1893997,-47.7712816
1827817190,-21.1893807,-47.7597032
1827817191,-21.1894383,-47.7608829
1827817192,-21.1894717,-47.7661546
1827817193,-21.1894767,-47.7624593
1827817195,-21.1896262,-47.7662784
1827817198,-21.1898656,-47.7619046
1827817200,-21.1898954,-47.765537
1827817203,-21.189951,-47.7581903
1827817204,-21.1900892,-47.7580086
1827817205,-21.1900201,-47.7657097
1827817208,-21.1900982,-47.7589676
1827817210,-21.1900964,-47.7740962
1827817211,-21.1901149,-47.7608768
1827817214,-21.1902862,-47.7649737
1827817218,-21.1904359,-47.7651131
1827817219,-21.1904215,-47.7716204
1827817220,-21.1904256,-47.7715803
1827817222,-21.1904965,-47.7708791
1827817223,-21.1905942,-47.7584828
1827817225,-21.1905337,-47.7701577
1827817226,-21.190539,-47.7700977
1827817227,-21.1905787,-47.7693948
1827817229,-21.1906126,-47.7686809
1827817230,-21.190676,-47.7679348
1827817233,-21.1906844,-47.7675629
1827817234,-21.1906923,-47.7643898
1827817236,-21.1907955,-47.7608695
1827817237,-21.1907624,-47.7585684
1827817238,-21.1908858,-47.7696616
1827817239,-21.1908386,-47.7645361
1827817240,-21.1909438,-47.7720404
1827817243,-21.1910903,-47.7638322
1827817244,-21.1912437,-47.7691655
1827817245,-21.191227,-47.7639812
1827817246,-21.1912841,-47.7715507
1827817249,-21.1914815,-47.7677841
1827817250,-21.1914578,-47.7608675
1827817251,-21.1914788,-47.7586073
1827817252,-21.1915162,-47.7632583
1827817256,-21.1915878,-47.7686801
1827817257,-21.1916477,-47.7710627
1827817259,-21.1916538,-47.7633905
1827817261,-21.1918878,-47.7671905
1827817265,-21.1919508,-47.7681646
1827817267,-21.191993,-47.7705589
1827817269,-21.1920648,-47.762797
1827817275,-21.1921447,-47.7608732
1827817276,-21.1921445,-47.7600877
1827817277,-21.1921559,-47.7593696
1827817278,-21.1921582,-47.7586352
1827817279,-21.1922818,-47.7731245
1827817281,-21.1922829,-47.7665895
1827817283,-21.1923571,-47.7700646
1827817285,-21.1924151,-47.7608722
1827817288,-21.1924185,-47.7610775
1827817290,-21.1924605,-47.7622191
1827817292,-21.1926312,-47.7671987
1827817294,-21.1926937,-47.7660352
1827817296,-21.1926973,-47.7695765
1827817298,-21.1927477,-47.7719513
1827817300,-21.1928488,-47.7617321
1827817304,-21.1930923,-47.7654479
1827817306,-21.1930471,-47.7690791
1827817314,-21.1930897,-47.7714577
1827817315,-21.1931468,-47.7600936
1827817319,-21.1931491,-47.7594256
1827817323,-21.1931524,-47.7585469
1827817327,-21.1929455,-47.7581663
1827817329,-21.1932682,-47.7663214
1827817331,-21.1934358,-47.7601205
1827817337,-21.1934725,-47.7587214
1827817339,-21.1934366,-47.7709611
1827817341,-21.1934996,-47.7648686
1827817344,-21.193953,-47.7587212
1827817346,-21.1939045,-47.7642803
1827817353,-21.1941384,-47.76998
1827817354,-21.1941966,-47.7723554
1827817355,-21.1942968,-47.7637022
1827817356,-21.1943923,-47.7647452
1827817357,-21.1945526,-47.7742101
1827817359,-21.1945223,-47.7718646
1827817361,-21.1948373,-47.7689912
1827817363,-21.1949055,-47.7737178
1827817365,-21.1950341,-47.7625867
1827817367,-21.1952481,-47.7732273
1827817369,-21.1954647,-47.7681259
1827817371,-21.1955974,-47.7630531
1827817373,-21.1956087,-47.7727309
1827817375,-21.1960932,-47.7672388
1827817377,-21.196281,-47.771741
1827817380,-21.1965767,-47.7664957
1827817384,-21.1969585,-47.7612076
1827817386,-21.1970115,-47.7707721
1827817388,-21.1973503,-47.7588848
1827817392,-21.1974929,-47.7603952
1827817393,-21.1976496,-47.7698926
1827817395,-21.1977823,-47.7648537
1827817397,-21.1980933,-47.7595502
1827817401,-21.1982875,-47.7689976
1827817413,-21.1990994,-47.7630244
1827817415,-21.1996868,-47.7621803
1827817420,-21.2003409,-47.7661353
1827817422,-21.2002721,-47.7613637
1827817426,-21.2024885,-47.7631617
1827817431,-21.2028621,-47.7584274
1827817445,-21.203645,-47.7615288
1827817456,-21.2041643,-47.7593159
1827844229,-21.1737984,-47.7945645
1827844236,-21.1738204,-47.7950783
1827844239,-21.1739412,-47.7944422
1827844242,-21.1741978,-47.7944212
1827844249,-21.1743939,-47.7950503
1827844250,-21.1744276,-47.7946212
1827844258,-21.1749231,-47.7937132
1827844263,-21.1753067,-47.7952241
1827844265,-21.1754798,-47.79294
1827844268,-21.1758305,-47.7944672
1827844272,-21.1760347,-47.7921764
1827844274,-21.176133,-47.7960095
1827844277,-21.1763785,-47.7937075
1827844279,-21.1765948,-47.7913999
1827844280,-21.176628,-47.7974471
1827844285,-21.176747,-47.7952342
1827844295,-21.176936,-47.7929324
1827844298,-21.1770571,-47.7967984
1827844301,-21.1772981,-47.7907538
1827844303,-21.1772999,-47.7944674
1827844305,-21.1774953,-47.7921649
1827844306,-21.1775554,-47.7981965
1827844309,-21.177674,-47.7960244
1827844310,-21.1778515,-47.7899883
1827844312,-21.1778698,-47.7936801
1827844313,-21.1779854,-47.7975322
1827844314,-21.1780571,-47.7913926
1827844316,-21.1782398,-47.7952318
1827844317,-21.1784028,-47.7892117
1827844319,-21.1784506,-47.7929319
1827844323,-21.1785064,-47.7990027
1827844324,-21.1785917,-47.7967557
1827844326,-21.178645,-47.7906323
1827844329,-21.1788356,-47.7992925
1827844331,-21.1788019,-47.7944407
1827844334,-21.1789604,-47.7884516
1827844337,-21.1790059,-47.7921756
1827844339,-21.1789684,-47.7983293
1827844355,-21.1791948,-47.7898762
1827844358,-21.1791751,-47.7959683
1827844364,-21.1793667,-47.793686
1827844366,-21.1794652,-47.7986721
1827844368,-21.1796377,-47.7876908
1827844370,-21.1795686,-47.7914004
1827844372,-21.1795518,-47.7975336
1827844382,-21.179699,-47.7991106
1827844384,-21.1797237,-47.78908
1827844386,-21.1797131,-47.7951972
1827844387,-21.1798273,-47.7996608
1827844389,-21.1799444,-47.7929308
1827844395,-21.1800675,-47.7979155
1827844396,-21.1801176,-47.7906212
1827844397,-21.1800977,-47.7967501
1827844403,-21.1802663,-47.7989595
1827844405,-21.1802677,-47.7944253
1827844407,-21.1802789,-47.7883014
1827844408,-21.1803994,-47.7871023
1827844410,-21.180412,-47.7994949
1827844411,-21.1804966,-47.7921622
1827844413,-21.1806044,-47.8003013
1827844416,-21.180652,-47.7959913
1827844418,-21.1806665,-47.789838
1827844420,-21.180665,-47.798397
1827844430,-21.1808745,-47.7875141
1827844432,-21.1808714,-47.7936708
1827844437,-21.1810613,-47.7913756
1827844439,-21.1812188,-47.7952007
1827844440,-21.1812301,-47.7890773
1827844441,-21.1813276,-47.7866958
1827844442,-21.1814193,-47.7867702
1827844443,-21.1814399,-47.7928953
1827844445,-21.1815909,-47.7992047
1827844446,-21.1816098,-47.7906174
1827844448,-21.1817728,-47.7999841
1827844449,-21.1818118,-47.7882781
1827844450,-21.1817651,-47.7944321
1827844451,-21.1817945,-47.7968466
1827844454,-21.1820232,-47.7909575
1827844455,-21.1819667,-47.7921445
1827844456,-21.1821523,-47.7898355
1827844457,-21.1822039,-47.7984097
1827844458,-21.1822272,-47.7990635
1827844459,-21.1822755,-47.7886528
1827844460,-21.1823401,-47.7862772
1827844463,-21.182337,-47.7875264
1827844465,-21.1824072,-47.7998346
1827844467,-21.1823182,-47.7936242
1827844468,-21.1823449,-47.7960958
1827844471,-21.1825129,-47.7913519
1827844474,-21.1825755,-47.7901738
1827844476,-21.1827579,-47.7976278
1827844478,-21.1827371,-47.7890378
1827844487,-21.1828495,-47.7989135
1827844489,-21.1828116,-47.7879174
1827844492,-21.1828749,-47.7859522
1827844494,-21.1828895,-47.7867529
1827844497,-21.182853,-47.7928758
1827844498,-21.1828765,-47.7953266
1827844500,-21.1830968,-47.7988465
1827844502,-21.1830245,-47.7972038
1827844503,-21.1830925,-47.7979866
1827844504,-21.183089,-47.7905907
1827844506,-21.18314,-47.7996643
1827844507,-21.1831543,-47.7893741
1827844513,-21.183305,-47.7968483
1827844515,-21.1832452,-47.7979826
1827844517,-21.1832645,-47.7882887
1827844519,-21.1833633,-47.7871445
1827844521,-21.1833522,-47.7860771
1827844533,-21.1834316,-47.7987645
1827844534,-21.1834194,-47.7920831
1827844535,-21.1834419,-47.7945478
1827844538,-21.1836192,-47.7860938
1827844539,-21.1836176,-47.7995472
1827844540,-21.1836736,-47.7897825
1827844550,-21.1838578,-47.7968788
1827844553,-21.1838224,-47.7875115
1827844555,-21.1838465,-47.7960923
1827844560,-21.1839662,-47.7913145
1827844566,-21.1840416,-47.7977639
1827844569,-21.1839912,-47.7937785
1827844595,-21.184179,-47.7890315
1827844597,-21.1842019,-47.7985512
1827844603,-21.1843712,-47.786732
1827844605,-21.1843748,-47.7993385
1827844607,-21.1845206,-47.7967192
1827844612,-21.1845666,-47.7904951
1827844615,-21.1846068,-47.7954505
1827844618,-21.1847782,-47.7975775
1827844622,-21.1847503,-47.7862061
1827844625,-21.1847511,-47.7882405
1827844628,-21.1848233,-47.794511
1827844645,-21.1848881,-47.7871366
1827844647,-21.1850095,-47.7983433
1827844648,-21.184885,-47.7860105
1827844654,-21.1851098,-47.7861252
1827844656,-21.1850507,-47.7897246
1827844659,-21.185152,-47.7964363
1827844664,-21.1852153,-47.7991183
1827844666,-21.1852287,-47.7875785
1827844667,-21.1852396,-47.7948698
1827844671,-21.1851443,-47.7894511
1827844682,-21.1853417,-47.792627
1827844684,-21.1852926,-47.7874823
1827844690,-21.1854522,-47.7953902
1827844691,-21.1854283,-47.7863852
1827844692,-21.1854822,-47.7972476
1827844693,-21.1854529,-47.7883837
1827844694,-21.1854785,-47.7859804
1827844697,-21.1856391,-47.7910175
1827844699,-21.1857398,-47.7961546
1827844700,-21.1857835,-47.7943763
1827844701,-21.185776,-47.7980161
1827844702,-21.1857413,-47.7915787
1827844705,-21.1858351,-47.7867125
1827844707,-21.1860005,-47.7919946
1827844710,-21.1860736,-47.7951314
1827844711,-21.1860586,-47.7987081
1827844713,-21.1860701,-47.7969588
1827844716,-21.1861525,-47.789683
1827844718,-21.1861697,-47.7851597
1827844726,-21.1863625,-47.7958743
1827844728,-21.1863679,-47.794089
1827844729,-21.1863739,-47.7976905
1827844733,-21.1863791,-47.7908791
1827844743,-21.1863061,-47.7929431
1827844745,-21.1864991,-47.7858343
1827844750,-21.1865637,-47.7918651
1827844751,-21.1865254,-47.7897781
1827844752,-21.1866839,-47.7948591
1827844753,-21.1867151,-47.7984345
1827844754,-21.1866864,-47.7966696
1827844755,-21.1867578,-47.7928524
1827844756,-21.1868202,-47.7932914
1827844759,-21.1870015,-47.7974515
1827844760,-21.1869977,-47.7955766
1827844761,-21.186944,-47.7938385
1827844762,-21.1870892,-47.7904525
1827844767,-21.1871684,-47.7906899
1827844768,-21.1872878,-47.7981703
1827844769,-21.1872841,-47.7945319
1827844770,-21.1873291,-47.7964006
1827844772,-21.1874115,-47.7894392
1827844774,-21.1873569,-47.7916846
1827844775,-21.1873997,-47.7863906
1827844777,-21.1875396,-47.7926613
1827844780,-21.1876092,-47.7952655
1827844782,-21.187633,-47.7971511
1827844787,-21.1877056,-47.7891642
1827844788,-21.1877171,-47.7936446
1827844790,-21.1878755,-47.7943977
1827844792,-21.1879844,-47.7905363
1827844795,-21.1879956,-47.7951497
1827844808,-21.188149,-47.7915316
1827844809,-21.1881821,-47.7959765
1827844811,-21.1883294,-47.7925098
1827844812,-21.1883447,-47.7968083
1827844813,-21.1885351,-47.7977418
1827844814,-21.1885088,-47.793489
1827844816,-21.1885803,-47.7939354
1827844817,-21.1886421,-47.7903845
1827844818,-21.1887389,-47.7914095
1827844819,-21.1890744,-47.7923565
1827844820,-21.1891849,-47.7925661
1827868720,-21.1698425,-47.7915057
1827868722,-21.1699244,-47.7909572
1827868724,-21.1700213,-47.7903478
1827868736,-21.1700118,-47.790176
1827868738,-21.1700831,-47.7917418
1827868739,-21.1700994,-47.7896945
1827868741,-21.1703345,-47.7898636
1827868744,-21.1703985,-47.7913409
1827868746,-21.1706952,-47.7909638
1827868748,-21.1707283,-47.7888687
1827868750,-21.1707416,-47.792334
1827868751,-21.1709588,-47.7890864
1827868753,-21.1710366,-47.790476
1827868755,-21.1710661,-47.7919229
1827868757,-21.1712903,-47.7882038
1827868759,-21.1713929,-47.7915087
1827868761,-21.1714245,-47.7929641
1827868763,-21.171539,-47.7884107
1827868767,-21.1716464,-47.789701
1827868775,-21.1717428,-47.7910651
1827868777,-21.171764,-47.7925281
1827868780,-21.1720878,-47.7921123
1827868781,-21.1721284,-47.7936086
1827868783,-21.1722179,-47.7890004
1827868785,-21.1723287,-47.7903113
1827868788,-21.1724372,-47.7916637
1827868790,-21.1724709,-47.7931621
1827868794,-21.1725868,-47.7865856
1827868801,-21.1728122,-47.7927382
1827868805,-21.172902,-47.7895885
1827868807,-21.1730485,-47.7909186
1827868810,-21.1724096,-47.7887623
1827868812,-21.1731802,-47.7858432
1827868815,-21.1732076,-47.793796
1827868833,-21.1731682,-47.7922933
1827868834,-21.1735023,-47.7874051
1827868835,-21.1735729,-47.7933433
1827868838,-21.1736006,-47.7901866
1827868842,-21.1737662,-47.785142
1827868844,-21.1737769,-47.7915308
1827868847,-21.1739217,-47.7929078
1827868851,-21.1740839,-47.7866386
1827868853,-21.1741937,-47.7880327
1827868855,-21.1743265,-47.784433
1827868856,-21.1743175,-47.7907878
1827868858,-21.1744687,-47.7940924
1827868863,-21.1745184,-47.7921491
1827868886,-21.1746823,-47.7859026
1827868888,-21.1747735,-47.7872791
1827868892,-21.1748104,-47.7936272
1827868896,-21.1748779,-47.7886453
1827868898,-21.1748517,-47.7837593
1827868904,-21.1750653,-47.7914034
1827868905,-21.1752356,-47.7851929
1827868906,-21.1752968,-47.7831884
1827868907,-21.1753742,-47.7865271
1827868908,-21.1753677,-47.7928528
1827868910,-21.1754745,-47.7879151
1827868912,-21.1755351,-47.7892639
1827868914,-21.1757785,-47.7845196
1827868916,-21.1759388,-47.7857967
1827868917,-21.1759267,-47.7920857
1827868934,-21.1759278,-47.7828094
1827868937,-21.1760535,-47.7871756
1827868939,-21.1760648,-47.7822621
1827868942,-21.1760844,-47.782633
1827868944,-21.1761187,-47.7885217
1827868947,-21.1762033,-47.7839761
1827868949,-21.1762302,-47.7898849
1827868950,-21.1763999,-47.7822516
1827868951,-21.1766591,-47.7864195
1827868953,-21.1767379,-47.7814689
1827868954,-21.1767603,-47.7832568
1827868956,-21.1767743,-47.787779
1827868960,-21.1768501,-47.7845776
1827868962,-21.1768184,-47.7891463
1827868981,-21.1771517,-47.7822244
1827868984,-21.1771721,-47.7906555
1827868986,-21.1772303,-47.7808812
1827868989,-21.1773361,-47.7825569
1827868992,-21.1773513,-47.7870385
1827868994,-21.1773106,-47.7857633
1827868997,-21.1774368,-47.7838494
1827868999,-21.1774025,-47.7884018
1827869006,-21.1776096,-47.7804184
1827869009,-21.1777319,-47.7898892
1827869012,-21.1777362,-47.7788669
1827869016,-21.1778249,-47.7834351
1827869025,-21.17772,-47.7806072
1827869027,-21.1780303,-47.7808534
1827869031,-21.1780139,-47.7876318
1827869035,-21.1782524,-47.7859055
1827869037,-21.1782854,-47.789111
1827869041,-21.1783798,-47.7806862
1827869043,-21.1785045,-47.7797712
1827869045,-21.1784143,-47.7813616
1827869049,-21.1786794,-47.7849603
1827869053,-21.178806,-47.7866997
1827869055,-21.1788451,-47.7803853
1827869058,-21.1788488,-47.7883462
1827869062,-21.1791177,-47.7827747
1827869069,-21.17914,-47.780917
1827869071,-21.1791356,-47.7825772
1827869077,-21.1792817,-47.7845579
1827869085,-21.1794138,-47.7863133
1827869087,-21.1795055,-47.7875884
1827869089,-21.1795266,-47.7791417
1827869091,-21.1794555,-47.782911
1827869093,-21.1795629,-47.7806533
1827869100,-21.1795534,-47.7822507
1827869103,-21.1796546,-47.7805906
1827869105,-21.1796561,-47.7823598
1827869113,-21.179828,-47.784173
1827869116,-21.1799299,-47.7872444
1827869117,-21.1799569,-47.7828757
1827869119,-21.1800353,-47.7859231
1827869127,-21.1801658,-47.7802679
1827869130,-21.1802183,-47.7791072
1827869132,-21.1803122,-47.7820337
1827869137,-21.1804505,-47.7837766
1827869140,-21.1804858,-47.7823905
1827869142,-21.1805311,-47.7783649
1827869154,-21.1805436,-47.7868658
1827869155,-21.1806393,-47.7855601
1827869157,-21.1806959,-47.7799397
1827869159,-21.1808437,-47.7830324
1827869160,-21.180924,-47.7816433
1827869162,-21.1809639,-47.7780301
1827869166,-21.1810484,-47.7834032
1827869169,-21.1812062,-47.7851628
1827869171,-21.181203,-47.7796061
1827869173,-21.181227,-47.7865776
1827869177,-21.1814103,-47.7748353
1827869180,-21.1814581,-47.7813083
1827869192,-21.1814534,-47.783151
1827869194,-21.1816152,-47.7829283
1827869195,-21.1816998,-47.7830834
1827869197,-21.1818132,-47.7792199
1827869198,-21.1818373,-47.7847885
1827869200,-21.1818536,-47.786303
1827869202,-21.1818625,-47.7833848
1827869203,-21.181994,-47.780971
1827869229,-21.1823517,-47.7788755
1827869231,-21.1824327,-47.7843962
1827869245,-21.1825601,-47.786024
1827869249,-21.1826031,-47.7805869
1827869251,-21.182592,-47.7834019
1827869254,-21.1826822,-47.783
1827869258,-21.1827485,-47.7823187
1827869259,-21.1828069,-47.7824767
1827869285,-21.1829207,-47.7785205
1827869287,-21.1829546,-47.7840507
1827869293,-21.1831506,-47.7802443
1827869297,-21.18321,-47.7857567
1827869298,-21.183307,-47.7782805
1827869299,-21.1832938,-47.7833457
1827869301,-21.18335,-47.781935
1827869303,-21.1834687,-47.7781811
1827869305,-21.1835237,-47.7837297
1827869309,-21.1836921,-47.7798921
1827869318,-21.1837733,-47.7854685
1827869322,-21.1838399,-47.7753596
1827869324,-21.1839102,-47.7779138
1827869326,-21.183899,-47.7816342
1827869328,-21.1839941,-47.7830885
1827869330,-21.1841421,-47.7833627
1827869332,-21.1840824,-47.7852612
1827869334,-21.1841413,-47.7749882
1827869336,-21.1842548,-47.7832901
1827869341,-21.1842986,-47.7851153
1827869344,-21.1843318,-47.7776424
1827869345,-21.1844447,-47.7746173
1827869346,-21.1844681,-47.7812756
1827869354,-21.1845749,-47.7774841
1827869356,-21.1846444,-47.7792899
1827869358,-21.1847105,-47.7768492
1827869360,-21.1847689,-47.7742303
1827869362,-21.1847973,-47.7784992
1827869369,-21.1849635,-47.7809807
1827869379,-21.1848743,-47.7846913
1827869385,-21.1850209,-47.7764675
1827869386,-21.1850602,-47.7771744
1827869389,-21.1850755,-47.77385
1827869391,-21.1850793,-47.7790251
1827869392,-21.1851222,-47.7831034
1827869408,-21.1853009,-47.778159
1827869410,-21.1853298,-47.7760918
1827869413,-21.1854188,-47.7806939
1827869417,-21.1855574,-47.7808903
1827869420,-21.1853979,-47.7843144
1827869422,-21.1855415,-47.7831484
1827869426,-21.1854974,-47.7851653
1827869427,-21.1856484,-47.7777177
1827869431,-21.1858662,-47.7804372
1827869433,-21.1856351,-47.7757155
1827869437,-21.1856884,-47.7832312
1827869445,-21.1864335,-47.7747228
1827869446,-21.1859746,-47.7803998
1827869448,-21.1859586,-47.7773372
1827869454,-21.1860757,-47.7819548
1827869457,-21.1861211,-47.7837767
1827869460,-21.1861949,-47.779782
1827869462,-21.1861533,-47.7838521
1827869466,-21.1863836,-47.7823219
1827869468,-21.186267,-47.7769526
1827869472,-21.1863574,-47.7791071
1827869474,-21.1863419,-47.7816509
1827869476,-21.1863224,-47.7840599
1827869478,-21.1864658,-47.7841214
1827869480,-21.186443,-47.7832877
1827869485,-21.186579,-47.7765717
1827869490,-21.1867499,-47.7811349
1827869492,-21.1867148,-47.7827293
1827869496,-21.1868081,-47.7842811
1827869497,-21.1868004,-47.7839235
1827869499,-21.1867915,-47.778765
1827869501,-21.186887,-47.7761973
1827869503,-21.187104,-47.778399
1827869505,-21.1871282,-47.780648
1827869507,-21.1871897,-47.775814
1827869510,-21.1873574,-47.7839142
1827869516,-21.1875079,-47.7801928
1827869535,-21.1877276,-47.7776376
1827869537,-21.1878643,-47.7797596
1827869538,-21.1880329,-47.7772569
1827869540,-21.1881719,-47.7793479
1827869543,-21.1883417,-47.7768757
1827869545,-21.1884902,-47.7766906
1827869548,-21.1884883,-47.7789798
1827869555,-21.1887984,-47.7786103
1827869561,-21.1892454,-47.7783741
1827869567,-21.1897363,-47.7781877
1827869583,-21.1922658,-47.7771018
1827869584,-21.1924866,-47.7770944
1827869585,-21.1929742,-47.7764164
1827895295,-21.1715239,-47.762032
1827895297,-21.1717436,-47.7618544
1827895300,-21.1717571,-47.7633442
1827895305,-21.1720313,-47.7632911
1827895307,-21.1721449,-47.7654514
1827895327,-21.1722779,-47.7612332
1827895329,-21.1723044,-47.7613962
1827895331,-21.1723962,-47.7654008
1827895334,-21.1725905,-47.7627832
1827895335,-21.1725962,-47.7681152
1827895336,-21.1726043,-47.760686
1827895337,-21.1726698,-47.7631675
1827895339,-21.1728322,-47.7600694
1827895340,-21.1728755,-47.7680574
1827895341,-21.1730279,-47.7652737
1827895342,-21.1730459,-47.7593858
1827895343,-21.173027,-47.7703642
1827895344,-21.1731334,-47.7704586
1827895345,-21.1731543,-47.7620593
1827895348,-21.1732551,-47.7587181
1827895360,-21.1732853,-47.7630484
1827895364,-21.1733908,-47.7707873
1827895366,-21.1734589,-47.7580669
1827895369,-21.1734529,-47.7715953
1827895375,-21.1734942,-47.7679292
1827895377,-21.1735669,-47.7615296
1827895381,-21.1736241,-47.7727613
1827895383,-21.1736468,-47.7651491
1827895388,-21.1738984,-47.7581057
1827895389,-21.173954,-47.7709018
1827895390,-21.1739611,-47.7610235
1827895392,-21.173969,-47.7725549
1827895397,-21.1739635,-47.7705071
1827895399,-21.1741045,-47.7678029
1827895401,-21.1741954,-47.773716
1827895404,-21.1742164,-47.7650345
1827895406,-21.1743546,-47.7605182
1827895412,-21.1745246,-47.7735002
1827895416,-21.1745437,-47.7702191
1827895418,-21.1746068,-47.7704794
1827895420,-21.1746245,-47.7721039
1827895422,-21.1746759,-47.7676845
1827895424,-21.1747453,-47.7746569
1827895428,-21.1747557,-47.7599723
1827895430,-21.1748003,-47.7649169
1827895444,-21.1749099,-47.7623658
1827895447,-21.1749873,-47.7627287
1827895448,-21.1750252,-47.7619126
1827895449,-21.1750936,-47.7699455
1827895450,-21.1750604,-47.7744607
1827895452,-21.1751431,-47.7594449
1827895453,-21.1751769,-47.7730628
1827895454,-21.1752421,-47.7675688
1827895455,-21.1752958,-47.7716856
1827895456,-21.1753386,-47.7755937
1827895457,-21.1753493,-47.7648064
1827895460,-21.1754062,-47.7614281
1827895465,-21.1755185,-47.7626246
1827895467,-21.1755239,-47.7589266
1827895482,-21.1756099,-47.7753988
1827895485,-21.1757308,-47.7740039
1827895487,-21.1757403,-47.7689831
1827895491,-21.1757753,-47.7764309
1827895492,-21.1758663,-47.7674435
1827895493,-21.1758135,-47.7609102
1827895494,-21.1758486,-47.7713152
1827895495,-21.1758256,-47.7617805
1827895496,-21.1758492,-47.7726394
1827895497,-21.1759347,-47.7646886
1827895498,-21.1759361,-47.7698651
1827895499,-21.1759723,-47.7680352
1827895500,-21.1759461,-47.758352
1827895501,-21.1759502,-47.758176
1827895502,-21.1759919,-47.7574287
1827895507,-21.1760821,-47.7762362
1827895511,-21.176158,-47.767384
1827895513,-21.1762112,-47.7773133
1827895514,-21.1762274,-47.7603576
1827895515,-21.1762387,-47.7631766
1827895516,-21.1762784,-47.7749677
1827895517,-21.1763083,-47.7621735
1827895519,-21.1763576,-47.7670079
1827895520,-21.1763919,-47.7722868
1827895521,-21.1763911,-47.773573
1827895522,-21.1764812,-47.770842
1827895524,-21.1764971,-47.7645754
1827895525,-21.17658,-47.7770765
1827895527,-21.1766195,-47.7598578
1827895530,-21.176755,-47.7757835
1827895532,-21.1768947,-47.7667615
1827895533,-21.1769497,-47.773228
1827895534,-21.1769452,-47.7745249
1827895535,-21.1770194,-47.7593002
1827895536,-21.1770394,-47.7779016
1827895537,-21.1770441,-47.7718209
1827895538,-21.1770658,-47.7644838
1827895539,-21.177146,-47.7704174
1827895540,-21.1772384,-47.7766392
1827895543,-21.1774308,-47.775357
1827895544,-21.1774867,-47.7666468
1827895546,-21.1774936,-47.7741764
1827895547,-21.177549,-47.764437
1827895549,-21.1776441,-47.7727838
1827895550,-21.1775985,-47.7640897
1827895551,-21.1776902,-47.7666145
1827895552,-21.1777065,-47.7713872
1827895553,-21.1777121,-47.7791235
1827895554,-21.1777161,-47.7774638
1827895556,-21.177765,-47.7583048
1827895559,-21.1778274,-47.7699985
1827895561,-21.1778896,-47.776195
1827895562,-21.1779801,-47.7749966
1827895565,-21.1780082,-47.7575325
1827895567,-21.1779654,-47.7635914
1827895571,-21.178027,-47.7644379
1827895577,-21.1781288,-47.77819
1827895579,-21.1781989,-47.7737415
1827895583,-21.1783059,-47.7723496
1827895593,-21.17837,-47.7709526
1827895595,-21.178357,-47.7630636
1827895596,-21.1783856,-47.7770107
1827895597,-21.1784057,-47.7644386
1827895599,-21.1784485,-47.7758358
1827895600,-21.1785098,-47.7644388
1827895601,-21.1785395,-47.765293
1827895603,-21.1785562,-47.7628094
1827895605,-21.1786705,-47.7745787
1827895607,-21.1786297,-47.7641426
1827895608,-21.178713,-47.7775879
1827895609,-21.1788007,-47.7654937
1827895611,-21.1788524,-47.7733197
1827895613,-21.1788653,-47.7693606
1827895615,-21.1789697,-47.7719002
1827895617,-21.1789319,-47.7766589
1827895619,-21.1791105,-47.7754185
1827895620,-21.1791916,-47.7771289
1827895635,-21.179202,-47.7633635
1827895637,-21.1792963,-47.7741419
1827895639,-21.1793575,-47.7774363
1827895642,-21.179403,-47.7702761
1827895644,-21.1795268,-47.7728699
1827895646,-21.1795312,-47.7661043
1827895648,-21.179591,-47.7762554
1827895650,-21.179601,-47.7644408
1827895653,-21.1797545,-47.7765422
1827895654,-21.1797221,-47.7654525
1827895655,-21.1797691,-47.774955
1827895656,-21.1797919,-47.7626065
1827895657,-21.1798614,-47.7675379
1827895660,-21.1799076,-47.7644186
1827895662,-21.1799064,-47.7656148
1827895667,-21.1799309,-47.7648192
1827895668,-21.179979,-47.7737101
1827895672,-21.1799338,-47.7639985
1827895674,-21.1800263,-47.771231
1827895679,-21.1799641,-47.7653921
1827895681,-21.1799972,-47.7769494
1827895683,-21.180071,-47.7685407
1827895689,-21.1801465,-47.7677226
1827895691,-21.1802518,-47.7757905
1827895693,-21.180262,-47.7671861
1827895696,-21.1802841,-47.7651192
1827895699,-21.1802561,-47.7667446
1827895703,-21.1803239,-47.775944
1827895705,-21.1803098,-47.760477
1827895715,-21.1803729,-47.7618387
1827895716,-21.1803744,-47.7643864
1827895718,-21.1804411,-47.7745196
1827895719,-21.180518,-47.7686387
1827895720,-21.1805218,-47.7632244
1827895722,-21.1805688,-47.772198
1827895728,-21.1805834,-47.7670193
1827895731,-21.1805998,-47.7694339
1827895735,-21.1806267,-47.7662505
1827895742,-21.1806593,-47.7646272
1827895746,-21.1806853,-47.7765605
1827895747,-21.1807744,-47.768268
1827895752,-21.1807691,-47.7692277
1827895758,-21.1808919,-47.7753286
1827895761,-21.1809011,-47.7596884
1827895764,-21.1809238,-47.7690023
1827895777,-21.1809722,-47.7610465
1827895779,-21.1809948,-47.7673682
1827895780,-21.1810393,-47.7730217
1827895783,-21.1810629,-47.7688094
1827895785,-21.1811116,-47.7624527
1827895795,-21.1812581,-47.7638474
1827895797,-21.1813381,-47.7700951
1827895799,-21.1813265,-47.7684165
1827895803,-21.1813765,-47.7668814
1827895805,-21.1813929,-47.7652573
1827895807,-21.1813943,-47.7697674
1827895811,-21.1814853,-47.7589119
1827895813,-21.1814688,-47.77382
1827895821,-21.1815658,-47.7602621
1827895822,-21.1816119,-47.7587446
1827895826,-21.1816637,-47.7712143
1827895828,-21.1817265,-47.7695944
1827895830,-21.1816997,-47.761672
1827895832,-21.1817224,-47.7693419
1827895834,-21.1817235,-47.7680055
1827895837,-21.1817458,-47.7663791
1827895839,-21.1817828,-47.7743742
1827895846,-21.1818536,-47.7630692
1827895848,-21.1818757,-47.7575872
1827895852,-21.1819846,-47.764463
1827895855,-21.1819971,-47.7689655
1827895862,-21.1820276,-47.7707089
1827895864,-21.1820805,-47.7691003
1827895866,-21.182091,-47.7675055
1827895869,-21.1821189,-47.7658921
1827895871,-21.1821458,-47.7580279
1827895876,-21.1821429,-47.7594994
1827895878,-21.1822989,-47.7608945
1827895881,-21.182377,-47.771829
1827895884,-21.1824153,-47.770219
1827895886,-21.1824535,-47.7686226
1827895888,-21.1824328,-47.7591162
1827895890,-21.1824374,-47.7623062
1827895893,-21.1824661,-47.7670079
1827895895,-21.1825587,-47.7637071
1827895898,-21.1827028,-47.7650996
1827895900,-21.1827559,-47.7713182
1827895902,-21.1827892,-47.769726
1827895905,-21.1828167,-47.7681189
1827895907,-21.1828365,-47.7665107
1827895913,-21.1828804,-47.7601343
1827895915,-21.1830233,-47.7615209
1827895918,-21.1831226,-47.7708278
1827895920,-21.1831578,-47.7692383
1827895923,-21.1831555,-47.7629237
1827895927,-21.1831893,-47.767586
1827895930,-21.1832846,-47.7643379
1827895932,-21.1832847,-47.7726097
1827895934,-21.1833542,-47.7595092
1827895936,-21.183442,-47.7657352
1827895938,-21.1834985,-47.7703447
1827895940,-21.1835353,-47.7687193
1827895942,-21.1835787,-47.7720587
1827895944,-21.1835449,-47.7671171
1827895946,-21.1836088,-47.7607409
1827895948,-21.1837458,-47.7700726
1827895950,-21.1837289,-47.7621666
1827895953,-21.1837713,-47.7697548
1827895955,-21.1838908,-47.7682455
1827895960,-21.1838917,-47.7635528
1827895964,-21.1840263,-47.7665466
1827895966,-21.1840332,-47.7662396
1827895968,-21.1840333,-47.7649844
1827895970,-21.1840516,-47.7636687
1827895972,-21.1840621,-47.7624692
1827895974,-21.1840715,-47.7617851
1827895976,-21.184072,-47.7616018
1827895978,-21.1840922,-47.7602891
1827895980,-21.1840992,-47.760182
1827895982,-21.1841108,-47.7598673
1827895987,-21.1841774,-47.7613989
1827908037,-21.1584299,-47.7967836
1827908038,-21.1589043,-47.7986538
1827908039,-21.1592315,-47.7957236
1827908040,-21.159501,-47.7953654
1827908041,-21.1595704,-47.7977536
1827908042,-21.1597857,-47.7949991
1827908043,-21.159862,-47.7963028
1827908044,-21.1601434,-47.7959489
1827908045,-21.1601928,-47.7944419
1827908046,-21.1602869,-47.7983822
1827908047,-21.1603062,-47.7998614
1827908048,-21.1603546,-47.7967467
1827908049,-21.1604231,-47.7956037
1827908051,-21.1605029,-47.7956757
1827908053,-21.160588,-47.7948002
1827908055,-21.1607233,-47.7937429
1827908057,-21.1609055,-47.7960391
1827908058,-21.1609396,-47.7951252
1827908059,-21.1609665,-47.7989728
1827908060,-21.1609958,-47.8004502
1827908061,-21.1610748,-47.7973965
1827908063,-21.1611071,-47.7932422
1827908064,-21.1611203,-47.7940975
1827908065,-21.1612329,-47.7963347
1827908066,-21.161342,-47.7954786
1827908067,-21.1614902,-47.7927347
1827908068,-21.1614861,-47.794422
1827908072,-21.1616188,-47.7966844
1827908073,-21.1616475,-47.7995552
1827908074,-21.1616815,-47.7957767
1827908075,-21.1616688,-47.80103
1827908076,-21.1617335,-47.7979892
1827908077,-21.1618734,-47.7922295
1827908078,-21.1618777,-47.7947786
1827908079,-21.1619345,-47.7969681
1827908080,-21.1620566,-47.796105
1827908081,-21.1621885,-47.7918414
1827908082,-21.1622838,-47.7972834
1827908083,-21.1622792,-47.7942771
1827908084,-21.1623226,-47.80013
1827908085,-21.1623827,-47.7963924
1827908086,-21.1623709,-47.8016384
1827908087,-21.1624007,-47.7985904
1827908089,-21.1624678,-47.7940366
1827908090,-21.1625994,-47.7954036
1827908091,-21.1626676,-47.7937821
1827908093,-21.1627361,-47.7967027
1827908095,-21.162939,-47.7957031
1827908096,-21.1629508,-47.7978857
1827908097,-21.1630281,-47.8007308
1827908098,-21.1630343,-47.802212
1827908099,-21.1630641,-47.7991882
1827908100,-21.1630711,-47.7932757
1827908101,-21.1631711,-47.7946566
1827908102,-21.1632822,-47.7960025
1827908104,-21.1633868,-47.797318
1827908105,-21.1635289,-47.7949719
1827908106,-21.1636196,-47.7984526
1827908107,-21.1636682,-47.7925187
1827908108,-21.1637199,-47.8013198
1827908109,-21.1637364,-47.799794
1827908110,-21.1637551,-47.7938955
1827908111,-21.1637608,-47.8028321
1827908113,-21.1638645,-47.7952634
1827908114,-21.1639596,-47.7965934
1827908115,-21.1639779,-47.7915298
1827908117,-21.1640329,-47.7979487
1827908119,-21.1642332,-47.7917679
1827908120,-21.1643051,-47.7990843
1827908121,-21.1643504,-47.7931489
1827908122,-21.1644226,-47.8004123
1827908123,-21.1644415,-47.7945127
1827908124,-21.1644552,-47.8019467
1827908125,-21.1645339,-47.7958542
1827908126,-21.1646001,-47.7971754
1827908127,-21.1647359,-47.7985667
1827908129,-21.1648065,-47.7910216
1827908131,-21.1649311,-47.7924076
1827908132,-21.1649565,-47.7997229
1827908133,-21.1650421,-47.7937489
1827908136,-21.1651192,-47.7951161
1827908137,-21.1651467,-47.8010648
1827908139,-21.1652006,-47.7964426
1827908142,-21.165304,-47.7978282
1827908144,-21.1654069,-47.7991565
1827908145,-21.1655209,-47.7916523
1827908148,-21.1656247,-47.8014976
1827908150,-21.1656141,-47.793007
1827908151,-21.1656653,-47.8004035
1827908152,-21.1657158,-47.794355
1827908155,-21.1657783,-47.7956917
1827908156,-21.1659122,-47.7970734
1827908157,-21.1659596,-47.7983986
1827908158,-21.1661621,-47.79977
1827908159,-21.1660536,-47.8018945
1827908160,-21.1660938,-47.7909165
1827908161,-21.1661299,-47.8008404
1827908162,-21.1662114,-47.7922723
1827908163,-21.1662861,-47.7936179
1827908164,-21.1663702,-47.7949514
1827908165,-21.1663709,-47.7905605
1827908167,-21.1664858,-47.796332
1827908168,-21.1665576,-47.8012119
1827908169,-21.1665539,-47.7976577
1827908170,-21.1666471,-47.8001916
1827908174,-21.1667294,-47.7990466
1827908176,-21.1667876,-47.7915344
1827908177,-21.1668782,-47.792852
1827908178,-21.1669446,-47.7942044
1827908179,-21.1670379,-47.80054
1827908180,-21.167083,-47.7955918
1827908181,-21.1671344,-47.7969103
1827908182,-21.1672067,-47.799439
1827908183,-21.1673185,-47.7982954
1827908184,-21.1673806,-47.7907866
1827908185,-21.1674133,-47.8031268
1827908186,-21.1674722,-47.7921335
1827908187,-21.1675255,-47.7934546
1827908188,-21.1676132,-47.7997689
1827908189,-21.1676525,-47.7948526
1827908191,-21.1677783,-47.7986839
1827908192,-21.1677318,-47.7961557
1827908194,-21.1678822,-47.7975766
1827908195,-21.1678872,-47.7929722
1827908197,-21.168044,-47.7914067
1827908198,-21.1681321,-47.7899927
1827908199,-21.1681014,-47.7926937
1827908200,-21.1681131,-47.8014622
1827908201,-21.1681697,-47.7990206
1827908202,-21.1682328,-47.7941131
1827908204,-21.168341,-47.7979557
1827908205,-21.168298,-47.7954301
1827908206,-21.1684619,-47.7968373
1827908208,-21.1684883,-47.8017628
1827908210,-21.1685428,-47.7993589
1827908211,-21.1685947,-47.7936198
1827908212,-21.1687251,-47.7983019
1827908213,-21.1686657,-47.7919585
1827908214,-21.1689913,-47.7972731
1827908215,-21.16869,-47.7995035
1827908217,-21.1688071,-47.793337
1827908218,-21.168884,-47.7946911
1827908221,-21.1690996,-47.7982097
1827908222,-21.1690456,-47.796093
1827908223,-21.1690376,-47.7998628
1827908224,-21.1691686,-47.7962168
1827908225,-21.1691452,-47.7974145
1827908226,-21.1692094,-47.795884
1827908228,-21.1693306,-47.7950727
1827908229,-21.1693583,-47.7925792
1827908230,-21.1695074,-47.7939328
1827908233,-21.1694817,-47.7977253
1827908235,-21.1696237,-47.8003505
1827908237,-21.1696362,-47.7953398
1827908239,-21.1696549,-47.7928235
1827908240,-21.1697044,-47.7966896
1827908241,-21.1697404,-47.7921772
1827908242,-21.1698395,-47.7980399
1827908243,-21.1700354,-47.796998
1827908244,-21.1700731,-47.793205
1827908246,-21.1701818,-47.7983506
1827908248,-21.1701736,-47.7945693
1827908250,-21.1703244,-47.8009566
1827908252,-21.1702813,-47.795941
1827908254,-21.1703962,-47.7973168
1827908256,-21.1707341,-47.7976285
1827908258,-21.1707627,-47.79383
1827908259,-21.170869,-47.7951937
1827908260,-21.1709821,-47.7965558
1827908261,-21.1714554,-47.7944522
1827908262,-21.1714807,-47.7970046
1827908264,-21.1715627,-47.7958181
1827908268,-21.1719538,-47.7974376
1827908270,-21.1720699,-47.7962771
1827908271,-21.172156,-47.7950675
1827908272,-21.1722696,-47.7964413
1827908273,-21.1725794,-47.7967363
1827908275,-21.1728879,-47.7956862
1827908276,-21.1730569,-47.8056691
1827908277,-21.1732705,-47.7960351
1827908279,-21.1737365,-47.7949172
1827913431,-21.1702855,-47.8044463
1827913436,-21.1704948,-47.8046346
1827913442,-21.1708104,-47.8037513
1827913443,-21.1710237,-47.8051093
1827913448,-21.1716032,-47.8044216
1827913450,-21.1717774,-47.8057734
1827913455,-21.1722227,-47.8036569
1827913456,-21.1723307,-47.8050542
1827913462,-21.1729544,-47.8043031
1827913467,-21.1734883,-47.8035545
1827913475,-21.1742756,-47.8042189
1827913502,-21.1749278,-47.8034926
1827913505,-21.174974,-47.8022706
1827913514,-21.1751004,-47.7995944
1827913537,-21.1753352,-47.8013258
1827913542,-21.1754997,-47.8001472
1827913544,-21.1755152,-47.7978558
1827913551,-21.1759446,-47.8006167
1827913552,-21.1760235,-47.7982797
1827913554,-21.1765286,-47.7987094
1827913555,-21.1767331,-47.8013073
1827913556,-21.1769453,-47.7990537
1827913557,-21.1771261,-47.8016315
1827913559,-21.1771424,-47.7992266
1827913561,-21.1778891,-47.7998578
1827913572,-21.1782637,-47.8001442
1827913578,-21.1790129,-47.8007866
1827913584,-21.1795116,-47.8006168
1827921962,-21.1472488,-47.7979001
1827921965,-21.1491824,-47.7983019
1827921969,-21.1526303,-47.7998615
1827921972,-21.1536254,-47.8056364
1827921974,-21.1544007,-47.8063017
1827921975,-21.1547279,-47.8040937
1827921976,-21.1552983,-47.8033351
1827921978,-21.1555432,-47.804767
1827921981,-21.1558429,-47.8025807
1827921983,-21.1559503,-47.8026637
1827921984,-21.1561097,-47.8040294
1827921985,-21.1562407,-47.80537
1827921986,-21.1563524,-47.8021213
1827921987,-21.1564075,-47.806711
1827921988,-21.1566411,-47.8017319
1827921989,-21.1566785,-47.8032638
1827921990,-21.1568009,-47.8046064
1827921991,-21.1569418,-47.8059747
1827921992,-21.1569357,-47.8013345
1827921993,-21.1570598,-47.8027457
1827921994,-21.1572426,-47.8009205
1827921995,-21.157179,-47.8069863
1827921996,-21.157354,-47.8023463
1827921997,-21.1573769,-47.8038431
1827921998,-21.1575114,-47.8052028
1827921999,-21.1575356,-47.8005253
1827922000,-21.1575811,-47.8065118
1827922001,-21.1576553,-47.8019369
1827922002,-21.1577512,-47.8033364
1827922003,-21.1579708,-47.8015082
1827922004,-21.1580447,-47.8029473
1827922005,-21.1580738,-47.8044166
1827922006,-21.1581561,-47.8057402
1827922007,-21.1582577,-47.8011185
1827922008,-21.158265,-47.8070886
1827922009,-21.1583391,-47.8025405
1827922010,-21.1584311,-47.8039316
1827922011,-21.1586451,-47.8021264
1827922012,-21.1587248,-47.8035329
1827922013,-21.1587218,-47.8049634
1827922014,-21.1588683,-47.8078792
1827922016,-21.1587835,-47.8042506
1827922017,-21.158859,-47.8063145
1827922019,-21.1589614,-47.8016982
1827922020,-21.1589875,-47.8077006
1827922021,-21.1590769,-47.8052575
1827922022,-21.1593312,-47.8027098
1827922023,-21.1594365,-47.8055584
1827922024,-21.1595667,-47.8069026
1827922025,-21.1596212,-47.8023161
1827922026,-21.159578,-47.8085231
1827922027,-21.1597721,-47.8058479
1827922028,-21.1597456,-47.8006365
1827922029,-21.1597476,-47.8082925
1827922030,-21.160119,-47.8061357
1827922031,-21.1602223,-47.8086463
1827922033,-21.1602788,-47.8028789
1827922034,-21.1603457,-47.8074735
1827922035,-21.1603775,-47.8043063
1827922036,-21.1604258,-47.8012239
1827922038,-21.1606546,-47.8031874
1827922041,-21.1607082,-47.8046015
1827922042,-21.1607446,-47.8090979
1827922043,-21.1608009,-47.8078598
1827922045,-21.1608657,-47.8067659
1827922046,-21.1609948,-47.8034703
1827922047,-21.1610182,-47.8048755
1827922049,-21.1610876,-47.8017962
1827922051,-21.1613187,-47.8083211
1827922052,-21.1613321,-47.8071462
1827922054,-21.1614613,-47.8021185
1827922057,-21.1616564,-47.8040417
1827922059,-21.1617237,-47.8099686
1827922060,-21.1617954,-47.8024079
1827922061,-21.1618519,-47.807577
1827922062,-21.1623253,-47.8092051
1827922063,-21.1624193,-47.8047068
1827922064,-21.1624359,-47.8029951
1827922067,-21.1628795,-47.8051038
1827922068,-21.1629043,-47.8084661
1827922069,-21.1629615,-47.8060687
1827922070,-21.1631649,-47.8036415
1827922071,-21.1632469,-47.8063103
1827922072,-21.1633723,-47.8055276
1827922073,-21.1634429,-47.8064886
1827922074,-21.1636327,-47.8116966
1827922075,-21.1636601,-47.804054
1827922076,-21.1637776,-47.8094222
1827922078,-21.1638944,-47.8092725
1827922079,-21.1640588,-47.8070081
1827922080,-21.1641586,-47.8044862
1827922081,-21.1642415,-47.8108947
1827922082,-21.1644335,-47.8065301
1827922083,-21.1644273,-47.8047096
1827922084,-21.164572,-47.8064047
1827922085,-21.1648055,-47.8063596
1827922087,-21.1650057,-47.8078487
1827922088,-21.1651506,-47.8117073
1827922089,-21.1653459,-47.8131253
1827922090,-21.1659085,-47.8123948
1827922092,-21.1670111,-47.8133511
1827922093,-21.1676043,-47.8125038
1827922096,-21.1685261,-47.8120212
1827933370,-21.1468247,-47.7985933
1827933371,-21.1480486,-47.7991318
1827933375,-21.1480832,-47.8012731
1827933377,-21.1482915,-47.7987738
1827933384,-21.1482688,-47.8013112
1827933390,-21.1484817,-47.7994882
1827933393,-21.1485496,-47.7983797
1827933402,-21.1486129,-47.8015762
1827933444,-21.1486957,-47.7991323
1827933446,-21.1487509,-47.796638
1827933448,-21.1487615,-47.8004399
1827933451,-21.1489471,-47.7974944
1827933456,-21.1491041,-47.7999737
1827933458,-21.1491295,-47.8020003
1827933462,-21.1491786,-47.8007817
1827933464,-21.149202,-47.7970119
1827933471,-21.1490709,-47.8035322
1827933476,-21.1493337,-47.7996612
1827933483,-21.1496533,-47.7973925
1827933486,-21.1496176,-47.803799
1827933489,-21.1497096,-47.8012175
1827933493,-21.1497535,-47.8000062
1827933508,-21.1497591,-47.7959386
1827933511,-21.1497882,-47.8025288
1827933516,-21.1499028,-47.7988866
1827933522,-21.1501087,-47.7977702
1827933523,-21.1501634,-47.7951594
1827933525,-21.1501783,-47.7963047
1827933527,-21.1500653,-47.8039909
1827933529,-21.1502842,-47.8004422
1827933530,-21.1503274,-47.7992319
1827933532,-21.1503701,-47.8017593
1827933536,-21.1504119,-47.7980216
1827933538,-21.1504905,-47.7980868
1827933539,-21.1506019,-47.795518
1827933542,-21.1506466,-47.7967141
1827933545,-21.1506568,-47.803208
1827933548,-21.1506763,-47.794171
1827933566,-21.1508567,-47.7996695
1827933567,-21.150878,-47.7969163
1827933570,-21.1509152,-47.798439
1827933571,-21.1509346,-47.8009766
1827933573,-21.1510542,-47.7958863
1827933574,-21.1509904,-47.8044275
1827933575,-21.1511043,-47.7945264
1827933576,-21.1511189,-47.797127
1827933577,-21.1511967,-47.8024374
1827933581,-21.1512295,-47.7942601
1827933582,-21.151247,-47.7979841
1827933584,-21.1514426,-47.8038374
1827933586,-21.1514325,-47.7961931
1827933588,-21.1514437,-47.7988774
1827933590,-21.1515031,-47.8002034
1827933591,-21.1515439,-47.7948914
1827933597,-21.1515792,-47.7975286
1827933614,-21.1516048,-47.799011
1827933618,-21.1517495,-47.8016687
1827933620,-21.1518208,-47.7943552
1827933622,-21.1518145,-47.8048304
1827933623,-21.151953,-47.7985559
1827933624,-21.1520081,-47.803071
1827933625,-21.1520663,-47.7953463
1827933626,-21.1520721,-47.7993985
1827933627,-21.1521149,-47.8044083
1827933628,-21.1521502,-47.7967735
1827933629,-21.1522808,-47.7981274
1827933630,-21.1523026,-47.7995897
1827933632,-21.1523252,-47.8008824
1827933633,-21.1525554,-47.8023044
1827933634,-21.1525446,-47.7931785
1827933635,-21.1526601,-47.7945677
1827933637,-21.1526597,-47.8036367
1827933639,-21.1527208,-47.7945
1827933649,-21.1526488,-47.8051921
1827933653,-21.1527877,-47.795963
1827933655,-21.1528002,-47.8049718
1827933656,-21.1528551,-47.7973767
1827933658,-21.1528991,-47.8000861
1827933659,-21.1529839,-47.798728
1827933661,-21.1530131,-47.8001814
1827933663,-21.153123,-47.8015206
1827933667,-21.1532113,-47.8028526
1827933668,-21.1532597,-47.7937897
1827933669,-21.1533638,-47.8042134
1827933670,-21.1533734,-47.7951733
1827933671,-21.1534957,-47.7965622
1827933672,-21.1535591,-47.7979731
1827933673,-21.1536737,-47.7993169
1827933674,-21.1536832,-47.8007669
1827933675,-21.1537768,-47.79467
1827933682,-21.1538039,-47.8020874
1827933684,-21.1538669,-47.7929875
1827933686,-21.1539332,-47.8034503
1827933688,-21.1539732,-47.7944069
1827933690,-21.154081,-47.7957741
1827933692,-21.1541696,-47.804881
1827933695,-21.1541797,-47.7971459
1827933697,-21.1542448,-47.7985697
1827933699,-21.1543321,-47.7998853
1827933700,-21.1543544,-47.8013195
1827933704,-21.1544187,-47.7922433
1827933705,-21.1543704,-47.7947462
1827933707,-21.1545028,-47.8026774
1827933708,-21.1545689,-47.793596
1827933710,-21.1546907,-47.7950158
1827933711,-21.1547817,-47.796369
1827933717,-21.1548485,-47.7917064
1827933718,-21.154861,-47.7977648
1827933719,-21.1549062,-47.7991305
1827933721,-21.1549601,-47.8055463
1827933722,-21.1550213,-47.8004698
1827933724,-21.155069,-47.8019317
1827933726,-21.1551329,-47.7928447
1827933730,-21.1552775,-47.7942101
1827933732,-21.1553653,-47.7956079
1827933734,-21.155484,-47.7969653
1827933736,-21.155541,-47.7923335
1827933738,-21.1555455,-47.7983298
1827933739,-21.1556011,-47.7997311
1827933741,-21.1557194,-47.8061027
1827933744,-21.1558281,-47.7979574
1827933745,-21.1558545,-47.7934557
1827933754,-21.1559711,-47.7948102
1827933755,-21.1560526,-47.7961996
1827933756,-21.1561509,-47.7975322
1827933757,-21.156245,-47.7989108
1827933758,-21.1562788,-47.7950458
1827933760,-21.1565425,-47.7985318
1827933761,-21.1565492,-47.7940305
1827933763,-21.1567043,-47.7953831
1827933765,-21.1567386,-47.7934459
1827933766,-21.1567196,-47.7967637
1827933768,-21.1568451,-47.7942773
1827933770,-21.156857,-47.798131
1827933772,-21.1569898,-47.7924151
1827933773,-21.1571672,-47.7938441
1827933775,-21.1572094,-47.7926193
1827933778,-21.1573827,-47.7959096
1827933780,-21.1574311,-47.7973918
1827933792,-21.1575841,-47.7942312
1827933794,-21.1577107,-47.7930797
1827933795,-21.1577476,-47.7962062
1827933799,-21.1581122,-47.7965045
1827933800,-21.1581347,-47.793512
1827933802,-21.1582367,-47.7948005
1827933803,-21.1585657,-47.7918786
1827933804,-21.1585705,-47.7929429
1827933805,-21.1585771,-47.7950995
1827933806,-21.15877,-47.7940818
1827933807,-21.1589204,-47.7954347
1827933809,-21.1589372,-47.7913747
1827933811,-21.159005,-47.7912811
1827933814,-21.1590658,-47.7923099
1827933816,-21.1591092,-47.7943859
1827933828,-21.1592072,-47.7935063
1827933830,-21.1594615,-47.7947032
1827933832,-21.15953,-47.793827
1827933834,-21.1597096,-47.7928672
1827933836,-21.1598804,-47.794154
1827933837,-21.1600949,-47.7923491
1827943109,-21.1523311,-47.7887209
1827943110,-21.1524125,-47.7811629
1827943113,-21.1535538,-47.7875862
1827943116,-21.1541257,-47.787398
1827943118,-21.1542088,-47.788049
1827943122,-21.1543274,-47.7843724
1827943124,-21.1543555,-47.7840806
1827943129,-21.1543993,-47.7895252
1827943132,-21.1544782,-47.7849636
1827943154,-21.1547779,-47.7829423
1827943156,-21.1547602,-47.7879615
1827943157,-21.154798,-47.7855315
1827943159,-21.1548831,-47.7888272
1827943161,-21.1549635,-47.7894263
1827943163,-21.1550404,-47.7831449
1827943164,-21.1551848,-47.7860076
1827943166,-21.1553214,-47.7872161
1827943168,-21.1554061,-47.7878591
1827943169,-21.1554749,-47.7834881
1827943170,-21.1555194,-47.7887242
1827943171,-21.1556221,-47.7864409
1827943174,-21.1558754,-47.7871523
1827943189,-21.1559703,-47.7838802
1827943191,-21.1560644,-47.7886445
1827943193,-21.1560912,-47.7868019
1827943196,-21.1561318,-47.7892397
1827943198,-21.1562195,-47.7898923
1827943201,-21.1564276,-47.7842274
1827943204,-21.1564656,-47.7871341
1827943205,-21.1565743,-47.7871928
1827943213,-21.1568361,-47.7899244
1827943215,-21.1568715,-47.7845682
1827943221,-21.1571186,-47.7874591
1827943225,-21.1573762,-47.7849543
1827943229,-21.1574202,-47.7901919
1827943233,-21.1576632,-47.7877166
1827943237,-21.1577284,-47.7877475
1827943242,-21.1578391,-47.7853294
1827943247,-21.1580146,-47.7901881
1827943249,-21.1582175,-47.7879467
1827943251,-21.1583008,-47.7856998
1827943253,-21.158297,-47.787979
1827943261,-21.1585944,-47.7902457
1827943266,-21.1586972,-47.7903166
1827943268,-21.1587455,-47.7881812
1827943272,-21.1587822,-47.786074
1827943293,-21.1592602,-47.7864587
1827943294,-21.1592638,-47.7906108
1827943295,-21.1592673,-47.7884559
1827943298,-21.1594148,-47.7906533
1827943300,-21.1597221,-47.7868322
1827943303,-21.1598137,-47.788797
1827943307,-21.1601039,-47.7907172
1827943313,-21.160189,-47.7871968
1827943315,-21.1602982,-47.7891215
1827943317,-21.160437,-47.7892324
1827943335,-21.1606498,-47.7875554
1827943337,-21.1606634,-47.7909545
1827943346,-21.1608902,-47.7895829
1827943350,-21.1611365,-47.7913437
1827943353,-21.1611916,-47.7882227
1827943354,-21.1611351,-47.7879283
1827943364,-21.1613787,-47.7899719
1827943365,-21.1614497,-47.791858
1827943366,-21.1615916,-47.788566
1827943368,-21.1617989,-47.790336
1827943380,-21.1620606,-47.788941
1827943382,-21.1622714,-47.7907036
1827943383,-21.162485,-47.7914505
1827943386,-21.1625281,-47.7893024
1827943388,-21.1628099,-47.7910713
1827943389,-21.1629857,-47.7896505
1827943391,-21.1631956,-47.7895529
1827943416,-21.1667491,-47.7891627
1827943439,-21.1679689,-47.7900477
1827943444,-21.1698178,-47.7916953
1827943446,-21.1706449,-47.7924583
1827943448,-21.1713312,-47.7930833
1827943450,-21.1720597,-47.7936902
1827947487,-21.1461047,-47.7897698
1827947498,-21.1462829,-47.7894402
1827947511,-21.1465612,-47.7905581
1827947537,-21.1467739,-47.789288
1827947562,-21.1472913,-47.7899928
1827959720,-21.1424999,-47.7990566
1827959722,-21.1427344,-47.7991651
1827959723,-21.1427785,-47.7989237
1827959725,-21.1430485,-47.7993904
1827959726,-21.1429181,-47.7996276
1827959727,-21.1431691,-47.7980299
1827959729,-21.1435655,-47.7971265
1827959731,-21.1436451,-47.7993264
1827959733,-21.1439649,-47.7962298
1827959734,-21.1440228,-47.7984434
1827959735,-21.1443635,-47.795328
1827959736,-21.1444017,-47.7975376
1827959737,-21.1447292,-47.7995313
1827959738,-21.1447641,-47.7944218
1827959739,-21.1447994,-47.7966423
1827959740,-21.1448461,-47.7988286
1827959741,-21.145157,-47.793533
1827959743,-21.145183,-47.7957333
1827959744,-21.1452319,-47.7979458
1827959747,-21.1455411,-47.7926364
1827959749,-21.1455797,-47.794827
1827959750,-21.1456209,-47.7970475
1827959751,-21.1456906,-47.799231
1827959752,-21.145938,-47.79171
1827959753,-21.145984,-47.7939437
1827959754,-21.1460185,-47.796148
1827959755,-21.1460555,-47.7983391
1827959757,-21.1462884,-47.7904094
1827959758,-21.1463202,-47.7908261
1827959760,-21.1463558,-47.7930406
1827959761,-21.1464059,-47.7952376
1827959762,-21.1464411,-47.7974537
1827959765,-21.1466145,-47.7986043
1827959766,-21.1467542,-47.7921274
1827959767,-21.1467979,-47.7943479
1827959768,-21.1468564,-47.7965631
1827959769,-21.1470254,-47.7889306
1827959770,-21.1471224,-47.7977905
1827959775,-21.1471549,-47.7912466
1827959777,-21.1471883,-47.7934537
1827959778,-21.1472326,-47.7956484
1827959780,-21.147421,-47.7880371
1827959782,-21.1475796,-47.7969255
1827959784,-21.1475351,-47.7903566
1827959786,-21.1475998,-47.7925509
1827959788,-21.1476254,-47.7947588
1827959790,-21.1478104,-47.7871443
1827959793,-21.1479612,-47.7893991
1827959796,-21.1479822,-47.791662
1827959798,-21.148013,-47.793863
1827959802,-21.1483354,-47.7884945
1827959803,-21.1483987,-47.7929511
1827959804,-21.1490434,-47.7910558
1827959809,-21.1484576,-47.7951721
1827959814,-21.1487336,-47.7875997
1827959817,-21.1487902,-47.7897912
1827959820,-21.1488045,-47.7920581
1827959824,-21.1488422,-47.794275
1827959825,-21.149015,-47.7869695
1827959827,-21.149189,-47.7889094
1827959829,-21.1492418,-47.7911567
1827959832,-21.1492536,-47.7933792
1827959834,-21.1492767,-47.7848652
1827959838,-21.1494525,-47.7945772
1827959842,-21.1495522,-47.7872532
1827959845,-21.149622,-47.7913536
1827959849,-21.1495899,-47.7880215
1827959850,-21.1496475,-47.7902088
1827959852,-21.1496712,-47.7924756
1827959855,-21.1497604,-47.7923021
1827959868,-21.1498638,-47.7874178
1827959874,-21.1500446,-47.7893252
1827959877,-21.1500512,-47.7854463
1827959880,-21.1500895,-47.787537
1827959882,-21.1501167,-47.7915772
1827959892,-21.1503786,-47.7849651
1827959894,-21.1504424,-47.7884428
1827959896,-21.1505373,-47.7906348
1827959897,-21.1505342,-47.7858276
1827959899,-21.1505532,-47.7929307
1827959901,-21.1506462,-47.7829022
1827959904,-21.1506876,-47.7878612
1827959905,-21.1507204,-47.7844627
1827959908,-21.150909,-47.7897311
1827959911,-21.1509831,-47.7920151
1827959920,-21.1509933,-47.78619
1827959923,-21.1510474,-47.7839819
1827959924,-21.1512742,-47.788163
1827959927,-21.1513008,-47.7888623
1827959931,-21.151358,-47.7910419
1827959933,-21.1513882,-47.7834809
1827959940,-21.1514891,-47.7865815
1827959943,-21.1515136,-47.7820285
1827959945,-21.1515451,-47.7883041
1827959949,-21.1517244,-47.7829946
1827959951,-21.1517335,-47.7901462
1827959953,-21.1518487,-47.7884661
1827959955,-21.1518817,-47.7861243
1827959958,-21.1519809,-47.7869681
1827959960,-21.1520821,-47.7824773
1827959964,-21.1521261,-47.789226
1827959966,-21.1522829,-47.7856568
1827959976,-21.1523657,-47.7915116
1827959978,-21.1524306,-47.7819734
1827959992,-21.1524975,-47.7873646
1827959995,-21.1525229,-47.7851215
1827960000,-21.1526959,-47.7845131
1827960006,-21.1526982,-47.7836935
1827960012,-21.1528035,-47.7830189
1827960015,-21.1528209,-47.7814085
1827960017,-21.1530122,-47.7824232
1827960019,-21.1531684,-47.7878678
1827960021,-21.1533646,-47.781816
1827960030,-21.1536643,-47.7875207
1827960035,-21.1537924,-47.7894865
1827960043,-21.1540756,-47.7870582
1827960045,-21.1541081,-47.7872668
1827960051,-21.1544363,-47.789812
1827960053,-21.1545603,-47.7867998
1827960056,-21.1547622,-47.786256
1827960058,-21.1548902,-47.7872828
1827960061,-21.1553168,-47.7862005
1827960063,-21.1557846,-47.7865724
1827989339,-21.1374319,-47.7981394
1827989343,-21.1376965,-47.7970539
1827989359,-21.13795,-47.7982599
1827989372,-21.138047,-47.7971036
1827989394,-21.1380785,-47.7982043
1827989426,-21.1383766,-47.7976522
1827989438,-21.1390888,-47.7916228
1827989441,-21.139306,-47.7906033
1827989448,-21.1393496,-47.7927809
1827989451,-21.1395053,-47.7896215
1827989495,-21.1397103,-47.788593
1827989501,-21.1397272,-47.7919315
1827989515,-21.1399157,-47.7867801
1827989521,-21.1399642,-47.7876328
1827989527,-21.1399831,-47.788728
1827989531,-21.1400216,-47.7869978
1827989534,-21.1401214,-47.7910342
1827989535,-21.1400489,-47.7863735
1827989538,-21.1402187,-47.7871166
1827989572,-21.1403094,-47.7862714
1827989574,-21.1403447,-47.7878404
1827989580,-21.1403415,-47.7928394
1827989584,-21.1404174,-47.7900665
1827989596,-21.140475,-47.7875362
1827989603,-21.1405243,-47.7901213
1827989606,-21.140556,-47.792329
1827989611,-21.1406174,-47.7869693
1827989616,-21.1407055,-47.7866643
1827989618,-21.1408407,-47.7891448
1827989647,-21.1409376,-47.791446
1827989650,-21.1412154,-47.7882587
1827989653,-21.1412456,-47.7926709
1827989659,-21.141279,-47.7904993
1827989663,-21.1413375,-47.7905314
1827989668,-21.1414923,-47.7925119
1827989671,-21.1416964,-47.7895729
1827989674,-21.141759,-47.7918443
1827989676,-21.1420647,-47.7886706
1827989677,-21.1420918,-47.7908937
1827989678,-21.1421583,-47.7909256
1827989679,-21.1424077,-47.7921588
1827989680,-21.142522,-47.7899768
1827989681,-21.1427713,-47.7918743
1827989683,-21.1428834,-47.7890971
1827989691,-21.1429948,-47.7913274
1827989700,-21.143295,-47.78819
1827989730,-21.1433783,-47.7904134
1827989736,-21.1437625,-47.7895137
1827989740,-21.1440448,-47.7907265
1827989742,-21.1441747,-47.7886137
1827989744,-21.1445858,-47.7899271
1828109300,-21.1380127,-47.7965808
1828109302,-21.1383705,-47.7945708
1828109303,-21.1385499,-47.7946388
1828109304,-21.1385536,-47.7968428
1828109305,-21.1389276,-47.7937192
1828109306,-21.138968,-47.795928
1828109307,-21.1389168,-47.7982709
1828109308,-21.139112,-47.7932773
1828109309,-21.1393567,-47.7950367
1828109310,-21.139428,-47.7972674
1828109311,-21.139778,-47.7941388
1828109312,-21.1398165,-47.7963456
1828109315,-21.1402147,-47.7954663
1828109316,-21.1402606,-47.7976834
1828109317,-21.1405824,-47.7863889
1828109318,-21.1406144,-47.7945515
1828109321,-21.1406503,-47.7967758
1828109328,-21.1409996,-47.7936695
1828109331,-21.1410452,-47.7958646
1828109332,-21.1411409,-47.7980839
1828109333,-21.1412421,-47.7931142
1828109334,-21.1414421,-47.794969
1828109335,-21.1415313,-47.7971971
1828109336,-21.1415448,-47.7832769
1828109337,-21.1421959,-47.78764
1828109338,-21.1416552,-47.7929083
1828109339,-21.1417457,-47.7990518
1828109340,-21.141833,-47.7940869
1828109341,-21.1419414,-47.7834911
1828109342,-21.1419265,-47.7962862
1828109343,-21.1419913,-47.7984958
1828109347,-21.1421959,-47.7836302
1828109348,-21.1422263,-47.7931995
1828109349,-21.1423086,-47.780836
1828109350,-21.1423096,-47.7953879
1828109351,-21.142386,-47.7975996
1828109352,-21.1424862,-47.7926132
1828109353,-21.1426675,-47.7988236
1828109354,-21.1426946,-47.7945001
1828109355,-21.1428697,-47.7923798
1828109356,-21.1427714,-47.7967056
1828109357,-21.1428656,-47.7868514
1828109358,-21.1430494,-47.7979315
1828109359,-21.1430014,-47.7840315
1828109360,-21.1430811,-47.7936111
1828109361,-21.1431368,-47.7782819
1828109362,-21.1431623,-47.7958087
1828109363,-21.1432511,-47.7859452
1828109365,-21.1434255,-47.797055
1828109367,-21.143495,-47.7926826
1828109368,-21.1435498,-47.7949196
1828109369,-21.1436415,-47.785065
1828109370,-21.143698,-47.7872654
1828109372,-21.1438259,-47.796136
1828109373,-21.1438421,-47.7786792
1828109375,-21.1438658,-47.7844991
1828109376,-21.1439261,-47.7940277
1828109377,-21.1440783,-47.7863704
1828109378,-21.144215,-47.7952452
1828109379,-21.1443151,-47.7931061
1828109380,-21.1443304,-47.790917
1828109381,-21.1444822,-47.7854767
1828109383,-21.1445459,-47.7876935
1828109385,-21.1445993,-47.7943655
1828109387,-21.1446975,-47.7921999
1828109388,-21.144694,-47.7849062
1828109389,-21.144921,-47.7868354
1828109390,-21.1449974,-47.7934543
1828109391,-21.1451016,-47.7912721
1828109395,-21.1453268,-47.7859067
1828109396,-21.1453877,-47.792566
1828109397,-21.1454058,-47.7881025
1828109398,-21.1454807,-47.7904023
1828109399,-21.1461074,-47.7773947
1828109402,-21.1457603,-47.7872564
1828109403,-21.1457987,-47.791638
1828109404,-21.145835,-47.7883055
1828109405,-21.1458586,-47.7895357
1828109406,-21.1461723,-47.7863106
1828109407,-21.1461936,-47.79075
1828109408,-21.1462879,-47.7875211
1828109409,-21.1463476,-47.7859102
1828109411,-21.1468907,-47.7866537
1828109416,-21.1488508,-47.770932
1828109417,-21.147278,-47.7827007
1828109420,-21.1490647,-47.75903
1828109424,-21.1492319,-47.7586488
1828109427,-21.1493978,-47.7591405
1828109432,-21.149509,-47.758757
1828109435,-21.1495523,-47.7709938
1828109442,-21.1503874,-47.7670527
1828109443,-21.1504549,-47.7668374
1828109444,-21.1506381,-47.7662486
1828109445,-21.1508478,-47.7656241
1828109446,-21.1509119,-47.7670447
1828109448,-21.1510658,-47.7649619
1828109450,-21.1511152,-47.7664458
1828109452,-21.1513007,-47.7720549
1828109458,-21.151414,-47.7723163
1828109459,-21.1515259,-47.7635636
1828109460,-21.1516468,-47.7718645
1828109466,-21.1517568,-47.7628424
1828109468,-21.1518813,-47.7674212
1828109470,-21.1519599,-47.7621661
1828109471,-21.1520162,-47.7619904
1828109472,-21.1520821,-47.7667881
1828109473,-21.1522814,-47.7661389
1828109476,-21.152477,-47.765523
1828109477,-21.1525072,-47.7604325
1828109479,-21.1526104,-47.7676901
1828109480,-21.1527124,-47.7622572
1828109481,-21.152774,-47.7645807
1828109485,-21.152964,-47.7719059
1828109486,-21.1529139,-47.7667355
1828109487,-21.1529329,-47.7640765
1828109490,-21.1531875,-47.7577274
1828109491,-21.1531618,-47.7633499
1828109492,-21.1531933,-47.7581995
1828109493,-21.1532583,-47.7718063
1828109497,-21.1532265,-47.7657854
1828109498,-21.1534172,-47.771987
1828109500,-21.153357,-47.7576953
1828109501,-21.1533482,-47.7679589
1828109503,-21.1533895,-47.7626812
1828109507,-21.1535273,-47.7648289
1828109510,-21.1536019,-47.7715416
1828109511,-21.1536495,-47.7670002
1828109513,-21.1537086,-47.7717054
1828109514,-21.1537731,-47.76265
1828109515,-21.1536788,-47.7643703
1828109516,-21.1537693,-47.7628136
1828109517,-21.1539077,-47.758467
1828109518,-21.1539628,-47.7660432
1828109520,-21.1540868,-47.7579416
1828109521,-21.154093,-47.7585375
1828109522,-21.1540839,-47.7682182
1828109523,-21.1542586,-47.765093
1828109525,-21.154388,-47.767266
1828109526,-21.1546985,-47.7663131
1828109527,-21.1548738,-47.7685054
1828109528,-21.1550006,-47.7653605
1828109529,-21.1551666,-47.7675462
1828109530,-21.1554613,-47.7666152
1828109531,-21.1555604,-47.7687592
1828109533,-21.155741,-47.7656347
1828109534,-21.1558719,-47.7678
1828109537,-21.1561669,-47.7668462
1828109538,-21.1562907,-47.7690316
1828109539,-21.1564654,-47.7658986
1828109540,-21.1565979,-47.7680613
1828109541,-21.1569024,-47.7671087
1828109542,-21.1570256,-47.7692895
1828109543,-21.1570989,-47.7650398
1828109544,-21.1572102,-47.7661656
1828109546,-21.157311,-47.7640769
1828109547,-21.1573334,-47.7683353
1828109549,-21.1575222,-47.7652003
1828109550,-21.1576501,-47.7673766
1828109552,-21.1577581,-47.7695476
1828109553,-21.1577477,-47.7619586
1828109554,-21.1578679,-47.7642773
1828109555,-21.1579467,-47.766429
1828109556,-21.1580669,-47.7685865
1828109558,-21.1580699,-47.7610218
1828109559,-21.1581715,-47.7631516
1828109560,-21.1582619,-47.7654861
1828109562,-21.1583749,-47.7676463
1828109563,-21.1584732,-47.7622087
1828109564,-21.158565,-47.7645281
1828109565,-21.1586093,-47.7694819
1828109566,-21.1586752,-47.7666895
1828109568,-21.1587673,-47.7612928
1828109569,-21.1588139,-47.7688423
1828109570,-21.1589326,-47.7634236
1828109573,-21.1589885,-47.7657505
1828109574,-21.1590215,-47.7703021
1828109575,-21.1590704,-47.7603467
1828109576,-21.159109,-47.7679182
1828109577,-21.1592152,-47.7700248
1828109578,-21.1592261,-47.7624702
1828109579,-21.1592684,-47.7647812
1828109581,-21.1593213,-47.7635494
1828109582,-21.159415,-47.766961
1828109583,-21.1594839,-47.7598517
1828109584,-21.1595287,-47.7615545
1828109585,-21.1597228,-47.7681363
1828109586,-21.1596585,-47.7661991
1828109587,-21.1598125,-47.7606104
1828109588,-21.1599436,-47.7627156
1828109589,-21.1599899,-47.7600278
1828109592,-21.1602501,-47.7618146
1828109594,-21.1605484,-47.760872
1828109596,-21.1608484,-47.7603255
1828109597,-21.1609622,-47.7620694
1828109598,-21.1610156,-47.7610381
1828109599,-21.1611197,-47.7615496
1828109602,-21.1675036,-47.7567908
1828109617,-21.1689913,-47.7568519
1828113639,-21.1200433,-47.7756548
1828113641,-21.1216569,-47.776564
1828113642,-21.1218211,-47.7763194
1828113645,-21.1229078,-47.7761641
1828113646,-21.1230183,-47.7735843
1828113647,-21.1230649,-47.7734719
1828113649,-21.1238085,-47.7729361
1828113650,-21.1238712,-47.7740191
1828113651,-21.1242601,-47.7731454
1828113652,-21.1240766,-47.7757973
1828113653,-21.12457,-47.7723874
1828113654,-21.1246885,-47.7744358
1828113655,-21.1246956,-47.7722969
1828113656,-21.1250579,-47.773569
1828113657,-21.1252595,-47.7754074
1828113658,-21.1254447,-47.772662
1828113659,-21.1255085,-47.7748539
1828113660,-21.1256431,-47.7716391
1828113662,-21.125877,-47.7717591
1828113663,-21.1258845,-47.7739727
1828113664,-21.1260698,-47.77514
1828113665,-21.1261144,-47.7712969
1828113666,-21.1262744,-47.7730664
1828113668,-21.1264545,-47.7750278
1828113669,-21.1266798,-47.7721536
1828113670,-21.1267186,-47.7743801
1828113671,-21.1271238,-47.7734803
1828113672,-21.1273539,-47.774742
1828113673,-21.1275168,-47.7703985
1828113674,-21.1275224,-47.7703
1828113675,-21.1275322,-47.7725736
1828113676,-21.1276473,-47.7746488
1828113678,-21.12795,-47.7738875
1828113679,-21.1283538,-47.7697001
1828113680,-21.1283169,-47.7707976
1828113681,-21.1283448,-47.7729718
1828113683,-21.1287187,-47.7698779
1828113684,-21.1288273,-47.774274
1828113685,-21.1291328,-47.7689651
1828113686,-21.1291113,-47.7711974
1828113688,-21.1291842,-47.7733886
1828113690,-21.1295105,-47.7702732
1828113691,-21.1299003,-47.7693708
1828113692,-21.1299355,-47.773922
1828113693,-21.129953,-47.7716199
1828113694,-21.129999,-47.7737846
1828113697,-21.1303129,-47.7684689
1828113700,-21.1303643,-47.7707034
1828113704,-21.1307528,-47.7698002
1828113706,-21.1307965,-47.7720198
1828113709,-21.1311336,-47.7689146
1828113710,-21.1311965,-47.7711214
1828113711,-21.1311573,-47.7735425
1828113712,-21.1312629,-47.7673935
1828113713,-21.1312438,-47.7733437
1828113714,-21.1315392,-47.7679717
1828113715,-21.1315929,-47.7702208
1828113716,-21.1316365,-47.7724447
1828113719,-21.1319792,-47.7693234
1828113720,-21.1320133,-47.7715293
1828113721,-21.1323816,-47.7683936
1828113722,-21.1323893,-47.7706195
1828113723,-21.1324527,-47.7728441
1828113724,-21.1325563,-47.7680301
1828113725,-21.1328019,-47.7730194
1828113729,-21.1327993,-47.7697199
1828113730,-21.1328385,-47.7719369
1828113732,-21.1332193,-47.7688132
1828113733,-21.13323,-47.7710426
1828113738,-21.1334721,-47.772804
1828113740,-21.1336422,-47.7659278
1828113744,-21.133642,-47.7701273
1828113746,-21.1336728,-47.772349
1828113749,-21.133864,-47.7691391
1828113756,-21.1340015,-47.7693464
1828113764,-21.1340544,-47.7714675
1828113766,-21.1341305,-47.7725883
1828113770,-21.1341216,-47.7671501
1828113776,-21.1341956,-47.7693348
1828113780,-21.1342567,-47.7689683
1828113787,-21.1344089,-47.7662363
1828113789,-21.1344578,-47.7705466
1828113793,-21.1346191,-47.7652834
1828113795,-21.134672,-47.7724258
1828113797,-21.1347342,-47.7653224
1828113803,-21.1347572,-47.76736
1828113804,-21.1347783,-47.7696096
1828113805,-21.1348449,-47.7696414
1828113806,-21.1349184,-47.7718756
1828113808,-21.1350352,-47.7664356
1828113810,-21.1352904,-47.7709534
1828113812,-21.1353429,-47.7655287
1828113816,-21.1354002,-47.7699066
1828113818,-21.1354966,-47.772172
1828113820,-21.13542,-47.7676007
1828113822,-21.1356906,-47.7700611
1828113824,-21.1356844,-47.764611
1828113828,-21.1357155,-47.7666521
1828113834,-21.1359964,-47.7657501
1828113836,-21.1360763,-47.7678391
1828113843,-21.136293,-47.7647976
1828113845,-21.1365149,-47.7641286
1828113851,-21.1366532,-47.7659521
1828113854,-21.1367358,-47.7680786
1828113858,-21.1368583,-47.76392
1828113860,-21.1369389,-47.7650174
1828113862,-21.1370229,-47.7671396
1828113870,-21.1372331,-47.7640548
1828113872,-21.1372952,-47.7639584
1828113874,-21.1373102,-47.7661992
1828113881,-21.1373705,-47.7683091
1828113883,-21.1374936,-47.7683538
1828113887,-21.1376004,-47.7652498
1828113891,-21.1376576,-47.7673641
1828113898,-21.1377912,-47.7674071
1828113900,-21.1379208,-47.7643189
1828113908,-21.1379518,-47.7664283
1828113916,-21.1380091,-47.7685294
1828113920,-21.1380846,-47.766474
1828113928,-21.1382406,-47.7654925
1828113938,-21.1383212,-47.7631851
1828113940,-21.1383804,-47.7655335
1828113944,-21.1384406,-47.767636
1828113946,-21.1385489,-47.7645399
1828113948,-21.1385541,-47.7698138
1828113950,-21.1384431,-47.7628374
1828113952,-21.1386787,-47.7645849
1828113954,-21.1387301,-47.7667008
1828113958,-21.138861,-47.7688227
1828113959,-21.1390118,-47.7657453
1828113961,-21.1391492,-47.7678918
1828113962,-21.1393077,-47.7648067
1828113963,-21.1394305,-47.7669414
1828113967,-21.139739,-47.7660095
1828113969,-21.1398764,-47.7707521
1828113971,-21.1400365,-47.7650632
1828113973,-21.1400258,-47.7703
1828113976,-21.1401842,-47.7672137
1828113978,-21.140337,-47.769349
1828113980,-21.1404782,-47.7662781
1828113985,-21.1406179,-47.7684219
1828113987,-21.1406523,-47.7705096
1828113991,-21.1407666,-47.7653208
1828113998,-21.1407668,-47.7704766
1828114000,-21.1408083,-47.7651936
1828114001,-21.1409375,-47.7704222
1828114002,-21.1409092,-47.7674798
1828114007,-21.1410069,-47.764545
1828114009,-21.1410627,-47.7696142
1828114011,-21.1412057,-47.7665209
1828114013,-21.1413505,-47.7686897
1828114015,-21.1415083,-47.765584
1828114017,-21.1416534,-47.7677279
1828114018,-21.1418531,-47.770135
1828114021,-21.1418557,-47.7618074
1828114023,-21.1419395,-47.7667905
1828114025,-21.1422207,-47.7690081
1828114027,-21.1421006,-47.7610709
1828114029,-21.1422325,-47.7658364
1828114037,-21.1422708,-47.7657102
1828114039,-21.1423478,-47.7658756
1828114040,-21.1423845,-47.7657523
1828114042,-21.1425963,-47.764722
1828114043,-21.1425963,-47.7676981
1828114045,-21.1427118,-47.764733
1828114047,-21.1431534,-47.7661512
1828114049,-21.1431977,-47.7660246
1828114051,-21.1435037,-47.7650689
1828114053,-21.1435978,-47.7648113
1828114056,-21.143798,-47.7695014
1828114058,-21.1439266,-47.7662817
1828114062,-21.1439875,-47.7641224
1828114064,-21.1442422,-47.7653121
1828114066,-21.1443697,-47.7649265
1828114078,-21.144565,-47.7642933
1828114079,-21.1447393,-47.7637223
1828114080,-21.1449153,-47.7655748
1828114082,-21.1450689,-47.7650854
1828114083,-21.1452343,-47.7645414
1828114084,-21.1453443,-47.7641652
1828114093,-21.1459585,-47.7689119
1828114097,-21.1460355,-47.7648146
1828114102,-21.1464748,-47.7673144
1828114106,-21.146511,-47.7671966
1828114108,-21.1468395,-47.7662172
1828114110,-21.1468764,-47.7592512
1828114111,-21.1478647,-47.7629642
1828114112,-21.1479086,-47.7628332
1828120288,-21.1150646,-47.780422
1828120290,-21.115113,-47.7810661
1828120291,-21.115151,-47.7797645
1828120294,-21.1153768,-47.7816942
1828120295,-21.1153917,-47.7791866
1828120298,-21.115726,-47.7823462
1828120300,-21.1159578,-47.7785787
1828120302,-21.1161633,-47.7830241
1828120303,-21.1165454,-47.7834665
1828120304,-21.1165626,-47.7830339
1828120305,-21.1165958,-47.7823851
1828120306,-21.1166273,-47.7817468
1828120308,-21.1166578,-47.7811291
1828120309,-21.1166889,-47.7804995
1828120310,-21.1167204,-47.7798617
1828120311,-21.1167113,-47.7836558
1828120312,-21.1167538,-47.7792626
1828120313,-21.1167508,-47.7779938
1828120314,-21.1167817,-47.7786201
1828120316,-21.11692,-47.7778718
1828120318,-21.1174805,-47.784305
1828120319,-21.1179138,-47.7779261
1828120321,-21.1180014,-47.7847066
1828120322,-21.1180183,-47.7843165
1828120323,-21.1180455,-47.7837068
1828120326,-21.118073,-47.7830892
1828120327,-21.1181013,-47.782454
1828120328,-21.1181293,-47.7818267
1828120329,-21.1181576,-47.7811907
1828120331,-21.1181852,-47.780572
1828120333,-21.1182136,-47.7799348
1828120335,-21.1182407,-47.779341
1828120337,-21.1182689,-47.7786948
1828120338,-21.1182968,-47.77807
1828120342,-21.118644,-47.7749396
1828120344,-21.1188948,-47.7779711
1828120350,-21.1194518,-47.7854318
1828120353,-21.1194696,-47.7850058
1828120355,-21.1194973,-47.7843773
1828120357,-21.1195214,-47.7837693
1828120359,-21.1195478,-47.7831378
1828120361,-21.1195736,-47.7825202
1828120365,-21.1195995,-47.7819002
1828120369,-21.119626,-47.7812669
1828120371,-21.119651,-47.7806409
1828120373,-21.1196788,-47.7800058
1828120375,-21.1197044,-47.7793925
1828120378,-21.1197306,-47.7787675
1828120380,-21.1197568,-47.7781412
1828120384,-21.1199128,-47.7780194
1828120388,-21.120474,-47.7768107
1828120390,-21.1203987,-47.7860201
1828120392,-21.1206512,-47.7857293
1828120394,-21.1207073,-47.7850405
1828120396,-21.1207585,-47.7844203
1828120400,-21.1208072,-47.7838254
1828120402,-21.1208599,-47.7831831
1828120404,-21.1209102,-47.782572
1828120406,-21.1209597,-47.7819696
1828120407,-21.1209556,-47.7838828
1828120409,-21.1210114,-47.7813402
1828120411,-21.1210631,-47.7807117
1828120413,-21.1210877,-47.7771207
1828120415,-21.1211152,-47.780077
1828120417,-21.1211672,-47.7794448
1828120421,-21.1212166,-47.7788429
1828120423,-21.1212681,-47.7782164
1828120425,-21.1212805,-47.7780877
1828120429,-21.1213473,-47.7772532
1828120431,-21.1215184,-47.7773412
1828120436,-21.1238158,-47.7785044
1828120438,-21.1242739,-47.7787339
1828120445,-21.1247276,-47.7789552
1828120447,-21.1252009,-47.7791862
1828120451,-21.1255338,-47.7804653
1828120455,-21.1263431,-47.7797536
1828120460,-21.1271635,-47.7801594
1828120462,-21.1275886,-47.7792056
1828120475,-21.1288584,-47.78097
1828120479,-21.1290834,-47.7875152
1828120483,-21.1292675,-47.7800287
1828120490,-21.1296518,-47.7791436
1828120492,-21.1298323,-47.7858109
1828120495,-21.1299175,-47.7880366
1828120497,-21.1300408,-47.7782474
1828120499,-21.1301017,-47.7804693
1828120507,-21.1303831,-47.789381
1828120520,-21.1307169,-47.7862791
1828120522,-21.1307782,-47.7884688
1828120524,-21.1309323,-47.7808829
1828120526,-21.1310995,-47.7853907
1828120527,-21.1311834,-47.7827503
1828120528,-21.1311698,-47.7897984
1828120530,-21.1313211,-47.7799803
1828120531,-21.1314109,-47.7822547
1828120532,-21.1314766,-47.7845154
1828120533,-21.1316005,-47.7867211
1828120534,-21.1315593,-47.7770592
1828120535,-21.1315752,-47.7888945
1828120536,-21.1316938,-47.7790627
1828120538,-21.1318071,-47.7813456
1828120539,-21.1318709,-47.7836
1828120540,-21.1319712,-47.7858307
1828120541,-21.1320191,-47.790249
1828120543,-21.1320888,-47.7781325
1828120544,-21.132203,-47.7804311
1828120545,-21.132284,-47.7827033
1828120546,-21.1323428,-47.7849558
1828120547,-21.1323843,-47.7871116
1828120548,-21.1324245,-47.7893231
1828120549,-21.1324607,-47.7772565
1828120550,-21.132648,-47.7795316
1828120551,-21.1327156,-47.7817485
1828120552,-21.1326977,-47.7766982
1828120553,-21.1327106,-47.7840882
1828120554,-21.1327668,-47.7862231
1828120557,-21.1330558,-47.778625
1828120559,-21.1331034,-47.7808714
1828120560,-21.1331324,-47.78315
1828120561,-21.1331485,-47.7853678
1828120562,-21.1332445,-47.7875262
1828120563,-21.1334373,-47.7777332
1828120564,-21.1335084,-47.7799591
1828120565,-21.1335432,-47.7821728
1828120566,-21.1335306,-47.7844948
1828120567,-21.1336434,-47.786663
1828120568,-21.1339359,-47.7812913
1828120569,-21.1339528,-47.7835586
1828120571,-21.1340155,-47.785799
1828120572,-21.1343197,-47.7803623
1828120573,-21.1343894,-47.7825934
1828120574,-21.1343912,-47.7849219
1828120575,-21.1344108,-47.7801343
1828120576,-21.1344685,-47.7870727
1828120577,-21.1347656,-47.7817105
1828120579,-21.1348545,-47.7862106
1828120580,-21.1346498,-47.7827313
1828120581,-21.1357903,-47.7888348
1828120582,-21.1351733,-47.7807791
1828120583,-21.1352166,-47.7853182
1828120584,-21.1353033,-47.7874895
1828120585,-21.1352437,-47.7819591
1828120586,-21.1353114,-47.7804616
1828120587,-21.1356393,-47.7843668
1828120588,-21.1356782,-47.7866239
1828120589,-21.1360823,-47.785746
1828120591,-21.1361912,-47.7879328
1828120592,-21.1364796,-47.784784
1828120593,-21.1365764,-47.7870617
1828120595,-21.136637,-47.7892609
1828120596,-21.1369668,-47.7861861
1828120597,-21.1370522,-47.7883627
1828120598,-21.1373536,-47.7852591
1828120600,-21.1374295,-47.787464
1828120602,-21.1378053,-47.7865598
1828120603,-21.137877,-47.7887745
1828120604,-21.1379624,-47.7641839
1828120605,-21.1381844,-47.7856581
1828120606,-21.1382743,-47.7878738
1828120607,-21.1383583,-47.7899853
1828120608,-21.138591,-47.7644056
1828120609,-21.1386435,-47.7869714
1828120610,-21.1387041,-47.7891874
1828120612,-21.1382457,-47.7856886
1828120613,-21.1391081,-47.7882922
1828120616,-21.1393511,-47.764678
1828120617,-21.1393845,-47.7895188
1828120618,-21.1394754,-47.7642667
1828120619,-21.1394943,-47.7873982
1828120621,-21.1395909,-47.788535
1828120622,-21.139675,-47.7869882
1828120625,-21.1398428,-47.7875671
1828120627,-21.1400749,-47.7649343
1828120628,-21.1402125,-47.7644985
1828120629,-21.140374,-47.7639707
1828120633,-21.141108,-47.7642358
1828120634,-21.141179,-47.7837306
1828120635,-21.1412637,-47.7637354
1828120636,-21.1414136,-47.7632183
1828120637,-21.1417304,-47.7621992
1828120638,-21.1420432,-47.7634475
1828120639,-21.1427411,-47.7625473
1828123093,-21.1473794,-47.826293
1828123094,-21.1475508,-47.8253638
1828123097,-21.1478193,-47.8239882
1828123100,-21.1482853,-47.8271035
1828123101,-21.148393,-47.8232175
1828123102,-21.1482932,-47.8243943
1828123103,-21.1486451,-47.8247148
1828123104,-21.1489386,-47.8243351
1828123106,-21.1492268,-47.823967
1828123108,-21.1495944,-47.825552
1828123109,-21.1499132,-47.8251503
1828123110,-21.1499013,-47.8231046
1828123111,-21.150189,-47.8247875
1828123114,-21.1508599,-47.8239447
1828123115,-21.1511262,-47.8215678
1828123117,-21.1517712,-47.8186736
1828123120,-21.1520434,-47.8223628
1828123122,-21.1523673,-47.8199407
1828123124,-21.1526017,-47.8188324
1828123125,-21.1527064,-47.8195001
1828123126,-21.1528301,-47.8213559
1828123127,-21.1528773,-47.8176484
1828123128,-21.1529917,-47.8191548
1828123129,-21.1532725,-47.8179954
1828123130,-21.1532971,-47.8207582
1828123131,-21.1533845,-47.8164995
1828123133,-21.1536474,-47.8183136
1828123135,-21.1538698,-47.8169377
1828123136,-21.1541052,-47.8187363
1828123137,-21.154297,-47.8174989
1828123139,-21.154378,-47.8162815
1828123144,-21.1543832,-47.817386
1828123146,-21.154611,-47.8153015
1828123148,-21.1545533,-47.819125
1828123150,-21.1547605,-47.8179027
1828123152,-21.1548147,-47.8142012
1828123154,-21.1549088,-47.8167091
1828123158,-21.1552024,-47.8182895
1828123160,-21.1553563,-47.8171446
1828123161,-21.1554436,-47.8160393
1828123162,-21.1557927,-47.8175297
1828123163,-21.1560476,-47.8152745
1828123164,-21.156176,-47.8151044
1828123165,-21.1570398,-47.815924
1828123167,-21.1583038,-47.8143487
1828129062,-21.1348777,-47.8152714
1828129063,-21.1352559,-47.8168864
1828129065,-21.1361245,-47.8136646
1828129067,-21.1366013,-47.8206833
1828129069,-21.1367431,-47.8128509
1828129070,-21.1372399,-47.8159653
1828129071,-21.1373835,-47.8120451
1828129076,-21.1374384,-47.8195643
1828129078,-21.1374909,-47.819611
1828129080,-21.1377115,-47.8177226
1828129082,-21.1377862,-47.8191252
1828129086,-21.1377055,-47.8110485
1828129101,-21.1384001,-47.8183361
1828129102,-21.1385581,-47.8224819
1828129103,-21.1390136,-47.8175343
1828129104,-21.139241,-47.8216877
1828129105,-21.1392876,-47.8231463
1828129106,-21.1394059,-47.8192072
1828129107,-21.1394445,-47.8213985
1828129108,-21.1396485,-47.8167201
1828129109,-21.1398374,-47.8209253
1828129111,-21.1399114,-47.8237145
1828129113,-21.1399485,-47.8223152
1828129115,-21.1402088,-47.8145429
1828129117,-21.140241,-47.8159353
1828129122,-21.1404472,-47.8200928
1828129124,-21.1405434,-47.8215764
1828129126,-21.1406008,-47.822907
1828129128,-21.1405811,-47.8243244
1828129130,-21.1408256,-47.8137553
1828129140,-21.1408611,-47.8151306
1828129141,-21.1410194,-47.8193343
1828129143,-21.1411455,-47.8248385
1828129144,-21.1411861,-47.820764
1828129145,-21.1411808,-47.8221517
1828129146,-21.1412555,-47.8235002
1828129147,-21.1414915,-47.814334
1828129149,-21.1416543,-47.8185214
1828129151,-21.1417197,-47.8253611
1828129153,-21.1417759,-47.8212836
1828129155,-21.1418189,-47.8213294
1828129157,-21.1418264,-47.8240318
1828129159,-21.141841,-47.8227429
1828129161,-21.1422604,-47.8258554
1828129163,-21.1422868,-47.8177123
1828129165,-21.1423667,-47.8245296
1828129167,-21.1424521,-47.8218827
1828129169,-21.1424004,-47.8204807
1828129179,-21.1424308,-47.8232688
1828129184,-21.1429168,-47.8168881
1828129185,-21.1429319,-47.8264623
1828129186,-21.1429467,-47.8250471
1828129187,-21.1429812,-47.8237292
1828129189,-21.1430497,-47.8210572
1828129191,-21.1430871,-47.8224259
1828129193,-21.1430176,-47.8197065
1828129195,-21.1433482,-47.8119515
1828129197,-21.1435104,-47.8161469
1828129199,-21.143561,-47.8242788
1828129201,-21.1436107,-47.8229326
1828129203,-21.143606,-47.8256324
1828129205,-21.1436461,-47.8271111
1828129207,-21.1436551,-47.8189033
1828129218,-21.1437068,-47.8216693
1828129219,-21.1436634,-47.8202912
1828129221,-21.1439599,-47.8111578
1828129223,-21.1442014,-47.8234596
1828129224,-21.1442207,-47.8221701
1828129225,-21.1442294,-47.8248649
1828129226,-21.1442546,-47.8181495
1828129227,-21.1442898,-47.8262987
1828129230,-21.1443277,-47.8208904
1828129232,-21.1443043,-47.8195021
1828129234,-21.1443108,-47.827715
1828129236,-21.1444784,-47.8278684
1828129238,-21.1445703,-47.8103658
1828129240,-21.1448169,-47.8226983
1828129242,-21.1448766,-47.8240701
1828129244,-21.1448723,-47.8213715
1828129246,-21.1448842,-47.8173564
1828129248,-21.1449228,-47.8187407
1828129257,-21.144924,-47.8254983
1828129258,-21.1449841,-47.8200878
1828129259,-21.1449544,-47.8268821
1828129262,-21.1451216,-47.8270311
1828129263,-21.1453806,-47.8137547
1828129265,-21.1454748,-47.8218941
1828129269,-21.1454946,-47.8232986
1828129271,-21.1455016,-47.8205725
1828129275,-21.1455673,-47.8246855
1828129277,-21.1455541,-47.8179461
1828129279,-21.145614,-47.8192942
1828129281,-21.1455768,-47.8260767
1828129299,-21.146094,-47.8211071
1828129300,-21.1461624,-47.8197846
1828129301,-21.1461458,-47.8225052
1828129302,-21.1462044,-47.8252679
1828129304,-21.1461941,-47.8239183
1828129306,-21.1462238,-47.8185054
1828129308,-21.146331,-47.8080853
1828129315,-21.1467495,-47.8203023
1828129317,-21.1467742,-47.8189977
1828129319,-21.1467728,-47.8149714
1828129321,-21.1467739,-47.8217053
1828129323,-21.1468322,-47.8231362
1828129325,-21.1468336,-47.8244848
1828129335,-21.1473482,-47.8195257
1828129336,-21.1474069,-47.8182054
1828129337,-21.1473771,-47.8141824
1828129338,-21.1474215,-47.8209028
1828129339,-21.1474351,-47.8155494
1828129340,-21.1474483,-47.8236699
1828129341,-21.1474824,-47.8223382
1828129348,-21.1479747,-47.8187566
1828129350,-21.1479965,-47.817402
1828129352,-21.1479992,-47.8133701
1828129356,-21.1480369,-47.820132
1828129360,-21.1480552,-47.8147865
1828129362,-21.1480583,-47.8228635
1828129364,-21.14814,-47.821538
1828129373,-21.1481009,-47.8161574
1828129376,-21.1484385,-47.8098429
1828129379,-21.1486303,-47.8166241
1828129380,-21.148629,-47.8179534
1828129381,-21.148651,-47.819369
1828129383,-21.1486818,-47.8220252
1828129385,-21.1486988,-47.8139844
1828129387,-21.1487209,-47.8153732
1828129389,-21.148743,-47.8207537
1828129391,-21.1492091,-47.8118123
1828129393,-21.1492503,-47.8158137
1828129397,-21.1492618,-47.8171751
1828129399,-21.1492953,-47.82124
1828129401,-21.1493107,-47.8185512
1828129403,-21.1493124,-47.8132196
1828129405,-21.1493609,-47.8145621
1828129413,-21.1493657,-47.8199728
1828129416,-21.1497363,-47.8140737
1828129418,-21.1498783,-47.8150136
1828129421,-21.1499046,-47.8204687
1828129425,-21.1499288,-47.8177851
1828129427,-21.1499835,-47.8137766
1828129429,-21.1499917,-47.8123884
1828129431,-21.1500237,-47.8191635
1828129435,-21.1502548,-47.8145199
1828129437,-21.1502805,-47.8173359
1828129440,-21.1505244,-47.8155774
1828129442,-21.1505396,-47.8196633
1828129451,-21.1505825,-47.8169683
1828129453,-21.150656,-47.8129344
1828129454,-21.1506367,-47.8184094
1828129455,-21.1507959,-47.8106814
1828129456,-21.1508477,-47.8158595
1828129457,-21.1509183,-47.8150909
1828129458,-21.1509869,-47.8179599
1828129460,-21.1511285,-47.8133699
1828129462,-21.1511427,-47.8188807
1828129464,-21.1512203,-47.8161846
1828129468,-21.1515368,-47.8128805
1828129470,-21.1516168,-47.8156921
1828129474,-21.1517526,-47.8114857
1828129476,-21.1518097,-47.8139822
1828129482,-21.1519093,-47.8167696
1828129492,-21.1531226,-47.8096112
1828129494,-21.152206,-47.8134859
1828129495,-21.1523066,-47.816281
1828129497,-21.1524065,-47.8172339
1828129502,-21.1524887,-47.8145925
1828129508,-21.1528864,-47.8124876
1828129510,-21.152897,-47.8140768
1828129512,-21.153204,-47.8152373
1828129514,-21.1536215,-47.8131602
1828129516,-21.1536375,-47.8147308
1828129518,-21.1536853,-47.8156571
1828129520,-21.1541031,-47.81513
1828129522,-21.1543729,-47.8138228
1828150717,-21.1224694,-47.8063718
1828150734,-21.1231018,-47.8069274
1828150737,-21.1232567,-47.8062732
1828150738,-21.1232425,-47.8064726
1828150739,-21.1234883,-47.8072669
1828150740,-21.1234952,-47.8033319
1828150743,-21.1237391,-47.8063579
1828150746,-21.1237356,-47.8065208
1828150748,-21.1238277,-47.807565
1828150750,-21.1239903,-47.8033896
1828150758,-21.1242121,-47.8065627
1828150759,-21.1242173,-47.8079072
1828150760,-21.1242237,-47.806399
1828150763,-21.1244797,-47.8034375
1828150765,-21.1246133,-47.8082551
1828150766,-21.1246858,-47.8066067
1828150767,-21.1247121,-47.8064453
1828150769,-21.1249769,-47.8034769
1828150770,-21.1249649,-47.8085639
1828150773,-21.1251948,-47.8064985
1828150775,-21.1251836,-47.806653
1828150777,-21.12533,-47.8088846
1828150781,-21.1254624,-47.8035268
1828150785,-21.1256516,-47.8066995
1828150786,-21.1256857,-47.8065492
1828150791,-21.125735,-47.8092403
1828150792,-21.1257684,-47.8053012
1828150794,-21.1258175,-47.8047075
1828150798,-21.1259369,-47.8035717
1828150802,-21.1260805,-47.8095438
1828150804,-21.1261556,-47.8067513
1828150806,-21.1261727,-47.806597
1828150808,-21.1262457,-47.8053408
1828150810,-21.1263109,-47.8047581
1828150812,-21.1264196,-47.8036215
1828150813,-21.1264636,-47.8089531
1828150814,-21.1264695,-47.8098855
1828150816,-21.1266406,-47.8068026
1828150818,-21.1266542,-47.8066467
1828150819,-21.1267765,-47.8053848
1828150820,-21.1268049,-47.8048088
1828150821,-21.126868,-47.8092532
1828150822,-21.1269031,-47.8036805
1828150830,-21.1270387,-47.8103859
1828150834,-21.1271469,-47.8066917
1828150836,-21.1271678,-47.8087827
1828150838,-21.1271371,-47.8068535
1828150841,-21.1272345,-47.8054229
1828150842,-21.127282,-47.8048577
1828150843,-21.1273832,-47.8037263
1828150845,-21.1274776,-47.8107765
1828150846,-21.1274993,-47.8098056
1828150854,-21.1276202,-47.8068961
1828150858,-21.1276297,-47.8067364
1828150860,-21.1278974,-47.8093172
1828150861,-21.1278776,-47.8037773
1828150863,-21.1279344,-47.8102078
1828150864,-21.1279365,-47.8111849
1828150865,-21.1281107,-47.806788
1828150866,-21.1283316,-47.809698
1828150867,-21.1283679,-47.8038131
1828150868,-21.1283719,-47.8106388
1828150869,-21.1283999,-47.8115973
1828150871,-21.128459,-47.8086009
1828150872,-21.1285954,-47.8068389
1828150873,-21.1287943,-47.8101091
1828150874,-21.1288385,-47.8110519
1828150875,-21.1288474,-47.8119956
1828150876,-21.1288553,-47.8038598
1828150882,-21.1288938,-47.8090134
1828150886,-21.129026,-47.8078877
1828150888,-21.1291039,-47.8068899
1828150890,-21.129121,-47.8067147
1828150893,-21.1292617,-47.8105255
1828150894,-21.1292859,-47.8114474
1828150897,-21.1293293,-47.8039053
1828150898,-21.129331,-47.8124327
1828150899,-21.1293455,-47.809418
1828150901,-21.1294713,-47.808294
1828150902,-21.1295204,-47.8072667
1828150903,-21.1296124,-47.8071457
1828150907,-21.1296962,-47.8109345
1828150909,-21.1296872,-47.8059619
1828150910,-21.1297605,-47.8118779
1828150911,-21.129808,-47.8039477
1828150912,-21.1298137,-47.8098372
1828150913,-21.129931,-47.8086827
1828150914,-21.130061,-47.8075598
1828150916,-21.1301661,-47.8113664
1828150917,-21.1301911,-47.8064241
1828150918,-21.1302471,-47.8052208
1828150920,-21.1302565,-47.8102338
1828150922,-21.1302803,-47.8040161
1828150923,-21.1303916,-47.8091055
1828150924,-21.1306403,-47.8040681
1828150925,-21.1305022,-47.8079662
1828150927,-21.1306057,-47.8135611
1828150928,-21.1306401,-47.8068289
1828150929,-21.1307288,-47.8106568
1828150930,-21.1307461,-47.8127671
1828150931,-21.1307637,-47.8057048
1828150932,-21.1308401,-47.8119862
1828150933,-21.1308337,-47.8095122
1828150934,-21.1309748,-47.8083672
1828150935,-21.1310305,-47.813026
1828150936,-21.131088,-47.8072313
1828150937,-21.1312077,-47.8061108
1828150938,-21.1312888,-47.8141797
1828150939,-21.1313082,-47.8111756
1828150940,-21.1313146,-47.8099185
1828150941,-21.1313466,-47.8049726
1828150942,-21.1314558,-47.8041493
1828150944,-21.1314233,-47.8125313
1828150945,-21.1314254,-47.8087723
1828150947,-21.1315427,-47.8076483
1828150949,-21.1316629,-47.8065045
1828150950,-21.1317084,-47.8136456
1828150952,-21.1317919,-47.8053718
1828150953,-21.1318679,-47.8043509
1828150954,-21.1318852,-47.8091989
1828150955,-21.1319001,-47.8104284
1828150957,-21.1319563,-47.814783
1828150959,-21.1319985,-47.8080527
1828150960,-21.1320043,-47.8117991
1828150961,-21.1354197,-47.8045279
1828150962,-21.132106,-47.8131396
1828150963,-21.1321319,-47.8069164
1828150964,-21.1322371,-47.8057708
1828150965,-21.1323658,-47.8046653
1828150966,-21.1323682,-47.8142488
1828150967,-21.1324623,-47.8084712
1828150968,-21.1324728,-47.8097057
1828150970,-21.1325717,-47.8110819
1828150971,-21.1325804,-47.8073202
1828150972,-21.1326822,-47.8124062
1828150973,-21.132715,-47.8061993
1828150974,-21.1327712,-47.8137407
1828150976,-21.1328258,-47.8050747
1828150977,-21.1329497,-47.8156549
1828150978,-21.1330272,-47.8077589
1828150979,-21.1330281,-47.8090049
1828150980,-21.1331412,-47.8103449
1828150981,-21.1331714,-47.8066084
1828150982,-21.1332524,-47.8116803
1828150983,-21.133263,-47.8054638
1828150985,-21.1333531,-47.813007
1828150989,-21.1336038,-47.8082785
1828150990,-21.1336204,-47.8070109
1828150992,-21.1336947,-47.8163237
1828150993,-21.1337227,-47.8095923
1828150994,-21.1337352,-47.8058841
1828150996,-21.1338311,-47.8109454
1828150997,-21.1338976,-47.8165221
1828150999,-21.133935,-47.8122733
1828151000,-21.1341696,-47.8062707
1828151002,-21.1341907,-47.807538
1828151005,-21.1342681,-47.8168507
1828151007,-21.1342722,-47.8088809
1828151009,-21.1344329,-47.8135153
1828151010,-21.1344077,-47.8102097
1828151011,-21.1345032,-47.8115505
1828151012,-21.1346314,-47.8171592
1828151013,-21.1347562,-47.8068156
1828151014,-21.1348566,-47.8081534
1828151015,-21.1349628,-47.8095032
1828151017,-21.135099,-47.8108205
1828151018,-21.1352345,-47.81558
1828151020,-21.1354236,-47.8074188
1828151021,-21.1354606,-47.8103603
1828151023,-21.1355039,-47.8144661
1828151025,-21.1355325,-47.808778
1828151026,-21.1356131,-47.8158971
1828151028,-21.1356468,-47.8101196
1828151030,-21.1358551,-47.8147741
1828151031,-21.136018,-47.8175825
1828151032,-21.1360323,-47.8184166
1828151034,-21.1361076,-47.808015
1828151035,-21.1361015,-47.8212902
1828151037,-21.1362196,-47.8150938
1828151039,-21.1362279,-47.8093758
1828151040,-21.1363818,-47.8179296
1828151041,-21.1364051,-47.8120594
1828151042,-21.1364499,-47.8082959
1828151043,-21.1365002,-47.8139871
1828151044,-21.1366046,-47.8167652
1828151046,-21.1367063,-47.8218691
1828151047,-21.1367422,-47.8190025
1828151048,-21.1367949,-47.8115425
1828151049,-21.1368607,-47.8142807
1828151050,-21.1368287,-47.8086069
1828151052,-21.1369958,-47.8171035
1828151053,-21.1370848,-47.8185291
1828151054,-21.1372017,-47.8212414
1828151056,-21.1373029,-47.8146629
1828151057,-21.1373182,-47.807973
1828151058,-21.1373681,-47.8224816
1828151059,-21.1374959,-47.8052667
1828151060,-21.1374581,-47.8134775
1828151062,-21.1374906,-47.8091989
1828151063,-21.1375298,-47.8215398
1828151064,-21.1376219,-47.8163135
1828151066,-21.1377123,-47.8227943
1828151068,-21.1378776,-47.8151598
1828151069,-21.1378611,-47.8218455
1828151070,-21.1379113,-47.8138748
1828151071,-21.1379518,-47.8055692
1828151072,-21.1379508,-47.8071537
1828151073,-21.1379744,-47.811273
1828151074,-21.1379851,-47.8085603
1828151075,-21.1380457,-47.8230971
1828151076,-21.1380834,-47.812671
1828151077,-21.1381077,-47.8201849
1828151078,-21.1381642,-47.8098014
1828151079,-21.1382301,-47.8221831
1828151080,-21.1382738,-47.8154996
1828151081,-21.1383487,-47.8169459
1828151082,-21.1383423,-47.8115969
1828151083,-21.1384183,-47.8204605
1828151084,-21.1384524,-47.8197177
1828151085,-21.1384446,-47.8056926
1828151086,-21.1384891,-47.8143815
1828151087,-21.1385374,-47.8130916
1828151088,-21.1385435,-47.806386
1828151089,-21.1386167,-47.8077446
1828151090,-21.1386615,-47.8091556
1828151091,-21.1386771,-47.8118916
1828151093,-21.1387347,-47.8207677
1828151094,-21.1387871,-47.8200106
1828151095,-21.1387776,-47.8237619
1828151096,-21.1387459,-47.8102961
1828151098,-21.1388734,-47.8147179
1828151099,-21.1389765,-47.8161345
1828151101,-21.1390601,-47.8057717
1828151102,-21.1390709,-47.8189315
1828151103,-21.1390983,-47.8210917
1828151104,-21.1391263,-47.8202891
1828151105,-21.1390868,-47.8106029
1828151106,-21.139109,-47.8135973
1828151107,-21.1391456,-47.8123041
1828151109,-21.1392234,-47.8069611
1828151110,-21.1392908,-47.8083438
1828151113,-21.1393223,-47.8097428
1828151114,-21.1394024,-47.8243295
1828151115,-21.1394844,-47.8206062
1828151116,-21.1394354,-47.8109157
1828151118,-21.1394937,-47.8139376
1828151119,-21.1395711,-47.8153294
1828151120,-21.1396007,-47.811064
1828151121,-21.1396487,-47.81812
1828151122,-21.139733,-47.8194981
1828151123,-21.1397266,-47.8128161
1828151125,-21.1398431,-47.8061566
1828151126,-21.1398912,-47.8075646
1828151127,-21.1398973,-47.8113335
1828151129,-21.1399523,-47.8089319
1828151130,-21.1399375,-47.8163263
1828151131,-21.1399903,-47.8184226
1828151132,-21.1400286,-47.8190763
1828151133,-21.1401221,-47.8197968
1828151134,-21.1400853,-47.8249499
1828151135,-21.1400884,-47.8104254
1828151136,-21.1400894,-47.8131349
1828151137,-21.1402157,-47.8116266
1828151138,-21.1402906,-47.8173182
1828151139,-21.1403072,-47.8187034
1828151140,-21.1404769,-47.811867
1828151141,-21.1405106,-47.8067606
1828151142,-21.1405514,-47.8081379
1828151144,-21.1406112,-47.8169118
1828151145,-21.1406249,-47.8176165
1828151146,-21.1406381,-47.8182863
1828151147,-21.140655,-47.825501
1828151148,-21.1406779,-47.812052
1828151149,-21.1407126,-47.809608
1828151150,-21.140724,-47.8109672
1828151151,-21.1407482,-47.8197075
1828151152,-21.1408447,-47.8122056
1828151153,-21.1409143,-47.8165094
1828151155,-21.1409486,-47.8179053
1828151156,-21.1410797,-47.8206567
1828151157,-21.1410883,-47.8124298
1828151158,-21.1411509,-47.8073434
1828151159,-21.1412099,-47.8260113
1828151160,-21.1412152,-47.8161151
1828151161,-21.1412644,-47.8174848
1828151162,-21.1413226,-47.8088393
1828151163,-21.141341,-47.8101668
1828151164,-21.141358,-47.8189007
1828151166,-21.1415275,-47.8157189
1828151167,-21.1415172,-47.8128247
1828151169,-21.1415723,-47.817085
1828151170,-21.1416532,-47.8198957
1828151171,-21.1417389,-47.8264986
1828151172,-21.1417529,-47.8065456
1828151173,-21.1417998,-47.8105747
1828151174,-21.1418791,-47.8167023
1828151175,-21.1419511,-47.8080472
1828151176,-21.141956,-47.809369
1828151177,-21.1419817,-47.8181026
1828151178,-21.1420434,-47.8121475
1828151179,-21.142147,-47.8149465
1828151180,-21.1421719,-47.8090889
1828151181,-21.142186,-47.8163194
1828151182,-21.142193,-47.8134465
1828151183,-21.1422357,-47.8109623
1828151184,-21.142293,-47.8190764
1828151185,-21.1424954,-47.8144958
1828151186,-21.1425035,-47.8159052
1828151187,-21.1425706,-47.8072666
1828151188,-21.1425716,-47.8173479
1828151189,-21.1425811,-47.8085581
1828151190,-21.1426171,-47.8094981
1828151191,-21.1426719,-47.8194031
1828151192,-21.1426666,-47.8113454
1828151193,-21.1427261,-47.8127586
1828151195,-21.1427986,-47.8155202
1828151196,-21.1428153,-47.8096698
1828151197,-21.1428472,-47.8140405
1828151198,-21.1429248,-47.8182674
1828151200,-21.1430635,-47.8098849
1828151201,-21.1431351,-47.8150784
1828151202,-21.1431728,-47.8077905
1828151203,-21.1432054,-47.8165373
1828151204,-21.1432426,-47.8091371
1828151205,-21.1432948,-47.8172283
1828151206,-21.143273,-47.8144271
1828151207,-21.1432878,-47.810546
1828151208,-21.1432956,-47.8185896
1828151209,-21.1433849,-47.8133328
1828151210,-21.1434847,-47.8146193
1828151211,-21.1435045,-47.8102671
1828151212,-21.1435351,-47.8174643
1828151213,-21.1437567,-47.814874
1828151214,-21.1438286,-47.8070452
1828151215,-21.1438424,-47.8137316
1828151216,-21.1438457,-47.8083851
1828151217,-21.1438464,-47.8157173
1828151218,-21.1438953,-47.8164855
1828151219,-21.1439004,-47.8178354
1828151220,-21.1439154,-47.8097382
1828151221,-21.1440093,-47.812538
1828151222,-21.1441448,-47.8167051
1828151223,-21.1441983,-47.8152672
1828151224,-21.1443152,-47.8141437
1828151225,-21.1444634,-47.8129409
1828151226,-21.1444782,-47.8075966
1828151227,-21.1445065,-47.8089774
1828151228,-21.144533,-47.8170466
1828151229,-21.144567,-47.8156026
1828151230,-21.1446176,-47.8117479
1828151231,-21.1446677,-47.8156942
1828151232,-21.1447682,-47.8145381
1828151233,-21.1447868,-47.8072119
1828151234,-21.1448235,-47.8158359
1828151235,-21.1449278,-47.8133529
1828151236,-21.1450555,-47.8121408
1828151237,-21.1451111,-47.8081993
1828151238,-21.1451126,-47.8160989
1828151239,-21.145172,-47.8095864
1828151240,-21.1452169,-47.8161937
1828151241,-21.1452361,-47.8149596
1828151242,-21.1452457,-47.8109554
1828151243,-21.1455341,-47.8125703
1828151244,-21.1455451,-47.8076408
1828151245,-21.1455599,-47.8165058
1828151246,-21.145684,-47.8153634
1828151247,-21.1457113,-47.8113618
1828151248,-21.1457994,-47.8087739
1828151249,-21.1458377,-47.8101662
1828151250,-21.1458499,-47.8141664
1828151251,-21.1461398,-47.8157742
1828151252,-21.1461633,-47.8117581
1828151253,-21.1461973,-47.8171266
1828151254,-21.146305,-47.8105732
1828151255,-21.1463054,-47.8145635
1828151257,-21.1464644,-47.8093676
1828151258,-21.1467685,-47.8109769
1828151259,-21.1468026,-47.8163553
1828151260,-21.1468722,-47.8177164
1828151261,-21.1469131,-47.8097681
1828151262,-21.1469149,-47.8137788
1828151263,-21.1471656,-47.8085584
1828151265,-21.1472348,-47.8113828
1828151266,-21.1473812,-47.810186
1828151267,-21.1474784,-47.8169398
1828151268,-21.1475218,-47.8090322
1828151269,-21.1475433,-47.8129699
1828151270,-21.1476898,-47.8117886
1828151271,-21.147846,-47.810601
1828151272,-21.1478818,-47.8085341
1828151273,-21.1479736,-47.8094213
1828151274,-21.1481453,-47.812195
1828151275,-21.1482935,-47.8110046
1828151276,-21.1485961,-47.812597
1828151277,-21.1487545,-47.8114153
1828151278,-21.1489022,-47.8102673
1828151279,-21.1492791,-47.809759
1828151280,-21.1493356,-47.8106638
1828151281,-21.1495618,-47.8120929
1828151283,-21.1501065,-47.812224
1828151284,-21.1505272,-47.8117054
1828151286,-21.150989,-47.8124892
1828151287,-21.1511293,-47.8109582
1828151288,-21.1511644,-47.8122503
1828151289,-21.1523064,-47.8094916
1828153607,-21.1283386,-47.8191478
1828153608,-21.129302,-47.8199972
1828153609,-21.1293967,-47.8220762
1828153610,-21.1318563,-47.8146936
1828153612,-21.1328089,-47.8155313
1828153615,-21.1338335,-47.816462
1828153617,-21.1343976,-47.8217674
1828153618,-21.1347508,-47.8213995
1828153621,-21.1351016,-47.8210401
1828153622,-21.1351087,-47.822456
1828153623,-21.1354422,-47.8206666
1828153625,-21.1355364,-47.8221637
1828153626,-21.1358208,-47.8203399
1828153630,-21.1361801,-47.8199753
1828153632,-21.1364195,-47.8209041
1828153633,-21.1364886,-47.8195984
1828153634,-21.1367391,-47.8205159
1828153635,-21.136853,-47.8190946
1828153636,-21.1370643,-47.820121
1828601124,-21.1116133,-47.8145214
1828601139,-21.1120453,-47.8152403
1828601140,-21.1122911,-47.8138311
1828601141,-21.1124305,-47.815921
1828601144,-21.1127898,-47.8137972
1828601145,-21.1128108,-47.8165489
1828601146,-21.1131468,-47.8171461
1828601150,-21.1132159,-47.8172822
1828601152,-21.1133153,-47.8135011
1828601156,-21.1134528,-47.8177023
1828601158,-21.1137455,-47.8182018
1828601160,-21.1137932,-47.8166943
1828601162,-21.1138702,-47.8131408
1828601165,-21.1138897,-47.8159262
1828601175,-21.1139804,-47.8186028
1828601178,-21.1142597,-47.8190797
1828601180,-21.1143215,-47.8129073
1828601183,-21.1144102,-47.8163589
1828601185,-21.114447,-47.8164196
1828601187,-21.1145055,-47.8194994
1828601189,-21.1145667,-47.8150218
1828601192,-21.1147259,-47.8168796
1828601196,-21.1147509,-47.8199182
1828601198,-21.1149017,-47.8125984
1828601200,-21.1149408,-47.8127714
1828601204,-21.1150058,-47.8173413
1828601206,-21.1150214,-47.82038
1828601213,-21.115246,-47.81417
1828601214,-21.1152581,-47.8177573
1828601215,-21.1152691,-47.8208028
1828601218,-21.1153272,-47.8123265
1828601219,-21.1154155,-47.8148273
1828601222,-21.1155333,-47.8182111
1828601224,-21.1155284,-47.8212675
1828601228,-21.1157535,-47.8143225
1828601229,-21.115773,-47.8145373
1828601230,-21.1157831,-47.8186306
1828601231,-21.1159779,-47.8154585
1828601232,-21.1161023,-47.816018
1828601233,-21.1162207,-47.8165504
1828601234,-21.1163347,-47.817063
1828601236,-21.116204,-47.8097312
1828601237,-21.1164031,-47.8137623
1828601238,-21.1164358,-47.813933
1828601239,-21.116439,-47.8176328
1828601240,-21.1165175,-47.8099392
1828601241,-21.1165303,-47.8144274
1828601242,-21.1165351,-47.8181626
1828601243,-21.1166621,-47.8134206
1828601244,-21.1166309,-47.8187163
1828601245,-21.1166322,-47.8149601
1828601247,-21.1167306,-47.8192795
1828601248,-21.1167313,-47.8154782
1828601249,-21.1168207,-47.8197886
1828601250,-21.1168304,-47.8159964
1828601251,-21.1169232,-47.8203675
1828601252,-21.1169296,-47.8165153
1828601253,-21.116961,-47.8205525
1828601254,-21.1169547,-47.81024
1828601256,-21.1170379,-47.8170516
1828601257,-21.1171293,-47.817559
1828601258,-21.1172292,-47.8090539
1828601259,-21.1172227,-47.8180479
1828601260,-21.1173289,-47.818603
1828601261,-21.1173517,-47.8105215
1828601262,-21.1173592,-47.8097039
1828601263,-21.1174226,-47.8190927
1828601264,-21.1175195,-47.8144209
1828601265,-21.1175051,-47.8139047
1828601266,-21.1174909,-47.8133998
1828601268,-21.1175197,-47.8196007
1828601269,-21.1175484,-47.8094532
1828601270,-21.1176173,-47.8201109
1828601271,-21.1177152,-47.8206229
1828601272,-21.117783,-47.8107969
1828601273,-21.1177489,-47.810029
1828601274,-21.1178113,-47.8211252
1828601275,-21.1179006,-47.821681
1828601276,-21.11797,-47.8127584
1828601277,-21.118014,-47.8144033
1828601281,-21.1180286,-47.8149512
1828601283,-21.1180421,-47.8154529
1828601284,-21.1180558,-47.8159656
1828601285,-21.1181294,-47.8103491
1828601286,-21.118202,-47.8110858
1828601288,-21.1184797,-47.8127663
1828601289,-21.1185371,-47.8143869
1828601290,-21.1185287,-47.8063907
1828601293,-21.1185443,-47.8070967
1828601294,-21.1185846,-47.815952
1828601295,-21.1185433,-47.8222216
1828601296,-21.1185896,-47.8164764
1828601297,-21.1185708,-47.8077321
1828601298,-21.1186221,-47.8170007
1828601299,-21.1186068,-47.8086229
1828601301,-21.1186144,-47.8057284
1828601304,-21.1186095,-47.8227966
1828601312,-21.1189128,-47.8036527
1828601314,-21.1188952,-47.8052791
1828601318,-21.119177,-47.819073
1828601320,-21.1191872,-47.8185271
1828601321,-21.1191679,-47.8090314
1828601322,-21.1191968,-47.8180072
1828601324,-21.1192067,-47.8174742
1828601325,-21.1192126,-47.8171557
1828601326,-21.1192552,-47.8048905
1828601328,-21.1194621,-47.8083955
1828601337,-21.1196054,-47.8233241
1828601338,-21.119628,-47.8227755
1828601339,-21.1196425,-47.8222581
1828601341,-21.1196537,-47.8216874
1828601342,-21.1196401,-47.8211843
1828601343,-21.1196555,-47.8206754
1828601345,-21.119678,-47.8201483
1828601346,-21.1196044,-47.8045695
1828601347,-21.1196855,-47.8196159
1828601348,-21.119683,-47.819062
1828601350,-21.1197155,-47.8173816
1828601353,-21.1196478,-47.8092953
1828601354,-21.1197928,-47.803034
1828601355,-21.1197806,-47.8257861
1828601356,-21.1197243,-47.8089108
1828601358,-21.1197585,-47.8083302
1828601359,-21.1198347,-47.8249158
1828601360,-21.1197928,-47.8079542
1828601362,-21.1198487,-47.8241707
1828601363,-21.1198626,-47.8233727
1828601364,-21.1198499,-47.8074069
1828601365,-21.1198631,-47.8222567
1828601368,-21.1198767,-47.8209007
1828601370,-21.1199215,-47.8150584
1828601371,-21.1199027,-47.8193871
1828601372,-21.1199258,-47.8068477
1828601373,-21.1199163,-47.8158205
1828601377,-21.1199283,-47.817476
1828601378,-21.1199809,-47.8062249
1828601379,-21.1199757,-47.8041944
1828601381,-21.1198658,-47.8132612
1828601382,-21.1200353,-47.8056215
1828601384,-21.1200955,-47.8049531
1828601385,-21.1201032,-47.8075874
1828601388,-21.1201799,-47.8043949
1828601389,-21.1201569,-47.8069883
1828601394,-21.1202076,-47.806423
1828601396,-21.1202199,-47.820918
1828601398,-21.1202147,-47.8258044
1828601399,-21.1202156,-47.8082212
1828601400,-21.1202622,-47.8058137
1828601402,-21.1203154,-47.8052202
1828601403,-21.1203371,-47.8045269
1828601404,-21.1197401,-47.8093856
1828601407,-21.1204222,-47.8176928
1828601408,-21.1204078,-47.8187786
1828601412,-21.1204901,-47.8082269
1828601413,-21.1204542,-47.803049
1828601414,-21.1204745,-47.8036193
1828601418,-21.1209595,-47.8225777
1828601419,-21.1205627,-47.8261673
1828601421,-21.1205749,-47.8047416
1828601423,-21.1207027,-47.804666
1828601425,-21.1206851,-47.8079599
1828601426,-21.1207078,-47.8210949
1828601427,-21.1207385,-47.810301
1828601429,-21.1207543,-47.8209822
1828601430,-21.120676,-47.8164958
1828601431,-21.1208552,-47.8178928
1828601432,-21.1208585,-47.8141474
1828601435,-21.1209001,-47.8265346
1828601437,-21.1209234,-47.8030895
1828601438,-21.1209521,-47.8036902
1828601439,-21.1208972,-47.8048124
1828601440,-21.1209941,-47.8075446
1828601441,-21.1210032,-47.8147414
1828601442,-21.1210235,-47.8179706
1828601444,-21.121271,-47.8229871
1828601445,-21.1212091,-47.8152041
1828601446,-21.1212255,-47.8047221
1828601447,-21.1212823,-47.8269257
1828601452,-21.1213462,-47.8181197
1828601453,-21.1213391,-47.8071384
1828601454,-21.121327,-47.8031283
1828601455,-21.1219441,-47.8162607
1828601456,-21.1215682,-47.8233779
1828601457,-21.1214311,-47.8051825
1828601458,-21.1214534,-47.8035932
1828601462,-21.1215979,-47.827285
1828601464,-21.1216579,-47.8067381
1828601466,-21.1217251,-47.8045626
1828601467,-21.1218186,-47.8183381
1828601472,-21.1215728,-47.8315434
1828601473,-21.1218568,-47.80317
1828601477,-21.1219517,-47.8254216
1828601478,-21.1219771,-47.8276574
1828601480,-21.1219374,-47.803493
1828601482,-21.1219514,-47.806361
1828601483,-21.1218858,-47.824011
1828601490,-21.1221484,-47.8239984
1828601492,-21.1221689,-47.8044209
1828601493,-21.1221949,-47.8061609
1828601494,-21.1222908,-47.8148092
1828601495,-21.1223104,-47.8258057
1828601496,-21.1222864,-47.8057314
1828601497,-21.1223021,-47.8049007
1828601498,-21.1223639,-47.8032236
1828601499,-21.1223118,-47.824269
1828601500,-21.122321,-47.827941
1828601505,-21.1225338,-47.8152306
1828601507,-21.1225195,-47.8118423
1828601508,-21.1225729,-47.8242259
1828601509,-21.1226516,-47.8261659
1828601510,-21.1226498,-47.8042654
1828601514,-21.1227696,-47.815693
1828601515,-21.1227548,-47.8245174
1828601517,-21.1228253,-47.8281706
1828601518,-21.1229068,-47.8051735
1828601522,-21.1229907,-47.8265186
1828601523,-21.1230135,-47.8161362
1828601524,-21.123012,-47.8244644
1828601525,-21.1229992,-47.8061486
1828601530,-21.1231749,-47.8168326
1828601531,-21.1232211,-47.8247616
1828601533,-21.1232412,-47.8033106
1828601534,-21.123253,-47.8070602
1828601536,-21.1233447,-47.8268927
1828601537,-21.1233261,-47.8220539
1828601538,-21.123376,-47.8172161
1828601540,-21.123431,-47.8283107
1828601541,-21.1234489,-47.8247077
1828601542,-21.1234025,-47.8165767
1828601543,-21.1235164,-47.8126902
1828601548,-21.1236409,-47.8291016
1828601549,-21.1236077,-47.8198184
1828601552,-21.1236337,-47.8176263
1828601553,-21.1236743,-47.8272425
1828601554,-21.123668,-47.8250093
1828601558,-21.1237557,-47.825668
1828601559,-21.1237415,-47.8223383
1828601560,-21.1238238,-47.8122967
1828601563,-21.1238884,-47.8180254
1828601564,-21.1239069,-47.8201449
1828601566,-21.1239974,-47.815799
1828601567,-21.1239538,-47.8284372
1828601568,-21.1240277,-47.827637
1828601571,-21.1241345,-47.8293052
1828601579,-21.1241269,-47.8118928
1828601581,-21.124129,-47.8315529
1828601582,-21.124155,-47.8226213
1828601585,-21.12419,-47.8234823
1828601586,-21.1242288,-47.8259138
1828601588,-21.1242552,-47.82053
1828601590,-21.1243539,-47.8187386
1828601593,-21.12445,-47.8114717
1828601594,-21.1244426,-47.815209
1828601595,-21.1244508,-47.8188448
1828601598,-21.1245585,-47.8228975
1828601600,-21.1246032,-47.8209148
1828601601,-21.1246198,-47.8237588
1828601603,-21.1246826,-47.8111095
1828601605,-21.124764,-47.8254221
1828601608,-21.124829,-47.8146489
1828601609,-21.1248328,-47.819239
1828601611,-21.1249508,-47.8212984
1828601612,-21.1250393,-47.8257504
1828601614,-21.124997,-47.8106975
1828601615,-21.1250079,-47.8240131
1828601616,-21.1249655,-47.817903
1828601617,-21.1250283,-47.8086196
1828601623,-21.1251069,-47.830691
1828601625,-21.1251656,-47.8196924
1828601626,-21.1251799,-47.8256674
1828601628,-21.1252107,-47.8141508
1828601630,-21.1253033,-47.8102961
1828601633,-21.125344,-47.8216169
1828601636,-21.125367,-47.8261331
1828601637,-21.1254302,-47.8242896
1828601639,-21.1254248,-47.8184656
1828601641,-21.1255245,-47.8260546
1828601642,-21.1255004,-47.8137761
1828601645,-21.1256033,-47.8266876
1828601648,-21.1255679,-47.8182708
1828601649,-21.1256088,-47.8098957
1828601652,-21.1256634,-47.8169601
1828601654,-21.1258061,-47.8190693
1828601655,-21.1257358,-47.8266322
1828601656,-21.1257565,-47.8272241
1828601658,-21.1257487,-47.8218957
1828601662,-21.1257949,-47.8133949
1828601666,-21.1258525,-47.8236113
1828601668,-21.1259442,-47.8204145
1828601670,-21.125945,-47.8188777
1828601675,-21.1259588,-47.8094369
1828601677,-21.1259709,-47.8165515
1828601681,-21.126077,-47.8279139
1828601688,-21.1261062,-47.8129922
1828601689,-21.1261086,-47.8297465
1828601690,-21.1261781,-47.8194068
1828601698,-21.1261646,-47.8221729
1828601700,-21.1262535,-47.8299351
1828601702,-21.1262234,-47.8284646
1828601706,-21.1262398,-47.8239055
1828601709,-21.1263058,-47.8291949
1828601713,-21.1263139,-47.8160959
1828601723,-21.1263424,-47.8289254
1828601725,-21.1263998,-47.8126122
1828601726,-21.1263851,-47.8207036
1828601728,-21.1264302,-47.8274947
1828601730,-21.126445,-47.8291554
1828601740,-21.1265068,-47.8300064
1828601747,-21.1265482,-47.8197572
1828601749,-21.1265673,-47.8279655
1828601756,-21.1265771,-47.8224511
1828601758,-21.1266252,-47.8156823
1828601760,-21.1266915,-47.8299395
1828601761,-21.1267015,-47.8292295
1828601762,-21.1266652,-47.8241955
1828601764,-21.126718,-47.8302028
1828601765,-21.1267283,-47.8121873
1828601769,-21.1267612,-47.826015
1828601770,-21.1268217,-47.82937
1828601793,-21.1267888,-47.8305189
1828601805,-21.1268853,-47.8291029
1828601807,-21.1269154,-47.8200854
1828601808,-21.1269158,-47.8310214
1828601810,-21.1269493,-47.81526
1828601812,-21.1269884,-47.8292106
1828601814,-21.1269818,-47.8227308
1828601831,-21.1269492,-47.8304498
1828601836,-21.1271422,-47.8244526
1828601837,-21.1270433,-47.8117797
1828601839,-21.1270494,-47.8315491
1828601845,-21.12715,-47.8180681
1828601846,-21.1271586,-47.828028
1828601850,-21.1271803,-47.8320658
1828601854,-21.1272639,-47.8196276
1828601856,-21.1272387,-47.8289796
1828601858,-21.1272383,-47.8261607
1828601874,-21.1272833,-47.8289389
1828601875,-21.127353,-47.8300045
1828601876,-21.1273402,-47.8147621
1828601877,-21.1273544,-47.8113771
1828601878,-21.1273456,-47.8285693
1828601881,-21.1274152,-47.8295041
1828601888,-21.127445,-47.8285894
1828601891,-21.1273962,-47.8230124
1828601894,-21.1274535,-47.8183408
1828601900,-21.127534,-47.8184152
1828601923,-21.1276415,-47.8245906
1828601925,-21.1276398,-47.8331399
1828601927,-21.1276747,-47.8143363
1828601928,-21.1276656,-47.8264817
1828601929,-21.1276796,-47.8109563
1828601933,-21.1277711,-47.81795
1828601935,-21.1278678,-47.8231785
1828601937,-21.1279032,-47.8187544
1828601939,-21.1279599,-47.8335671
1828601941,-21.127983,-47.8139436
1828601943,-21.1279969,-47.823216
1828601946,-21.128048,-47.8269847
1828601948,-21.1280751,-47.8175696
1828601950,-21.1281094,-47.8247259
1828601964,-21.1281793,-47.8326092
1828601966,-21.1282905,-47.8340157
1828601968,-21.1283109,-47.8135558
1828601970,-21.1283672,-47.8298307
1828601971,-21.1283894,-47.8295862
1828601972,-21.1284485,-47.8233525
1828601975,-21.1283951,-47.8171692
1828601977,-21.1284064,-47.8274245
1828601979,-21.1284508,-47.8301338
1828601981,-21.1284539,-47.829089
1828601983,-21.12852,-47.8303162
1828601985,-21.128542,-47.8276113
1828601987,-21.1285615,-47.8322333
1828601989,-21.1285633,-47.8248597
1828601991,-21.1285918,-47.8330119
1828601993,-21.1286086,-47.8131727
1828601995,-21.1286595,-47.830684
1828601997,-21.1286251,-47.8322057
1828602005,-21.1286308,-47.827725
1828602006,-21.1286401,-47.8344751
1828602007,-21.1286559,-47.8187549
1828602011,-21.1287213,-47.8308471
1828602013,-21.1287229,-47.8167592
1828602015,-21.1288676,-47.8312328
1828602018,-21.1288976,-47.8234773
1828602019,-21.1289587,-47.8334583
1828602020,-21.128941,-47.8127426
1828602021,-21.1289443,-47.8183889
1828602022,-21.1289774,-47.8349253
1828602023,-21.1289933,-47.8183268
1828602024,-21.1290705,-47.8317421
1828602025,-21.1290276,-47.8285657
1828602026,-21.1290408,-47.8249891
1828602027,-21.1290456,-47.8326131
1828602028,-21.1290713,-47.8271364
1828602030,-21.1290777,-47.8163152
1828602031,-21.1291552,-47.8319764
1828602032,-21.1291637,-47.8272577
1828602033,-21.1292276,-47.8180294
1828602035,-21.1292689,-47.8353143
1828602036,-21.1292815,-47.817961
1828602037,-21.1292574,-47.833926
1828602038,-21.1293273,-47.8322084
1828602040,-21.1293957,-47.8236223
1828602043,-21.1294093,-47.8159004
1828602046,-21.1294553,-47.8330101
1828602048,-21.1295365,-47.8251315
1828602050,-21.1295236,-47.8176561
1828602051,-21.129518,-47.8294471
1828602052,-21.1295227,-47.8359624
1828602053,-21.129535,-47.834432
1828602054,-21.1296154,-47.8280426
1828602055,-21.1296002,-47.8196177
1828602058,-21.129686,-47.8358173
1828602059,-21.1297145,-47.829975
1828602060,-21.1297234,-47.8155073
1828602062,-21.1297779,-47.8267269
1828602064,-21.1298727,-47.8319594
1828602065,-21.1297042,-47.8265697
1828602066,-21.1298093,-47.8267017
1828602067,-21.1298253,-47.8172708
1828602068,-21.1298286,-47.8348143
1828602070,-21.1298607,-47.8237543
1828602071,-21.1298646,-47.8354908
1828602072,-21.1298717,-47.8334147
1828602073,-21.12988,-47.8366524
1828602074,-21.1298768,-47.8192655
1828602075,-21.1299187,-47.8284292
1828602076,-21.1299194,-47.8305084
1828602077,-21.1299387,-47.8171269
1828602078,-21.1299939,-47.8252475
1828602079,-21.1300156,-47.8151417
1828602081,-21.1300432,-47.8366045
1828602083,-21.1300959,-47.8169274
1828602084,-21.1301113,-47.8368191
1828602085,-21.1301428,-47.8275484
1828602089,-21.1301849,-47.8188788
1828602092,-21.130188,-47.8312442
1828602093,-21.1302344,-47.8288248
1828602097,-21.130319,-47.8263974
1828602098,-21.1302869,-47.8338115
1828602101,-21.1302808,-47.8166927
1828602103,-21.1302876,-47.8374129
1828602104,-21.1303281,-47.8238922
1828602105,-21.1303205,-47.8147602
1828602106,-21.1303162,-47.8208998
1828602107,-21.1303423,-47.8259723
1828602108,-21.130364,-47.8317225
1828602109,-21.1303643,-47.8165867
1828602110,-21.1303665,-47.837382
1828602111,-21.1304433,-47.8300312
1828602113,-21.1305338,-47.8385989
1828602114,-21.1304753,-47.8185047
1828602115,-21.130557,-47.8292373
1828602116,-21.1305931,-47.8205504
1828602118,-21.1306032,-47.8341224
1828602119,-21.1306096,-47.8162754
1828602120,-21.1306659,-47.814328
1828602122,-21.1306738,-47.8161939
1828602123,-21.1306824,-47.8334794
1828602126,-21.130758,-47.8181431
1828602127,-21.130713,-47.8263853
1828602128,-21.1307867,-47.8240259
1828602129,-21.1308306,-47.8369993
1828602134,-21.1307178,-47.8390363
1828602135,-21.1308961,-47.8261894
1828602136,-21.130837,-47.8389667
1828602138,-21.1308841,-47.8296296
1828602139,-21.1308972,-47.8201667
1828602141,-21.1308992,-47.8258742
1828602143,-21.1309013,-47.8159052
1828602144,-21.1309558,-47.8352435
1828602145,-21.1309761,-47.8158103
1828602146,-21.1309853,-47.8254145
1828602147,-21.1309962,-47.8139147
1828602148,-21.1310179,-47.8345021
1828602149,-21.1310292,-47.8294974
1828602151,-21.131067,-47.8331447
1828602152,-21.1310536,-47.8338276
1828602153,-21.131055,-47.8177649
1828602155,-21.1311986,-47.8197863
1828602156,-21.1312293,-47.8154896
1828602157,-21.131248,-47.824154
1828602160,-21.1312401,-47.8268087
1828602161,-21.1312562,-47.8366177
1828602164,-21.131382,-47.8399925
1828602165,-21.1312516,-47.8403689
1828602166,-21.1313458,-47.835737
1828602167,-21.1313527,-47.8173857
1828602168,-21.1313945,-47.8348511
1828602171,-21.1314423,-47.8396989
1828602173,-21.131434,-47.8341844
1828602175,-21.1314857,-47.8328136
1828602176,-21.1314846,-47.8194256
1828602177,-21.1314007,-47.8291636
1828602178,-21.1313995,-47.8284864
1828602179,-21.1315428,-47.815091
1828602181,-21.131764,-47.8289867
1828602183,-21.1315652,-47.8306032
1828602186,-21.1316711,-47.8408458
1828602187,-21.1315968,-47.827152
1828602188,-21.1317818,-47.8398331
1828602190,-21.1316348,-47.8170265
1828602192,-21.1317167,-47.8362037
1828602193,-21.1317554,-47.8310739
1828602194,-21.1317277,-47.8242861
1828602197,-21.1317873,-47.8190436
1828602199,-21.1317925,-47.8345253
1828602200,-21.131836,-47.8408355
1828602201,-21.1318927,-47.8243352
1828602202,-21.1319245,-47.8166575
1828602203,-21.1319259,-47.8344199
1828602206,-21.1320204,-47.8395312
1828602207,-21.1320358,-47.8275634
1828602209,-21.1320689,-47.8186884
1828602210,-21.1321078,-47.8406439
1828602212,-21.1321444,-47.8358253
1828602214,-21.1322007,-47.8163058
1828602215,-21.1322011,-47.8403099
1828602217,-21.1322245,-47.8322355
1828602218,-21.132327,-47.8341061
1828602219,-21.1323405,-47.834834
1828602221,-21.1323798,-47.8182962
1828602222,-21.1324109,-47.8279151
1828602223,-21.1324497,-47.8327017
1828602225,-21.1324846,-47.8391376
1828602226,-21.1325004,-47.8159241
1828602228,-21.1326557,-47.817948
1828602230,-21.1326861,-47.8300352
1828602231,-21.1327294,-47.8338015
1828602232,-21.1327428,-47.8331181
1828602233,-21.1327871,-47.8352479
1828602234,-21.1328756,-47.8283362
1828602235,-21.1328821,-47.8284843
1828602236,-21.1328993,-47.8289742
1828602237,-21.1329253,-47.8176078
1828602238,-21.1329185,-47.8295232
1828602239,-21.1329265,-47.8387559
1828602240,-21.1329432,-47.8299619
1828602249,-21.1331364,-47.8335001
1828602255,-21.1332392,-47.8172118
1828602257,-21.1332909,-47.8267007
1828602258,-21.1333615,-47.8383907
1828602259,-21.1333717,-47.827218
1828602260,-21.1334088,-47.8286609
1828602261,-21.1334451,-47.8277353
1828602263,-21.1335175,-47.8332059
1828602264,-21.1335413,-47.8168306
1828602266,-21.1335543,-47.8359589
1828602269,-21.1337787,-47.828296
1828602270,-21.1338316,-47.8379817
1828602272,-21.1338797,-47.8355916
1828602275,-21.1339218,-47.8328925
1828602277,-21.1339862,-47.829417
1828602285,-21.1341754,-47.8303016
1828602287,-21.1342144,-47.8351811
1828602288,-21.1342325,-47.8310413
1828602289,-21.1342603,-47.8317931
1828602290,-21.1342884,-47.828804
1828602291,-21.1343404,-47.8325489
1828602292,-21.1345121,-47.834816
1828602293,-21.134522,-47.8341482
1828602295,-21.1347482,-47.8322438
1828602296,-21.1348079,-47.8371519
1828602298,-21.1348248,-47.8344323
1828602299,-21.134848,-47.8337324
1828602300,-21.1349415,-47.8294001
1828602302,-21.1349943,-47.827207
1828602303,-21.1350059,-47.8282564
1828602304,-21.1350163,-47.8287628
1828602305,-21.1350019,-47.8277279
1828602311,-21.1351676,-47.83333
1828602312,-21.1351778,-47.831919
1828602313,-21.1351907,-47.8368231
1828602314,-21.1351864,-47.8347715
1828602317,-21.135357,-47.8298006
1828602320,-21.1354085,-47.826393
1828602323,-21.1355745,-47.8364962
1828602324,-21.1356029,-47.8309977
1828602329,-21.135556,-47.8316322
1828602331,-21.1357469,-47.8308179
1828602332,-21.1356739,-47.8313306
1828602335,-21.1357728,-47.8267262
1828602337,-21.1358371,-47.8315452
1828602340,-21.1358431,-47.8339632
1828602341,-21.1359554,-47.8361593
1828602349,-21.1361566,-47.8270541
1828602352,-21.1361722,-47.8335714
1828602353,-21.1361838,-47.8309257
1828602354,-21.1363519,-47.8310806
1828602356,-21.1363455,-47.835831
1828602359,-21.1363195,-47.8317016
1828602364,-21.1364812,-47.8331953
1828602365,-21.1364962,-47.831524
1828602366,-21.1365248,-47.82739
1828602368,-21.1366324,-47.82974
1828602372,-21.1367322,-47.8355122
1828602374,-21.1368071,-47.8327986
1828602377,-21.136904,-47.827724
1828602378,-21.1369828,-47.8300661
1828602379,-21.1367657,-47.8292871
1828602381,-21.1371357,-47.8352108
1828602382,-21.1371463,-47.8323995
1828602384,-21.1371401,-47.8290138
1828602385,-21.1371931,-47.8314958
1828602387,-21.137273,-47.8280688
1828602388,-21.1373097,-47.8247766
1828602389,-21.1373986,-47.8304304
1828602390,-21.1375185,-47.8325481
1828602391,-21.1375291,-47.8318143
1828602393,-21.1375729,-47.8349089
1828602394,-21.1376409,-47.8283985
1828602395,-21.1377323,-47.8250578
1828602396,-21.1377224,-47.8291458
1828602398,-21.1378296,-47.8314322
1828602399,-21.137835,-47.8344504
1828602400,-21.1378635,-47.8321336
1828602401,-21.138007,-47.8346099
1828602403,-21.1380435,-47.8254705
1828602404,-21.1380271,-47.8287469
1828602405,-21.1381211,-47.8295064
1828602410,-21.1382035,-47.8317774
1828602412,-21.1383271,-47.8259175
1828602414,-21.1384603,-47.834328
1828602416,-21.1385024,-47.8298524
1828602420,-21.1385476,-47.8336986
1828602421,-21.1385597,-47.8321061
1828602424,-21.1386901,-47.8262593
1828602425,-21.1386948,-47.8339654
1828602426,-21.1388269,-47.8301639
1828602427,-21.1389044,-47.8337846
1828602428,-21.1389306,-47.8324485
1828602429,-21.1390665,-47.8266009
1828602430,-21.1392126,-47.8305066
1828602431,-21.1392871,-47.8305727
1828602434,-21.139466,-47.8269806
1828602435,-21.139593,-47.8308445
1828602436,-21.1395983,-47.8301467
1828602439,-21.1399113,-47.8304263
1828602440,-21.1399549,-47.831166
1828602441,-21.1402875,-47.8307593
1828602442,-21.1403347,-47.8315033
1828602443,-21.1404562,-47.8335478
1828602444,-21.1406628,-47.8310957
1828602445,-21.1407165,-47.8318395
1828602446,-21.1410293,-47.8314419
1828602450,-21.1416406,-47.8329876
1828602451,-21.1416383,-47.8319994
1828602455,-21.1417722,-47.8288999
1828602456,-21.1417783,-47.8323902
1828602457,-21.141852,-47.8317103
1828602459,-21.1420955,-47.8292884
1828602462,-21.1425495,-47.8295287
1828602467,-21.1431729,-47.8300532
1828602469,-21.143452,-47.8305264
1828602471,-21.1437326,-47.8309932
1828602476,-21.144511,-47.8320068
1828737614,-21.1277655,-47.8439918
1828737617,-21.1281169,-47.8396204
1828737621,-21.1282414,-47.8436771
1828737623,-21.1282806,-47.8398332
1828737625,-21.1285795,-47.8464721
1828737627,-21.1286829,-47.8433427
1828737629,-21.1287358,-47.8394554
1828737639,-21.1288697,-47.8469633
1828737641,-21.1288375,-47.8458706
1828737643,-21.1291544,-47.843015
1828737645,-21.1291787,-47.8390714
1828737647,-21.1292761,-47.8455077
1828737650,-21.1296462,-47.8426734
1828737656,-21.1296249,-47.8386768
1828737659,-21.1297837,-47.8451968
1828737665,-21.1300029,-47.8489098
1828737668,-21.1300672,-47.8412173
1828737671,-21.1300977,-47.8423313
1828737674,-21.1301398,-47.8453996
1828737677,-21.1302847,-47.8449044
1828737680,-21.1303607,-47.8380486
1828737683,-21.130425,-47.845911
1828737686,-21.1304837,-47.848571
1828737689,-21.1305228,-47.8498401
1828737691,-21.1305351,-47.8419637
1828737696,-21.130519,-47.8408315
1828737697,-21.1307017,-47.844528
1828737698,-21.1308976,-47.8469866
1828737703,-21.1309454,-47.8482568
1828737707,-21.1309645,-47.8404448
1828737710,-21.1310004,-47.8415557
1828737730,-21.1312111,-47.8442495
1828737733,-21.1312946,-47.8397597
1828737736,-21.1313107,-47.8466991
1828737745,-21.1313868,-47.8513059
1828737754,-21.1314368,-47.8411888
1828737755,-21.1314441,-47.8479174
1828737757,-21.1314907,-47.8492059
1828737759,-21.1315716,-47.851609
1828737761,-21.131596,-47.8491378
1828737764,-21.1316385,-47.8438485
1828737774,-21.1317296,-47.8464075
1828737776,-21.1317661,-47.8454643
1828737779,-21.1318512,-47.8520673
1828737786,-21.1318815,-47.8476545
1828737791,-21.13199,-47.8409579
1828737794,-21.1320051,-47.8488727
1828737797,-21.1321342,-47.8525381
1828737803,-21.1321041,-47.8435294
1828737805,-21.1321309,-47.8408746
1828737815,-21.1321321,-47.84711
1828737817,-21.1321359,-47.8480801
1828737819,-21.1321406,-47.8452134
1828737823,-21.1322392,-47.8502386
1828737827,-21.1324289,-47.8485706
1828737831,-21.1324658,-47.8402884
1828737833,-21.1325193,-47.8477859
1828737836,-21.1325453,-47.8449421
1828737839,-21.1325541,-47.8468434
1828737843,-21.1325655,-47.8498269
1828737846,-21.1325696,-47.8431448
1828737849,-21.1327042,-47.8461647
1828737855,-21.1329012,-47.8494017
1828737858,-21.1328803,-47.8399346
1828737873,-21.1330146,-47.8446345
1828737875,-21.1329541,-47.8465866
1828737877,-21.1329424,-47.8504015
1828737881,-21.1330808,-47.8428304
1828737883,-21.1331065,-47.8459029
1828737886,-21.133159,-47.8469324
1828737888,-21.1331924,-47.842706
1828737890,-21.1332274,-47.8489753
1828737895,-21.1332939,-47.8508214
1828737897,-21.1333435,-47.8395378
1828737900,-21.1333914,-47.8443752
1828737902,-21.1335226,-47.8432557
1828737905,-21.1335362,-47.8456234
1828737908,-21.133544,-47.8420834
1828737910,-21.133549,-47.8485706
1828737912,-21.1335558,-47.8466643
1828737914,-21.133607,-47.8511992
1828737927,-21.1337816,-47.8391619
1828737934,-21.1337841,-47.8460243
1828737940,-21.1338333,-47.8427052
1828737942,-21.1338385,-47.8440799
1828737944,-21.1338646,-47.8415156
1828737946,-21.1338815,-47.848152
1828737953,-21.1339663,-47.8508732
1828737955,-21.1339958,-47.846367
1828737957,-21.1341806,-47.8421028
1828737959,-21.1341529,-47.8494776
1828737963,-21.1342107,-47.8457355
1828737964,-21.1342102,-47.8477298
1828737965,-21.1342138,-47.8387912
1828737969,-21.1342706,-47.8523197
1828737985,-21.1342855,-47.8411306
1828737993,-21.1343466,-47.8505458
1828737999,-21.1343329,-47.8494183
1828738008,-21.1345386,-47.8473063
1828738012,-21.1345705,-47.8515225
1828738014,-21.1345498,-47.8416236
1828738020,-21.134645,-47.8384212
1828738022,-21.13468,-47.8504095
1828738023,-21.1346942,-47.8454073
1828738024,-21.1346695,-47.852007
1828738025,-21.1347313,-47.8407536
1828738039,-21.1347677,-47.8441764
1828738041,-21.1347703,-47.8509209
1828738043,-21.1347637,-47.8541489
1828738045,-21.1348301,-47.8503779
1828738047,-21.1348198,-47.8493327
1828738049,-21.1348643,-47.8468908
1828738051,-21.1348715,-47.8514252
1828738055,-21.1349236,-47.844447
1828738057,-21.1349843,-47.8412581
1828738061,-21.1350402,-47.8526403
1828738065,-21.1350889,-47.8380403
1828738069,-21.1351713,-47.8403814
1828738070,-21.1351887,-47.8438292
1828738071,-21.1351832,-47.8538748
1828738078,-21.1353392,-47.8476536
1828738080,-21.135316,-47.8440651
1828738082,-21.1353163,-47.8492061
1828738084,-21.1353311,-47.8531167
1828738088,-21.1354371,-47.8408771
1828738090,-21.1355934,-47.8433895
1828738092,-21.1355973,-47.853607
1828738095,-21.1356109,-47.8400095
1828738097,-21.1356198,-47.8555961
1828738103,-21.1356817,-47.8485724
1828738105,-21.1357605,-47.8473878
1828738106,-21.1357863,-47.8437578
1828738107,-21.135793,-47.8490967
1828738108,-21.1358792,-47.8405052
1828738109,-21.1358973,-47.8496341
1828738112,-21.1358929,-47.8540819
1828738116,-21.1360401,-47.8466001
1828738118,-21.1367398,-47.8574936
1828738120,-21.1359891,-47.8501031
1828738127,-21.136009,-47.8429555
1828738131,-21.1360304,-47.8553155
1828738135,-21.1360666,-47.8396293
1828738139,-21.1362157,-47.8484632
1828738141,-21.1361972,-47.8467016
1828738146,-21.1361821,-47.8545876
1828738148,-21.1361827,-47.8474232
1828738150,-21.13627,-47.8399597
1828738151,-21.1363522,-47.8401072
1828738152,-21.1364332,-47.8457493
1828738156,-21.1364456,-47.8550484
1828738158,-21.1364509,-47.8435301
1828738160,-21.1364515,-47.8425795
1828738164,-21.13648,-47.8394621
1828738165,-21.1365083,-47.8479159
1828738171,-21.1366345,-47.8483775
1828738177,-21.1366731,-47.8484372
1828738179,-21.1366926,-47.8488765
1828738180,-21.1367178,-47.8494432
1828738182,-21.1367398,-47.8499396
1828738188,-21.1367637,-47.8504761
1828738189,-21.1367719,-47.8387701
1828738190,-21.1367829,-47.8440128
1828738191,-21.1367868,-47.8509976
1828738194,-21.1368063,-47.8513023
1828738196,-21.1368147,-47.8483878
1828738199,-21.136877,-47.8518503
1828738201,-21.1368886,-47.8422207
1828738205,-21.136917,-47.845395
1828738207,-21.1369387,-47.8523288
1828738211,-21.1370062,-47.8460932
1828738213,-21.1370081,-47.8528667
1828738214,-21.1370525,-47.8381052
1828738216,-21.1370691,-47.8445283
1828738218,-21.1370734,-47.8533736
1828738228,-21.1370495,-47.8363354
1828738229,-21.1371438,-47.85392
1828738230,-21.1371447,-47.8488938
1828738231,-21.1372085,-47.8544216
1828738233,-21.1372732,-47.8549231
1828738234,-21.1372764,-47.8375745
1828738235,-21.1373535,-47.846576
1828738237,-21.1374579,-47.8564104
1828738238,-21.1374751,-47.8494003
1828738239,-21.13752,-47.8569104
1828738240,-21.1375694,-47.8368802
1828738241,-21.1375876,-47.8574551
1828738243,-21.1375411,-47.8543736
1828738245,-21.137678,-47.8456057
1828738247,-21.137631,-47.8411393
1828738249,-21.1376658,-47.8470548
1828738265,-21.1378024,-47.8426028
1828738267,-21.1378054,-47.8499068
1828738269,-21.1377748,-47.8538091
1828738270,-21.1377837,-47.8357952
1828738271,-21.1379018,-47.8404712
1828738272,-21.1379654,-47.846114
1828738273,-21.1380183,-47.853247
1828738274,-21.138022,-47.8475292
1828738275,-21.138081,-47.8363062
1828738276,-21.138126,-47.8431478
1828738277,-21.1380621,-47.854291
1828738278,-21.1381302,-47.8504048
1828738279,-21.1381599,-47.8398275
1828738280,-21.1382454,-47.852689
1828738281,-21.1382406,-47.8466325
1828738282,-21.138239,-47.8563688
1828738283,-21.13828,-47.848088
1828738285,-21.1383048,-47.8537206
1828738287,-21.1383908,-47.8510929
1828738298,-21.1383977,-47.8390894
1828738300,-21.1384252,-47.8436519
1828738302,-21.138535,-47.8531662
1828738304,-21.1385321,-47.8421103
1828738307,-21.1385398,-47.836013
1828738309,-21.138548,-47.8471335
1828738311,-21.1385778,-47.8508387
1828738312,-21.1386841,-47.8515463
1828738313,-21.1386709,-47.8384539
1828738315,-21.1387852,-47.8526115
1828738317,-21.1388018,-47.8394503
1828738319,-21.1388008,-47.8563389
1828738323,-21.1388543,-47.847631
1828738328,-21.1389158,-47.8513226
1828738329,-21.1389305,-47.8490759
1828738348,-21.1390159,-47.8520593
1828738351,-21.1390341,-47.8446856
1828738354,-21.1390435,-47.8425276
1828738356,-21.1390477,-47.8356885
1828738361,-21.1390585,-47.8379644
1828738367,-21.1391241,-47.8519419
1828738372,-21.1391461,-47.8351151
1828738378,-21.1393163,-47.8525352
1828738382,-21.1393182,-47.8430227
1828738384,-21.1393365,-47.8452081
1828738385,-21.1393493,-47.8563132
1828738389,-21.1394235,-47.8568173
1828738408,-21.1394481,-47.857369
1828738422,-21.1395823,-47.85153
1828738431,-21.1395342,-47.8376504
1828738433,-21.1395692,-47.8399669
1828738435,-21.1396295,-47.8457065
1828738444,-21.1397555,-47.8387565
1828738446,-21.1398029,-47.8351165
1828738463,-21.139857,-47.853099
1828738467,-21.1398835,-47.838182
1828738470,-21.1398844,-47.8496984
1828738473,-21.139919,-47.8462083
1828738480,-21.1399345,-47.8562704
1828738483,-21.1400191,-47.8382422
1828738492,-21.1400074,-47.836846
1828738501,-21.140128,-47.8488635
1828738502,-21.1401811,-47.8501902
1828738506,-21.1402254,-47.846727
1828738523,-21.1402262,-47.8383241
1828738529,-21.1403345,-47.8408567
1828738535,-21.1403452,-47.8527355
1828738544,-21.1404739,-47.8562498
1828738547,-21.1404875,-47.8506983
1828738550,-21.1405246,-47.8472423
1828738556,-21.1406024,-47.848565
1828738560,-21.1406737,-47.841397
1828738561,-21.1407986,-47.8524082
1828738562,-21.1407961,-47.8392756
1828738563,-21.140858,-47.8546378
1828738564,-21.1408286,-47.8421623
1828738577,-21.1409144,-47.8502767
1828738580,-21.1409115,-47.8385656
1828738584,-21.1409789,-47.8480155
1828738587,-21.1410686,-47.8336232
1828738590,-21.1410818,-47.8562175
1828738593,-21.1411161,-47.8567366
1828738596,-21.1411199,-47.8417862
1828738599,-21.1411524,-47.857285
1828738602,-21.1411939,-47.8544043
1828738605,-21.1411573,-47.8427076
1828738608,-21.1412544,-47.8396787
1828738611,-21.1412545,-47.8520737
1828738613,-21.1413341,-47.849841
1828738617,-21.1412709,-47.8380971
1828738620,-21.141326,-47.8542842
1828738624,-21.1414099,-47.8477517
1828738625,-21.1414138,-47.836915
1828738629,-21.1413774,-47.8466691
1828738648,-21.1414425,-47.8340978
1828738658,-21.1414954,-47.8358441
1828738671,-21.1415067,-47.8559217
1828738679,-21.1415455,-47.8348874
1828738683,-21.1416032,-47.8571545
1828738687,-21.141574,-47.8540508
1828738694,-21.1416726,-47.8556625
1828738699,-21.14163,-47.8376389
1828738701,-21.1416279,-47.8366146
1828738703,-21.1416974,-47.8400694
1828738705,-21.1417101,-47.8537989
1828738725,-21.1417442,-47.8517145
1828738729,-21.1417805,-47.8493692
1828738733,-21.1419035,-47.8466085
1828738737,-21.1418289,-47.847495
1828738741,-21.141868,-47.8555492
1828738749,-21.1419709,-47.8559933
1828738754,-21.1418127,-47.8569983
1828738771,-21.141945,-47.8537223
1828738785,-21.1419846,-47.8371793
1828738789,-21.1421103,-47.8353583
1828738808,-21.1421582,-47.8404422
1828738812,-21.1421337,-47.8534225
1828738820,-21.1421587,-47.8490343
1828738828,-21.1420593,-47.8424701
1828738832,-21.1421965,-47.8513819
1828738837,-21.1422526,-47.855227
1828738841,-21.1423177,-47.8533897
1828738845,-21.1423334,-47.8367253
1828738849,-21.1424136,-47.8410749
1828738852,-21.1423685,-47.8406208
1828738857,-21.1425271,-47.8467169
1828738859,-21.1425457,-47.8486916
1828738865,-21.1425858,-47.8400598
1828738868,-21.1426339,-47.8548887
1828738878,-21.1426402,-47.8531105
1828738881,-21.1426796,-47.8362754
1828738885,-21.1427041,-47.851
1828738890,-21.1427053,-47.8530543
1828738894,-21.1425729,-47.8569536
1828738898,-21.1427178,-47.8332949
1828738906,-21.1425981,-47.8345684
1828738910,-21.1428323,-47.8338759
1828738914,-21.1428834,-47.839528
1828738922,-21.1429137,-47.8483657
1828738925,-21.1429633,-47.8359084
1828738929,-21.1430114,-47.8545471
1828738932,-21.1430469,-47.8357995
1828738935,-21.1430739,-47.8527204
1828738938,-21.1433011,-47.8468497
1828738944,-21.1432497,-47.8390943
1828738956,-21.143289,-47.8480333
1828738967,-21.1430734,-47.857164
1828738972,-21.1434026,-47.8353387
1828738976,-21.1434011,-47.8542486
1828738980,-21.1433945,-47.8501794
1828738991,-21.1434833,-47.8523463
1828739002,-21.1436329,-47.8386488
1828739005,-21.143623,-47.8350414
1828739008,-21.1436889,-47.8476792
1828739014,-21.1437595,-47.8348673
1828739023,-21.1438264,-47.8539951
1828739035,-21.1438703,-47.8520058
1828739038,-21.1439108,-47.8381322
1828739049,-21.1441498,-47.8495138
1828739053,-21.144133,-47.8343907
1828739057,-21.1441703,-47.8375226
1828739065,-21.1442416,-47.8516792
1828739069,-21.1442716,-47.853719
1828739071,-21.1443042,-47.8341549
1828739073,-21.14439,-47.8369521
1828739079,-21.1446178,-47.8513483
1828739085,-21.1445882,-47.8326174
1828739088,-21.144675,-47.8533953
1828739091,-21.1447171,-47.8364934
1828739094,-21.1446929,-47.8332177
1828739110,-21.1447396,-47.8535489
1828739112,-21.1447511,-47.8335503
1828739120,-21.1450002,-47.8349557
1828739123,-21.1450115,-47.851002
1828739127,-21.1450557,-47.8530594
1828739132,-21.1450574,-47.8539514
1828739139,-21.1453902,-47.8543712
1828739141,-21.1453931,-47.8544776
1828739146,-21.1454067,-47.854974
1828739149,-21.1454171,-47.8506709
1828739152,-21.1454264,-47.8555299
1828739154,-21.1454368,-47.8560401
1828739158,-21.145442,-47.8527099
1828739163,-21.1454489,-47.8565677
1828739166,-21.1454563,-47.8570776
1828739170,-21.1454986,-47.8518336
1828739186,-21.1458099,-47.8523723
1828739188,-21.1459073,-47.8515363
1828739190,-21.1460844,-47.8521307
1828739192,-21.1460265,-47.8544396
1828739198,-21.1460642,-47.8518099
1828739207,-21.1461896,-47.8522685
1828739210,-21.1463121,-47.8515518
1828739219,-21.1465165,-47.852621
1828739222,-21.1465341,-47.8523406
1828739230,-21.146674,-47.851629
1828739239,-21.1466721,-47.8522623
1828739245,-21.1467735,-47.8517661
1828739251,-21.1468405,-47.8530414
1828739254,-21.1468877,-47.856502
1828739257,-21.1469038,-47.857019
1828739259,-21.1469106,-47.852822
1828739264,-21.1470241,-47.8535562
1828739267,-21.1471172,-47.8570041
1828739270,-21.1471212,-47.853345
1828739276,-21.1471956,-47.8543768
1828739279,-21.147263,-47.8538806
1828739288,-21.147262,-47.854895
1828739298,-21.1473017,-47.8554195
1828739301,-21.1473201,-47.8559277
1828739304,-21.1473446,-47.8564786
1828739306,-21.1473718,-47.8543917
1828739307,-21.1473306,-47.8567974
1828739313,-21.1474177,-47.8548816
1828739319,-21.1474429,-47.8554137
1828739322,-21.1474643,-47.85592
1828739328,-21.1474904,-47.8564396
1828739331,-21.1475562,-47.8567786
1828739334,-21.1475769,-47.8512531
1828739337,-21.1475911,-47.8517806
1828739340,-21.1476071,-47.8522881
1828739342,-21.1476188,-47.8527918
1828739356,-21.1477664,-47.8569208
1828739360,-21.1482921,-47.8569368
1828739362,-21.1483754,-47.8532976
1828739364,-21.1483808,-47.8497941
1828739366,-21.1483995,-47.8537978
1828739368,-21.1484255,-47.8543405
1828739370,-21.1485462,-47.8564149
1828739373,-21.1488016,-47.8558902
1828739376,-21.1488083,-47.8569071
1828739382,-21.148913,-47.8517087
1828739385,-21.1489374,-47.8522369
1828739388,-21.148982,-47.8532641
1828739390,-21.1489573,-47.8527529
1828739393,-21.149067,-47.855345
1828739397,-21.1493855,-47.8568721
1828739399,-21.1494082,-47.8532406
1828739402,-21.149434,-47.8537774
1828739415,-21.1494583,-47.8542834
1828739417,-21.1496829,-47.8553131
1828739420,-21.1499859,-47.8568102
1828739422,-21.1502598,-47.8552863
1828739428,-21.1504901,-47.8516144
1828739432,-21.1504959,-47.8521633
1828739434,-21.1505009,-47.8526442
1828739437,-21.1505192,-47.8531756
1828739440,-21.1505375,-47.8537093
1828739443,-21.1505546,-47.8542077
1828739446,-21.1505726,-47.8547299
1828739452,-21.1508284,-47.8552844
1828739455,-21.15109,-47.8515949
1828739458,-21.1511108,-47.8547545
1828739474,-21.1511902,-47.8510777
1828739476,-21.1512972,-47.8505254
1828739477,-21.1513879,-47.8563885
1828739479,-21.1513904,-47.8500447
1828739481,-21.1514,-47.8542117
1828739483,-21.1515015,-47.8494711
1828739487,-21.1515269,-47.8550094
1828739490,-21.1515806,-47.8489656
1828739493,-21.1516358,-47.8484323
1828739495,-21.1516785,-47.8536892
1828739507,-21.1519305,-47.8552566
1828739510,-21.1519523,-47.8531546
1828739513,-21.1519733,-47.8531131
1828739519,-21.1522222,-47.8526213
1828739539,-21.1523902,-47.8555382
1828739540,-21.1524098,-47.8533612
1828739547,-21.152598,-47.8556447
1828739549,-21.1526225,-47.8529095
1828739556,-21.1526689,-47.8515435
1828739562,-21.1528276,-47.8536105
1828739565,-21.1528041,-47.8510156
1828739570,-21.1528371,-47.8524477
1828739595,-21.153033,-47.8520264
1828739598,-21.1531414,-47.8494479
1828739601,-21.1532329,-47.8485545
1828739603,-21.1532664,-47.8419674
1828739605,-21.1532718,-47.8538755
1828739607,-21.1534081,-47.8432211
1828739612,-21.1534985,-47.8540107
1828739614,-21.1535085,-47.8534384
1828739623,-21.1536425,-47.8517165
1828739625,-21.1536918,-47.8440343
1828739631,-21.1537592,-47.8529754
1828739656,-21.1538942,-47.8506892
1828739657,-21.1539919,-47.8501639
1828739658,-21.1539988,-47.8453456
1828739659,-21.1540071,-47.8525177
1828739663,-21.1540934,-47.8496185
1828739667,-21.1541947,-47.8490738
1828739669,-21.1542075,-47.8484809
1828739671,-21.1542339,-47.8472721
1828739672,-21.1542204,-47.8478791
1828739676,-21.1542527,-47.852064
1828739679,-21.1544775,-47.8437456
1828739681,-21.1544861,-47.8426806
1828739684,-21.1544892,-47.8432089
1828739687,-21.1544775,-47.8516489
1828739707,-21.1544986,-47.8421783
1828739714,-21.1547317,-47.847579
1828739716,-21.1547403,-47.8511663
1828739717,-21.154803,-47.8464332
1828739721,-21.1549592,-47.8471489
1828739723,-21.154979,-47.8507334
1828739725,-21.1550407,-47.8459702
1828739730,-21.1552043,-47.849651
1828739732,-21.1552093,-47.8502993
1828739738,-21.1552174,-47.8466606
1828739740,-21.1552879,-47.8454607
1828739763,-21.1553193,-47.85007
1828739766,-21.155356,-47.8492223
1828739775,-21.1554384,-47.8498812
1828739781,-21.1556421,-47.8501489
1828739785,-21.1556532,-47.842207
1828739787,-21.1558125,-47.8488828
1828739793,-21.1559108,-47.8489445
1828739794,-21.1559743,-47.8483412
1828739796,-21.1560341,-47.8477736
1828739798,-21.1560925,-47.8472184
1828739820,-21.1561535,-47.846639
1828739822,-21.1562766,-47.8455438
1828739828,-21.1564249,-47.8500741
1828739830,-21.1565546,-47.8491989
1828739835,-21.1566881,-47.8493821
1828784592,-21.1028507,-47.8025547
1828784593,-21.1029569,-47.8027388
1828784595,-21.1039923,-47.8045056
1828784596,-21.1042537,-47.8049589
1828784597,-21.1045208,-47.8054218
1828784598,-21.1047697,-47.8058533
1828784601,-21.1049233,-47.7927959
1828784602,-21.1049618,-47.7902915
1828784603,-21.10512,-47.7994151
1828784607,-21.1053187,-47.7949457
1828784608,-21.1053507,-47.7958754
1828784609,-21.1053779,-47.7928122
1828784610,-21.1054015,-47.7906882
1828784612,-21.1054712,-47.8008992
1828784613,-21.1054819,-47.8041964
1828784614,-21.1055453,-47.7960383
1828784618,-21.1056796,-47.7986799
1828784619,-21.1056812,-47.7957623
1828784621,-21.1057343,-47.8046478
1828784623,-21.1057721,-47.7949457
1828784624,-21.1058392,-47.7981954
1828784625,-21.1058608,-47.8006538
1828784626,-21.1058693,-47.7928259
1828784628,-21.1058873,-47.790694
1828784630,-21.1059801,-47.8050871
1828784633,-21.1060785,-47.7964971
1828784635,-21.10615,-47.7987852
1828784636,-21.1061652,-47.7976198
1828784639,-21.1062764,-47.7949421
1828784641,-21.1063274,-47.7928386
1828784642,-21.1063364,-47.8003541
1828784643,-21.1063623,-47.7907345
1828784649,-21.1066186,-47.7989075
1828784650,-21.1064286,-47.7964382
1828784651,-21.1067208,-47.7970855
1828784652,-21.1067275,-47.7949631
1828784653,-21.1067399,-47.8000934
1828784655,-21.1068232,-47.8003125
1828784657,-21.106788,-47.7928221
1828784658,-21.1068049,-47.7906916
1828784662,-21.1069897,-47.7974971
1828784663,-21.1070526,-47.8007946
1828784666,-21.107151,-47.7998359
1828784668,-21.1072138,-47.7956112
1828784669,-21.107235,-47.797922
1828784670,-21.1072351,-47.7865434
1828784671,-21.1072751,-47.7928328
1828784672,-21.1072827,-47.8011993
1828784676,-21.1074998,-47.7983914
1828784677,-21.1075519,-47.8016726
1828784678,-21.1075774,-47.7995601
1828784680,-21.1076518,-47.7997733
1828784682,-21.107697,-47.7861924
1828784683,-21.1077289,-47.7949649
1828784684,-21.1077347,-47.7988027
1828784685,-21.1077342,-47.7928215
1828784687,-21.1077765,-47.7907031
1828784688,-21.1077804,-47.7994286
1828784689,-21.1077875,-47.8020869
1828784690,-21.107793,-47.7861194
1828784693,-21.1078572,-47.7990597
1828784694,-21.1078826,-47.7996284
1828784695,-21.1079491,-47.8002326
1828784699,-21.1080677,-47.8025796
1828784700,-21.108106,-47.7989032
1828784701,-21.1081778,-47.7949755
1828784702,-21.1081838,-47.7889776
1828784703,-21.1082206,-47.7928377
1828784704,-21.1081672,-47.7997597
1828784705,-21.1082442,-47.7907116
1828784712,-21.1083096,-47.803005
1828784713,-21.1083633,-47.7999786
1828784715,-21.1084382,-47.7990058
1828784717,-21.1084766,-47.7996096
1828784722,-21.1085681,-47.7962055
1828784723,-21.1085674,-47.803458
1828784724,-21.1085585,-47.7992111
1828784727,-21.1085922,-47.8003891
1828784728,-21.108603,-47.7958707
1828784729,-21.1086037,-47.7886945
1828784732,-21.1086636,-47.7950102
1828784733,-21.1086853,-47.7928506
1828784735,-21.1087251,-47.7907362
1828784736,-21.1087831,-47.7990678
1828784737,-21.1088416,-47.8008362
1828784739,-21.1090066,-47.7884229
1828784740,-21.109077,-47.7958844
1828784741,-21.1091004,-47.8013004
1828784742,-21.1091116,-47.7949986
1828784743,-21.1091205,-47.7883462
1828784745,-21.1091475,-47.7904003
1828784746,-21.1091662,-47.7928561
1828784747,-21.1091776,-47.7988159
1828784749,-21.1092097,-47.7985241
1828784750,-21.1092136,-47.7907362
1828784755,-21.1093465,-47.8017416
1828784756,-21.1094176,-47.801301
1828784759,-21.1094584,-47.7841556
1828784760,-21.1095418,-47.7959048
1828784762,-21.1095943,-47.802186
1828784763,-21.1096063,-47.7985426
1828784764,-21.1096123,-47.7953626
1828784765,-21.109632,-47.7982738
1828784768,-21.1096607,-47.791262
1828784770,-21.1096612,-47.7929019
1828784772,-21.1097419,-47.790356
1828784776,-21.1098492,-47.801035
1828784777,-21.1098748,-47.8026541
1828784778,-21.109935,-47.7900172
1828784779,-21.1100219,-47.7959258
1828784780,-21.1100241,-47.790156
1828784781,-21.1100294,-47.7982738
1828784782,-21.1100307,-47.7980142
1828784783,-21.1100353,-47.7865885
1828784784,-21.1100571,-47.7953846
1828784786,-21.1101357,-47.7929446
1828784787,-21.1101397,-47.7900786
1828784788,-21.110171,-47.792119
1828784791,-21.11027,-47.8032609
1828784793,-21.1102818,-47.8007685
1828784794,-21.1102936,-47.7846996
1828784795,-21.1104305,-47.7980189
1828784796,-21.1104412,-47.7863879
1828784797,-21.110498,-47.8031858
1828784798,-21.1104739,-47.7977357
1828784799,-21.1105135,-47.7959474
1828784800,-21.1105377,-47.7954085
1828784803,-21.1105879,-47.7918412
1828784806,-21.1106144,-47.7845304
1828784807,-21.1106351,-47.7929585
1828784809,-21.1106942,-47.8034945
1828784810,-21.1107094,-47.8005049
1828784811,-21.1108074,-47.7845929
1828784812,-21.1108596,-47.7977463
1828784813,-21.1108716,-47.7861753
1828784814,-21.1108751,-47.7974836
1828784815,-21.1109265,-47.8029116
1828784817,-21.1110179,-47.7915546
1828784818,-21.1110186,-47.7959695
1828784819,-21.1110224,-47.795442
1828784820,-21.1110862,-47.8032156
1828784822,-21.1110825,-47.7907182
1828784826,-21.1111162,-47.8002543
1828784837,-21.11114,-47.792982
1828784849,-21.1112592,-47.7974946
1828784851,-21.1113077,-47.7859598
1828784852,-21.1113125,-47.7972087
1828784853,-21.1113252,-47.8026218
1828784854,-21.1113562,-47.7847708
1828784856,-21.1114221,-47.7912851
1828784857,-21.1114438,-47.7904962
1828784858,-21.1114858,-47.8049764
1828784859,-21.1114901,-47.802961
1828784860,-21.1115037,-47.7959908
1828784861,-21.1115166,-47.795457
1828784862,-21.1115411,-47.7999925
1828784865,-21.1115843,-47.7889671
1828784866,-21.1115994,-47.7879256
1828784867,-21.1116121,-47.7929852
1828784870,-21.1117073,-47.7972255
1828784871,-21.1117232,-47.7969506
1828784872,-21.1117324,-47.8023732
1828784873,-21.1117732,-47.7857298
1828784876,-21.1119118,-47.8026974
1828784877,-21.1118951,-47.8046291
1828784878,-21.1119656,-47.7997225
1828784879,-21.1119757,-47.7849717
1828784881,-21.112006,-47.7960128
1828784882,-21.1120138,-47.7954816
1828784883,-21.112033,-47.7877276
1828784884,-21.1120899,-47.792999
1828784886,-21.1121312,-47.7966943
1828784887,-21.1121602,-47.8021121
1828784889,-21.1122083,-47.7855148
1828784890,-21.1122872,-47.7895659
1828784891,-21.1123055,-47.791501
1828784893,-21.1123499,-47.8024236
1828784894,-21.1123562,-47.8045024
1828784895,-21.1123752,-47.799462
1828784896,-21.1124465,-47.7898367
1828784899,-21.1124889,-47.7875195
1828784900,-21.1125068,-47.7955061
1828784902,-21.1125722,-47.7967022
1828784904,-21.1125732,-47.8018599
1828784906,-21.1126102,-47.7930134
1828784907,-21.1126469,-47.7852981
1828784908,-21.1127296,-47.7894033
1828784911,-21.1127834,-47.7895497
1828784912,-21.1127372,-47.8021815
1828784913,-21.1127531,-47.8042305
1828784914,-21.1127799,-47.7852324
1828784915,-21.112793,-47.7991963
1828784916,-21.1128257,-47.7912409
1828784923,-21.1129342,-47.7873161
1828784924,-21.1129496,-47.7964506
1828784925,-21.1130102,-47.795531
1828784926,-21.1130199,-47.8015872
1828784927,-21.1128294,-47.7962537
1828784928,-21.113082,-47.7930266
1828784930,-21.1131757,-47.7891934
1828784931,-21.1131773,-47.8019065
1828784934,-21.1132187,-47.8039687
1828784935,-21.1132426,-47.7989103
1828784936,-21.1132415,-47.7853531
1828784937,-21.1132464,-47.7893365
1828784939,-21.1133364,-47.7930022
1828784940,-21.1133748,-47.7961375
1828784942,-21.1133905,-47.7871078
1828784943,-21.113433,-47.801335
1828784945,-21.1134774,-47.7955519
1828784946,-21.1134872,-47.7910181
1828784949,-21.1135967,-47.7957429
1828784951,-21.113624,-47.7889876
1828784952,-21.1136528,-47.7986593
1828784953,-21.1136844,-47.7891343
1828784954,-21.1135861,-47.8036341
1828784955,-21.1136553,-47.7903961
1828784956,-21.1138228,-47.8055301
1828784957,-21.1137232,-47.7936873
1828784958,-21.1137795,-47.7932471
1828784959,-21.1138074,-47.7958798
1828784960,-21.1138272,-47.8010842
1828784961,-21.1138344,-47.7869051
1828784962,-21.1138347,-47.7855266
1828784963,-21.1139374,-47.7908064
1828784965,-21.1140078,-47.8013874
1828784966,-21.1140177,-47.7957387
1828784967,-21.114123,-47.7876161
1828784968,-21.1140363,-47.7984056
1828784969,-21.1140108,-47.8034078
1828784970,-21.1140677,-47.7887769
1828784971,-21.1141299,-47.7889351
1828784973,-21.1141108,-47.7901946
1828784977,-21.1142629,-47.7952981
1828784978,-21.1142725,-47.786705
1828784980,-21.1142872,-47.8007915
1828784982,-21.1142977,-47.7930071
1828784987,-21.1143552,-47.7948845
1828784988,-21.1143908,-47.7906386
1828784989,-21.1144208,-47.7955572
1828784990,-21.1144047,-47.8011393
1828784993,-21.1144741,-47.7981271
1828784994,-21.1145052,-47.7885828
1828784996,-21.1145541,-47.7899858
1828784997,-21.1145769,-47.7887232
1828784999,-21.114654,-47.7947012
1828785000,-21.1147036,-47.8005351
1828785001,-21.114717,-47.7865021
1828785002,-21.1147335,-47.7928053
1828785004,-21.1147848,-47.7904535
1828785005,-21.1148542,-47.8008584
1828785006,-21.1148864,-47.797865
1828785007,-21.1149019,-47.8029724
1828785009,-21.1149655,-47.7883679
1828785010,-21.1149756,-47.7897872
1828785011,-21.1150206,-47.7960129
1828785012,-21.1150259,-47.7885114
1828785013,-21.1150973,-47.800276
1828785015,-21.1151616,-47.792607
1828785016,-21.115176,-47.7862924
1828785017,-21.115222,-47.7902452
1828785018,-21.1152572,-47.8006065
1828785019,-21.1153117,-47.7975829
1828785020,-21.1153095,-47.8027247
1828785022,-21.1153813,-47.7961205
1828785024,-21.1154177,-47.7881563
1828785025,-21.1154555,-47.7895611
1828785026,-21.1154661,-47.7883117
1828785027,-21.1154926,-47.7946608
1828785029,-21.1155259,-47.8000032
1828785030,-21.1156092,-47.7965201
1828785031,-21.1156022,-47.792403
1828785032,-21.1155737,-47.7860769
1828785033,-21.1156606,-47.8022993
1828785035,-21.115682,-47.800341
1828785037,-21.1158515,-47.7961064
1828785038,-21.1157271,-47.7953641
1828785039,-21.1157453,-47.7973187
1828785041,-21.1157984,-47.7956704
1828785045,-21.1158623,-47.7879513
1828785046,-21.1158883,-47.7893572
1828785047,-21.1159501,-47.7997333
1828785048,-21.1159506,-47.7945535
1828785051,-21.1160196,-47.7961993
1828785053,-21.1160411,-47.7921997
1828785054,-21.1160812,-47.8000777
1828785055,-21.1160957,-47.8020538
1828785057,-21.116103,-47.7898778
1828785058,-21.1162636,-47.7862934
1828785059,-21.1162416,-47.7976744
1828785060,-21.1163007,-47.7877482
1828785061,-21.1163587,-47.7994733
1828785062,-21.1163713,-47.7943431
1828785063,-21.1164737,-47.7919994
1828785064,-21.1164917,-47.7896059
1828785071,-21.1165064,-47.7997841
1828785072,-21.1165307,-47.8018083
1828785076,-21.116578,-47.7962053
1828785080,-21.1166786,-47.7973968
1828785081,-21.1167492,-47.7875339
1828785083,-21.1168064,-47.7941517
1828785085,-21.1167995,-47.7991928
1828785087,-21.1168598,-47.7864749
1828785089,-21.1168757,-47.7918143
1828785091,-21.1169353,-47.8015465
1828785093,-21.1169504,-47.7894786
1828785097,-21.117008,-47.7990628
1828785101,-21.117182,-47.7962318
1828785102,-21.1172205,-47.7873136
1828785112,-21.1173368,-47.7916021
1828785114,-21.1173883,-47.786641
1828785119,-21.1173768,-47.7892529
1828785121,-21.1173856,-47.8013337
1828785127,-21.1174356,-47.7987668
1828785129,-21.1174613,-47.7945085
1828785135,-21.1176208,-47.7871117
1828785137,-21.117626,-47.799094
1828785138,-21.1176502,-47.7949847
1828785139,-21.1177382,-47.7914163
1828785140,-21.117677,-47.7937364
1828785141,-21.1177174,-47.7872791
1828785150,-21.1177779,-47.7984518
1828785152,-21.1177931,-47.7962236
1828785154,-21.1178154,-47.789075
1828785157,-21.1178373,-47.7954561
1828785159,-21.1178148,-47.7994355
1828785161,-21.1178282,-47.7957383
1828785167,-21.118007,-47.7987277
1828785171,-21.1180333,-47.7883466
1828785174,-21.1181888,-47.8031067
1828785175,-21.1181077,-47.7935034
1828785176,-21.1181341,-47.7978964
1828785177,-21.1181518,-47.7882908
1828785179,-21.1182097,-47.7911926
1828785189,-21.1183152,-47.7982921
1828785192,-21.1183546,-47.7973154
1828785196,-21.118393,-47.7994667
1828785202,-21.1184655,-47.8004609
1828785206,-21.1184427,-47.8027641
1828785208,-21.1185326,-47.7933184
1828785211,-21.1185555,-47.7977933
1828785212,-21.1186265,-47.7909949
1828785218,-21.1186792,-47.7886601
1828785219,-21.1187455,-47.788011
1828785220,-21.1188364,-47.7962707
1828785231,-21.1187719,-47.7971913
1828785235,-21.1188132,-47.7991963
1828785242,-21.1189627,-47.7931241
1828785246,-21.119037,-47.7908001
1828785251,-21.1191448,-47.7884473
1828785254,-21.1192505,-47.7957854
1828785255,-21.119332,-47.8021452
1828785257,-21.1194039,-47.7929305
1828785258,-21.1194695,-47.7905949
1828785260,-21.1195459,-47.7975837
1828785261,-21.1196074,-47.7984634
1828785269,-21.1197541,-47.7883334
1828785271,-21.1198847,-47.7903979
1828785273,-21.1200976,-47.7933135
1828785279,-21.1202773,-47.7937628
1828785283,-21.1202798,-47.7925209
1828785287,-21.1203447,-47.7901797
1828785289,-21.1203693,-47.7885264
1828785291,-21.1204578,-47.7941984
1828785295,-21.1205958,-47.7944378
1828785298,-21.1207156,-47.7923224
1828785300,-21.120794,-47.7899666
1828785306,-21.121137,-47.7921232
1828785308,-21.121143,-47.7889001
1828785310,-21.1212192,-47.7897648
1828785320,-21.1215704,-47.7919259
1828785323,-21.1216184,-47.7934277
1828785325,-21.1216795,-47.7895761
1828785327,-21.1219146,-47.7880723
1828785329,-21.1220078,-47.7917149
1828785332,-21.1224153,-47.7921907
1828785334,-21.1224225,-47.7892264
1828785337,-21.1226596,-47.7920569
1828785340,-21.1226321,-47.7884848
1828785347,-21.122595,-47.7924517
1828785358,-21.1228337,-47.7922158
1828785362,-21.1228783,-47.7890105
1828785372,-21.1233382,-47.788799
1828785373,-21.1233918,-47.7916222
1828785375,-21.1237209,-47.788629
1828785378,-21.1238109,-47.7911714
1828785390,-21.124182,-47.7908405
1828785392,-21.1245704,-47.7904941
1828785403,-21.1260033,-47.7983274
1828801420,-21.2110526,-47.7693875
1828801429,-21.2113445,-47.7698534
1828801432,-21.2116809,-47.7702274
1828801435,-21.2117578,-47.7684699
1828801437,-21.212325,-47.7713633
1828801442,-21.2120223,-47.7705861
1828801445,-21.2121542,-47.7687371
1828801448,-21.2122585,-47.7702473
1828801462,-21.2125121,-47.7690645
1828801465,-21.2125621,-47.769812
1828801469,-21.2127318,-47.7670621
1828801476,-21.212652,-47.7711237
1828801478,-21.2129192,-47.7693904
1828801488,-21.2129468,-47.7713767
1828801496,-21.2131161,-47.7673718
1828801499,-21.2130885,-47.7714866
1828801507,-21.2132685,-47.7688949
1828801517,-21.2132333,-47.7710142
1828801532,-21.2134627,-47.7660269
1828801535,-21.2135461,-47.7676579
1828801540,-21.2138397,-47.7719569
1828801541,-21.2136004,-47.7684284
1828801544,-21.2135676,-47.7705954
1828801560,-21.2138803,-47.7663057
1828801562,-21.2137878,-47.7708776
1828801564,-21.2139255,-47.767967
1828801590,-21.2139914,-47.7701885
1828801591,-21.2139168,-47.7711607
1828801597,-21.2141605,-47.7704267
1828801599,-21.2142934,-47.7666204
1828801603,-21.2143243,-47.7698025
1828801638,-21.2144358,-47.7712123
1828801644,-21.2145757,-47.7692505
1828801647,-21.214526,-47.7699797
1828801649,-21.2146573,-47.7669311
1828801654,-21.2147413,-47.7650701
1828801657,-21.2148174,-47.7685442
1828801659,-21.2148247,-47.769324
1828801661,-21.2148732,-47.7709278
1828801663,-21.2150223,-47.7672326
1828801683,-21.215132,-47.7654003
1828801686,-21.2151343,-47.7685499
1828801690,-21.2153111,-47.7706328
1828801696,-21.2154929,-47.7657423
1828801697,-21.2155446,-47.7676505
1828801699,-21.2155995,-47.7664161
1828801701,-21.2157502,-47.7645383
1828801703,-21.2156291,-47.7684357
1828801705,-21.2157315,-47.770345
1828801708,-21.2159014,-47.7660257
1828801714,-21.2160519,-47.7681859
1828801716,-21.2160946,-47.7649078
1828801720,-21.216151,-47.766933
1828801721,-21.2161656,-47.7656153
1828801723,-21.2161879,-47.770065
1828801729,-21.2162354,-47.7687326
1828801731,-21.2163569,-47.7636319
1828801734,-21.2165102,-47.7665405
1828801740,-21.2164697,-47.7651852
1828801742,-21.2164287,-47.7692942
1828801747,-21.2166118,-47.7699611
1828801750,-21.2167448,-47.7647959
1828801753,-21.2168379,-47.7661488
1828801757,-21.2168473,-47.7625751
1828801759,-21.2167983,-47.7688554
1828801760,-21.2168396,-47.7668084
1828801762,-21.2169437,-47.7627013
1828801766,-21.2169725,-47.7694181
1828801767,-21.2170996,-47.7634488
1828801769,-21.2170479,-47.7670272
1828801771,-21.2170976,-47.7657333
1828801773,-21.2172106,-47.77024
1828801776,-21.2173359,-47.7690078
1828801778,-21.2174154,-47.763418
1828801780,-21.21739,-47.7674034
1828801802,-21.2174338,-47.7653408
1828801806,-21.2175235,-47.7695283
1828801808,-21.2175661,-47.7636601
1828801818,-21.2177205,-47.7677605
1828801820,-21.2178047,-47.765703
1828801821,-21.2178276,-47.7640606
1828801827,-21.2180782,-47.7681407
1828801830,-21.2182642,-47.7646981
1828801870,-21.218447,-47.7649875
1828801876,-21.2188006,-47.7653957
1828801918,-21.219218,-47.7653861
1828801922,-21.2197157,-47.7654113
1828801924,-21.2197459,-47.7647942
1828801926,-21.2197759,-47.7641817
1828801928,-21.2198058,-47.7635705
1828801929,-21.2198185,-47.7633127
1828801940,-21.2216851,-47.7673661
1828801943,-21.2217727,-47.7655258
1828801946,-21.2217968,-47.7649046
1828801948,-21.2218261,-47.764281
1828801951,-21.2218537,-47.7636627
1828801976,-21.2218637,-47.7634186
1828801984,-21.2221906,-47.7672198
1828801985,-21.2222521,-47.7655357
1828801988,-21.2228067,-47.7655652
1828801991,-21.2230582,-47.7671776
1828801992,-21.2230555,-47.7637391
1828801994,-21.2231466,-47.7643158
1828801995,-21.2232403,-47.7649713
1828801997,-21.2232057,-47.7606261
1828801999,-21.2233358,-47.7598858
1828802005,-21.2232584,-47.7617071
1828802032,-21.2233186,-47.7655793
1828802039,-21.2233196,-47.7662398
1828802044,-21.2234006,-47.766382
1828802046,-21.2234425,-47.7629148
1828802049,-21.2235845,-47.7638527
1828802050,-21.2236013,-47.7639663
1828802052,-21.2237621,-47.7616211
1828802053,-21.2237926,-47.7652592
1828802054,-21.2238675,-47.7657584
1828802055,-21.2239403,-47.7628367
1828802056,-21.2239434,-47.7662723
1828802059,-21.2240783,-47.7637776
1828802060,-21.2238008,-47.7678999
1828802085,-21.2242338,-47.7615415
1828802088,-21.2242834,-47.765177
1828802091,-21.2244133,-47.7627566
1828802100,-21.2245519,-47.7636945
1828802107,-21.224721,-47.7614593
1828802109,-21.2246829,-47.7645811
1828802111,-21.2247589,-47.7650953
1828802113,-21.2248354,-47.7656129
1828802115,-21.224892,-47.7626756
1828802116,-21.2249114,-47.7661274
1828802118,-21.2251274,-47.7660912
1828802119,-21.2251813,-47.7613816
1828802123,-21.2253706,-47.7625947
1828802159,-21.2255158,-47.7635252
1828802163,-21.2256142,-47.7660047
1828802167,-21.2256553,-47.7644189
1828802179,-21.2258218,-47.7673285
1828802182,-21.225856,-47.7625126
1828802188,-21.2260998,-47.7659185
1828802192,-21.2261374,-47.7643332
1828802194,-21.2262165,-47.7648448
1828802196,-21.2262953,-47.7653547
1828802199,-21.2263744,-47.7658662
1828802205,-21.2266569,-47.7658223
1828802247,-21.2268423,-47.7669112
1828802263,-21.2271486,-47.7657249
1828802270,-21.2273392,-47.7668156
1828802272,-21.2273964,-47.7777233
1828802278,-21.2276228,-47.7656231
1828802280,-21.2276927,-47.767655
1828802326,-21.2278253,-47.7667162
1828802336,-21.2278756,-47.7685418
1828802343,-21.2279518,-47.7776981
1828802346,-21.2281061,-47.7654974
1828802361,-21.228441,-47.7781171
1828802362,-21.2285062,-47.7710269
1828802405,-21.2287164,-47.7785276
1828802409,-21.2287912,-47.7725021
1828802417,-21.2288024,-47.7726362
1828802427,-21.22887,-47.7735864
1828802437,-21.2295113,-47.77707
1828802512,-21.2303701,-47.7667528
1828802514,-21.2306439,-47.7674784
1828802526,-21.2306968,-47.7798915
1828802574,-21.2313606,-47.7696002
1828802578,-21.2315961,-47.7797226
1828802596,-21.2319284,-47.7712646
1828802653,-21.232577,-47.7731801
1828802665,-21.233054,-47.7658449
1828802671,-21.2330715,-47.7660353
1828802673,-21.2330915,-47.7665262
1828802687,-21.2332311,-47.7686234
1828802829,-21.2345166,-47.7750074
1828802844,-21.2345791,-47.7751763
1828802876,-21.2346689,-47.7655084
1828802880,-21.2347084,-47.7723409
1828802918,-21.2357691,-47.7651529
1828803109,-21.2379263,-47.767451
1828803123,-21.2388211,-47.7670818
1828822290,-21.1780734,-47.7399044
1828822291,-21.1782278,-47.7390643
1828822292,-21.1783024,-47.7404692
1828822293,-21.1782789,-47.7359187
1828822297,-21.1784833,-47.7410863
1828822298,-21.1785232,-47.7381217
1828822300,-21.178928,-47.7415083
1828822302,-21.1792558,-47.7376322
1828822304,-21.17937,-47.741966
1828822305,-21.1795744,-47.7381311
1828822306,-21.1789178,-47.7559712
1828822313,-21.1799187,-47.7386333
1828822316,-21.1799079,-47.7415834
1828822318,-21.1802289,-47.739155
1828822320,-21.1802281,-47.7421025
1828822323,-21.1803906,-47.7565846
1828822326,-21.1803921,-47.7363307
1828822327,-21.1804807,-47.7548549
1828822328,-21.1805452,-47.739674
1828822329,-21.1805363,-47.7426022
1828822331,-21.1806508,-47.7339455
1828822334,-21.1808579,-47.7401809
1828822336,-21.1808303,-47.7559725
1828822337,-21.1807893,-47.7372663
1828822338,-21.1808493,-47.7431096
1828822339,-21.1808577,-47.7553566
1828822340,-21.1809116,-47.7344766
1828822341,-21.1809098,-47.7349863
1828822342,-21.1808927,-47.7355118
1828822344,-21.1808836,-47.754777
1828822345,-21.1809113,-47.7339522
1828822346,-21.1811655,-47.7407134
1828822348,-21.1811633,-47.7436186
1828822349,-21.1812088,-47.7436925
1828822350,-21.1812922,-47.7376124
1828822351,-21.1812597,-47.7514187
1828822355,-21.1813842,-47.7355393
1828822356,-21.1814894,-47.7412283
1828822357,-21.1815441,-47.744093
1828822361,-21.1817126,-47.7339865
1828822362,-21.1817196,-47.7334907
1828822364,-21.1824323,-47.7375959
1828822365,-21.1818082,-47.741742
1828822367,-21.1818722,-47.7566605
1828822369,-21.1819025,-47.7560364
1828822370,-21.1819316,-47.7554239
1828822371,-21.1819604,-47.7548178
1828822375,-21.1820057,-47.7335836
1828822376,-21.182009,-47.7331737
1828822377,-21.1820296,-47.7445269
1828822379,-21.1821196,-47.7422717
1828822380,-21.1822016,-47.7329798
1828822382,-21.1842614,-47.7370967
1828822383,-21.1822412,-47.7491089
1828822384,-21.1823104,-47.7548311
1828822385,-21.1823406,-47.7338012
1828822386,-21.1823628,-47.7340072
1828822387,-21.1824247,-47.742776
1828822388,-21.1824235,-47.7449782
1828822389,-21.1824674,-47.7337899
1828822391,-21.1824417,-47.7345168
1828822392,-21.1825148,-47.7340393
1828822393,-21.1824858,-47.7554643
1828822395,-21.1825465,-47.7350546
1828822396,-21.1826156,-47.7345891
1828822401,-21.1826935,-47.7355688
1828822402,-21.1827361,-47.7433003
1828822403,-21.1827309,-47.7351251
1828822404,-21.1827553,-47.7334417
1828822406,-21.1827544,-47.7332553
1828822408,-21.182817,-47.7388861
1828822409,-21.1828215,-47.7561189
1828822412,-21.1829254,-47.7482163
1828822413,-21.1829019,-47.7356622
1828822414,-21.1829414,-47.7453948
1828822415,-21.1829632,-47.7334035
1828822416,-21.1829816,-47.7409435
1828822417,-21.1830512,-47.7438207
1828822420,-21.1833251,-47.7414389
1828822421,-21.1833689,-47.7443317
1828822422,-21.1833358,-47.7392216
1828822423,-21.1833406,-47.7458114
1828822424,-21.1833113,-47.7360839
1828822426,-21.1833793,-47.7480548
1828822430,-21.1834764,-47.7333456
1828822432,-21.1832888,-47.7362854
1828822441,-21.1835045,-47.7486281
1828822443,-21.1835255,-47.7339794
1828822447,-21.1835882,-47.7346028
1828822449,-21.1836408,-47.7351261
1828822450,-21.183684,-47.7448466
1828822451,-21.1837017,-47.7492441
1828822453,-21.1838852,-47.7498172
1828822454,-21.1839466,-47.7424648
1828822456,-21.1838691,-47.7364406
1828822459,-21.1839966,-47.7453817
1828822462,-21.1840738,-47.7504064
1828822466,-21.1840621,-47.7332692
1828822485,-21.1841492,-47.745662
1828822487,-21.1841484,-47.7553727
1828822488,-21.1842342,-47.7430134
1828822489,-21.1844174,-47.7476785
1828822490,-21.1842646,-47.7510025
1828822491,-21.1842394,-47.7350706
1828822494,-21.1843374,-47.7543573
1828822496,-21.1842823,-47.745896
1828822502,-21.1844352,-47.7559877
1828822504,-21.1844879,-47.7399176
1828822506,-21.1845999,-47.7482517
1828822512,-21.1845514,-47.7324306
1828822514,-21.1847877,-47.7488526
1828822524,-21.1846127,-47.7330554
1828822525,-21.1846274,-47.7332053
1828822527,-21.1847194,-47.7547747
1828822529,-21.1846901,-47.7338444
1828822534,-21.1847426,-47.7343793
1828822536,-21.1847534,-47.7455789
1828822543,-21.1848053,-47.7350181
1828822546,-21.1848794,-47.7355957
1828822550,-21.1849534,-47.7494436
1828822552,-21.1849682,-47.7362059
1828822556,-21.1849729,-47.7447209
1828822565,-21.185092,-47.737264
1828822571,-21.1851258,-47.753529
1828822575,-21.1851403,-47.7552184
1828822577,-21.1853243,-47.7506482
1828822579,-21.1852063,-47.7386655
1828822580,-21.1852657,-47.7452445
1828822583,-21.1853045,-47.7568632
1828822585,-21.1853721,-47.7465839
1828822587,-21.1855572,-47.7361482
1828822589,-21.1856547,-47.7371889
1828822593,-21.1857648,-47.7537284
1828822597,-21.1859057,-47.746325
1828822604,-21.1861086,-47.7475905
1828822606,-21.1859949,-47.7277234
1828822608,-21.1861767,-47.7541681
1828822614,-21.1863037,-47.7480908
1828822617,-21.1863522,-47.7322241
1828822621,-21.1863707,-47.753055
1828822623,-21.1864097,-47.7328472
1828822625,-21.1863865,-47.7336224
1828822629,-21.1864308,-47.7565262
1828822631,-21.186408,-47.7342299
1828822637,-21.186489,-47.7348432
1828822638,-21.1865601,-47.7486943
1828822648,-21.1876679,-47.732866
1828822650,-21.1868002,-47.747207
1828822654,-21.186786,-47.7406934
1828822656,-21.1867806,-47.7535071
1828822658,-21.1867648,-47.7353692
1828822660,-21.1868376,-47.7569416
1828822663,-21.1864435,-47.7492429
1828822665,-21.1870002,-47.7550227
1828822667,-21.1870606,-47.7357555
1828822669,-21.1870796,-47.7377571
1828822671,-21.1870828,-47.7364605
1828822672,-21.1871203,-47.7476214
1828822673,-21.1870882,-47.7410386
1828822674,-21.1872078,-47.7539162
1828822677,-21.1873939,-47.7368604
1828822678,-21.1874079,-47.7414175
1828822689,-21.1874163,-47.7554655
1828822698,-21.1876355,-47.7486084
1828822700,-21.1876216,-47.7543695
1828822702,-21.1877074,-47.757
1828822706,-21.1876722,-47.7372183
1828822708,-21.1876987,-47.7417621
1828822711,-21.1878104,-47.7350345
1828822713,-21.1878311,-47.7559133
1828822714,-21.1879401,-47.7395707
1828822715,-21.1879685,-47.7336192
1828822716,-21.1880047,-47.7421248
1828822718,-21.1880639,-47.7548474
1828822720,-21.1880291,-47.7388738
1828822725,-21.1881365,-47.7354005
1828822728,-21.188241,-47.7399046
1828822730,-21.1882835,-47.7563462
1828822731,-21.1882969,-47.7392309
1828822734,-21.1884696,-47.7358053
1828822737,-21.1885051,-47.7336321
1828822738,-21.1885397,-47.7402633
1828822743,-21.1887199,-47.7568454
1828822744,-21.1887771,-47.7361726
1828822746,-21.1888322,-47.7387233
1828822748,-21.1888338,-47.7423842
1828822749,-21.1888851,-47.7548447
1828822750,-21.1888468,-47.740632
1828822758,-21.1890774,-47.7336458
1828822760,-21.1891464,-47.7390897
1828822761,-21.1891346,-47.7477543
1828822762,-21.1891673,-47.7410169
1828822764,-21.1893038,-47.7553056
1828822766,-21.1893456,-47.7570877
1828822769,-21.1894511,-47.739445
1828822770,-21.1894606,-47.7413711
1828822773,-21.18957,-47.7423387
1828822774,-21.1896242,-47.7336723
1828822775,-21.1896524,-47.7415904
1828822778,-21.1897082,-47.7557455
1828822779,-21.1896894,-47.7372394
1828822782,-21.1897537,-47.7397979
1828822787,-21.1898916,-47.7537455
1828822789,-21.1899538,-47.7419592
1828822794,-21.1899833,-47.7375927
1828822797,-21.1900156,-47.7331636
1828822798,-21.1900312,-47.7369209
1828822799,-21.1901951,-47.7522428
1828822800,-21.1900551,-47.7401493
1828822801,-21.1901049,-47.7571131
1828822802,-21.1901226,-47.7561954
1828822803,-21.1903804,-47.7541107
1828822804,-21.1902514,-47.7423026
1828822806,-21.1902857,-47.7379604
1828822810,-21.1903616,-47.7366182
1828822811,-21.1904464,-47.7513242
1828822812,-21.1903603,-47.7405053
1828822815,-21.1903157,-47.7508568
1828822816,-21.1905421,-47.7548592
1828822818,-21.1905622,-47.7407231
1828822819,-21.1905629,-47.7566363
1828822822,-21.1905924,-47.738319
1828822824,-21.1906315,-47.7510761
1828822826,-21.1907191,-47.7362803
1828822828,-21.1905902,-47.751174
1828822830,-21.1908525,-47.741068
1828822832,-21.1908974,-47.7386687
1828822834,-21.191016,-47.757082
1828822836,-21.1909871,-47.755276
1828822838,-21.1910999,-47.7516395
1828822841,-21.1910807,-47.7359303
1828822843,-21.1909588,-47.7571558
1828822849,-21.1911625,-47.7414361
1828822851,-21.1911933,-47.7390329
1828822853,-21.1911851,-47.7550612
1828822855,-21.191308,-47.7522214
1828822857,-21.1916451,-47.7554686
1828822858,-21.1914643,-47.7417945
1828822859,-21.191497,-47.7347715
1828822864,-21.1915568,-47.7528436
1828822866,-21.1915065,-47.7393967
1828822868,-21.1915781,-47.7365013
1828822872,-21.1916482,-47.7353677
1828822874,-21.1916906,-47.7396088
1828822878,-21.1917693,-47.7421567
1828822880,-21.1918228,-47.7561857
1828822882,-21.1919076,-47.736896
1828822884,-21.1918346,-47.7390779
1828822890,-21.1919987,-47.7399701
1828822892,-21.1920126,-47.7559847
1828822894,-21.1920368,-47.7541377
1828822895,-21.1920738,-47.7425184
1828822897,-21.1921684,-47.7332542
1828822905,-21.1921667,-47.7359271
1828822907,-21.1922374,-47.73728
1828822910,-21.1921766,-47.7387414
1828822911,-21.192291,-47.7547656
1828822912,-21.192296,-47.7403249
1828822916,-21.1925591,-47.7337872
1828822917,-21.1925649,-47.7553854
1828822918,-21.1925374,-47.7384004
1828822919,-21.1925953,-47.7406973
1828822920,-21.1925787,-47.7376795
1828822921,-21.1926816,-47.7332805
1828822922,-21.1927338,-47.7347881
1828822924,-21.1929047,-47.7410496
1828822925,-21.1929038,-47.7380656
1828822927,-21.193146,-47.7350247
1828822928,-21.1932001,-47.7414078
1828822929,-21.1932066,-47.733808
1828822930,-21.1933587,-47.7543533
1828822932,-21.1932251,-47.7564895
1828822937,-21.1931441,-47.7569873
1828822942,-21.1934527,-47.7490415
1828822945,-21.1934636,-47.7467455
1828822947,-21.1935309,-47.7564759
1828822950,-21.1934499,-47.7416588
1828822951,-21.1934474,-47.741877
1828822958,-21.1936008,-47.7489925
1828822960,-21.1936468,-47.7570093
1828822962,-21.1936447,-47.7374178
1828822965,-21.1936048,-47.735288
1828822966,-21.1936162,-47.7480036
1828822967,-21.1936674,-47.738058
1828822968,-21.1936256,-47.7473164
1828822969,-21.193676,-47.7570585
1828822971,-21.1936798,-47.757158
1828822974,-21.1937829,-47.7338413
1828822975,-21.1936362,-47.7467441
1828822976,-21.1938213,-47.7380895
1828822977,-21.1940048,-47.7355176
1828822978,-21.1940352,-47.7569231
1828822981,-21.1944542,-47.7472319
1828822983,-21.1944025,-47.7456504
1828822984,-21.1943324,-47.7338738
1828822985,-21.1944889,-47.7358108
1828822986,-21.1945515,-47.7364738
1828822989,-21.1948634,-47.7460625
1828822990,-21.1948687,-47.7338884
1828822991,-21.1952577,-47.746407
1828822992,-21.1953372,-47.7333555
1828822995,-21.1954912,-47.7339241
1828822996,-21.1955474,-47.7434448
1828822997,-21.1955313,-47.7338473
1828822998,-21.1956757,-47.733571
1828822999,-21.1957214,-47.7459795
1828823001,-21.1957757,-47.7339879
1828823002,-21.1958234,-47.7428038
1828823004,-21.1959201,-47.7337082
1828823005,-21.1960461,-47.7438708
1828823007,-21.1960189,-47.74731
1828823008,-21.196072,-47.7422338
1828823010,-21.1961449,-47.7455708
1828823011,-21.1962129,-47.7365479
1828823012,-21.1962441,-47.7355035
1828823014,-21.1962627,-47.7349975
1828823015,-21.1962825,-47.7344585
1828823016,-21.1962935,-47.7339415
1828823017,-21.1963187,-47.7416498
1828823018,-21.1965821,-47.7334231
1828823020,-21.1963651,-47.7334128
1828823021,-21.1965072,-47.7469288
1828823022,-21.1965482,-47.7410637
1828823023,-21.1965763,-47.7451642
1828823027,-21.1969675,-47.7465674
1828823028,-21.1969865,-47.7414577
1828823030,-21.1970138,-47.7447519
1828823033,-21.1973155,-47.740837
1828823034,-21.1973071,-47.7339779
1828823035,-21.197323,-47.7334501
1828823036,-21.1974113,-47.7461864
1828823037,-21.1974436,-47.7418653
1828823038,-21.1974731,-47.744327
1828823041,-21.1978247,-47.7411383
1828823042,-21.1978897,-47.7422668
1828823043,-21.1979161,-47.7457989
1828823044,-21.1979057,-47.7439122
1828823047,-21.1983472,-47.7426737
1828823048,-21.1983354,-47.7414251
1828823049,-21.1983329,-47.7435031
1828823050,-21.1983906,-47.7454439
1828823053,-21.1987095,-47.7345597
1828823054,-21.1986773,-47.7356099
1828823055,-21.1987732,-47.7430935
1828823057,-21.198688,-47.7350809
1828823059,-21.1987316,-47.7340353
1828823061,-21.1988704,-47.7450767
1828823062,-21.1988402,-47.7417289
1828823066,-21.199061,-47.7426499
1828823071,-21.1993731,-47.7421005
1828823072,-21.1993539,-47.7447473
1828823074,-21.1994791,-47.7439564
1828823075,-21.1997128,-47.7415249
1828823078,-21.1998557,-47.7444163
1828823080,-21.2000489,-47.7409641
1828823081,-21.2000257,-47.7431902
1828823082,-21.2001874,-47.7407258
1828823083,-21.2007825,-47.7435884
1828823085,-21.2011254,-47.7430247
1828823086,-21.2013791,-47.7357144
1828823087,-21.2014371,-47.7336053
1828823088,-21.2014313,-47.7341441
1828823089,-21.20139,-47.7351891
1828823090,-21.2014049,-47.7346764
1828823091,-21.2014827,-47.7424788
1828823092,-21.2018438,-47.7419269
1828823094,-21.2036191,-47.7360066
1828823095,-21.2036033,-47.7357974
1828823096,-21.203623,-47.7352733
1828823097,-21.2036422,-47.7347626
1828823098,-21.2036701,-47.7342343
1828823102,-21.2041054,-47.7337333
1828823103,-21.2064677,-47.7339771
1828823105,-21.2066961,-47.7517952
1828823108,-21.2066864,-47.7543405
1828823109,-21.206806,-47.7550184
1828823111,-21.2070984,-47.7538046
1828823112,-21.2070218,-47.7556992
1828823114,-21.207598,-47.7520902
1828823115,-21.2077041,-47.7566842
1828823116,-21.2078005,-47.7565995
1828823117,-21.207959,-47.7560269
1828823118,-21.2081452,-47.7502306
1828823119,-21.2081793,-47.7554454
1828823120,-21.2083585,-47.7548698
1828823123,-21.2085247,-47.7542683
1828823125,-21.2090177,-47.7578119
1828823127,-21.2092244,-47.7570826
1828823128,-21.2093919,-47.7564895
1828823129,-21.2095637,-47.755902
1828823130,-21.2097833,-47.7553166
1828823133,-21.2099635,-47.7547402
1828823134,-21.2104465,-47.7530173
1828823135,-21.2105069,-47.7580658
1828823136,-21.2106436,-47.7575501
1828823138,-21.210815,-47.7569676
1828823139,-21.2108155,-47.7517424
1828823140,-21.2109838,-47.7563729
1828823141,-21.211149,-47.7557763
1828823142,-21.2113195,-47.7551886
1828823144,-21.2117687,-47.7581811
1828823145,-21.2118535,-47.757925
1828823146,-21.2120472,-47.757364
1828823147,-21.2122514,-47.7567849
1828823148,-21.2124477,-47.7561942
1828823149,-21.2126872,-47.7556177
1828823151,-21.213187,-47.7539101
1828823152,-21.2135442,-47.7526069
1828823154,-21.2152174,-47.7566078
1828823155,-21.2157793,-47.754928
1828823156,-21.2162783,-47.7535057
1828823157,-21.2166532,-47.7583527
1828823158,-21.2166695,-47.7571622
1828840864,-21.1530108,-47.7470794
1828840867,-21.1536423,-47.7456655
1828840868,-21.1537467,-47.7462061
1828840869,-21.1538706,-47.7468474
1828840870,-21.1539089,-47.7472688
1828840873,-21.1550046,-47.7448345
1828840874,-21.1551108,-47.7453092
1828840875,-21.15523,-47.7458421
1828840876,-21.1553743,-47.7464875
1828840877,-21.1554758,-47.7469415
1828840878,-21.1561124,-47.7441656
1828840879,-21.1564883,-47.7444941
1828840880,-21.156711,-47.736966
1828840882,-21.1568325,-47.7369332
1828840883,-21.1568274,-47.7362286
1828840885,-21.1569183,-47.7448699
1828840886,-21.1569568,-47.737634
1828840887,-21.1570225,-47.7354551
1828840888,-21.1571018,-47.7382988
1828840889,-21.1572547,-47.7389697
1828840890,-21.1573127,-47.7429202
1828840891,-21.157421,-47.7342572
1828840892,-21.1574039,-47.7396436
1828840893,-21.1574152,-47.7453042
1828840895,-21.1575638,-47.7403115
1828840896,-21.157048,-47.7564706
1828840897,-21.1577121,-47.7409782
1828840899,-21.1577874,-47.7428816
1828840900,-21.1578571,-47.7415797
1828840901,-21.1578662,-47.743028
1828840902,-21.1579802,-47.7421838
1828840903,-21.1580197,-47.7458262
1828840905,-21.1581153,-47.7427882
1828840906,-21.1583267,-47.7560424
1828840907,-21.1582305,-47.7435641
1828840908,-21.1584114,-47.7461748
1828840909,-21.1584059,-47.7351014
1828840911,-21.1585591,-47.7357691
1828840912,-21.158608,-47.7441198
1828840913,-21.1586941,-47.7364529
1828840914,-21.1587527,-47.746473
1828840915,-21.1588634,-47.737118
1828840917,-21.1590082,-47.7377988
1828840918,-21.1591616,-47.7384781
1828840919,-21.1592308,-47.7455145
1828840920,-21.1592427,-47.734888
1828840921,-21.1593417,-47.7391435
1828840923,-21.1594051,-47.7355594
1828840925,-21.1594427,-47.7411751
1828840926,-21.1594164,-47.7439083
1828840928,-21.1595585,-47.7362428
1828840932,-21.1595783,-47.7417622
1828840934,-21.1597126,-47.7453629
1828840936,-21.1596168,-47.7404996
1828840938,-21.1597135,-47.7369118
1828840950,-21.1597559,-47.7425365
1828840951,-21.159715,-47.742369
1828840953,-21.1598718,-47.7375716
1828840954,-21.1598932,-47.7431381
1828840956,-21.159989,-47.7291193
1828840957,-21.1600308,-47.7437495
1828840958,-21.1600365,-47.7382487
1828840961,-21.1601759,-47.7389232
1828840963,-21.1603369,-47.7450712
1828840966,-21.1606188,-47.7435943
1828840968,-21.1606379,-47.7408679
1828840974,-21.1607713,-47.741468
1828840986,-21.1607734,-47.7331268
1828840988,-21.1609433,-47.7422176
1828840990,-21.1609131,-47.742065
1828840991,-21.160922,-47.7330903
1828840992,-21.1609779,-47.7452792
1828840994,-21.1610579,-47.7394095
1828840995,-21.1610791,-47.742844
1828840996,-21.1610692,-47.7344127
1828840997,-21.1612171,-47.7434375
1828840998,-21.1612263,-47.7350906
1828841000,-21.1613814,-47.7357674
1828841003,-21.1615295,-47.7364212
1828841005,-21.1615429,-47.7329361
1828841007,-21.1616009,-47.7451252
1828841010,-21.1616726,-47.7370897
1828841012,-21.1618112,-47.7370503
1828841024,-21.1618127,-47.7432862
1828841026,-21.1618339,-47.7377802
1828841028,-21.1619294,-47.731902
1828841030,-21.1619765,-47.7468452
1828841031,-21.1619629,-47.7377009
1828841032,-21.1619854,-47.734857
1828841033,-21.1619836,-47.7384333
1828841035,-21.1621301,-47.7354959
1828841036,-21.162147,-47.7327836
1828841037,-21.1621995,-47.7449731
1828841038,-21.1621444,-47.7391298
1828841045,-21.1622998,-47.7397928
1828841047,-21.1624082,-47.7463712
1828841049,-21.162409,-47.7431371
1828841061,-21.1624088,-47.7416241
1828841070,-21.1624433,-47.7404084
1828841072,-21.1624676,-47.7418866
1828841080,-21.1625874,-47.7375269
1828841081,-21.1625739,-47.7403484
1828841082,-21.1625831,-47.7413055
1828841084,-21.1625728,-47.7347015
1828841099,-21.1626318,-47.7484482
1828841107,-21.1627247,-47.735344
1828841111,-21.1627313,-47.7326223
1828841117,-21.1628382,-47.745896
1828841118,-21.1627716,-47.7420869
1828841120,-21.1628006,-47.7448133
1828841123,-21.1629028,-47.7412447
1828841137,-21.1629407,-47.7335363
1828841143,-21.1630101,-47.7420288
1828841147,-21.1630219,-47.7429674
1828841153,-21.1630667,-47.7395967
1828841156,-21.1630836,-47.7479739
1828841160,-21.16317,-47.7491609
1828841162,-21.1631382,-47.7414216
1828841168,-21.1631692,-47.7429247
1828841169,-21.1631868,-47.7373846
1828841171,-21.1632047,-47.7416957
1828841174,-21.1632741,-47.7454402
1828841175,-21.1633196,-47.7351899
1828841180,-21.1633359,-47.7324734
1828841187,-21.1634653,-47.7315095
1828841189,-21.1635518,-47.7446685
1828841190,-21.1635218,-47.7474924
1828841192,-21.1636565,-47.7445812
1828841193,-21.1636386,-47.7394289
1828841196,-21.1637735,-47.7344052
1828841197,-21.1637795,-47.73723
1828841198,-21.1637864,-47.7427669
1828841199,-21.1637875,-47.7447703
1828841200,-21.1636878,-47.7448513
1828841201,-21.1639221,-47.7350405
1828841202,-21.1639269,-47.7323107
1828841203,-21.1639399,-47.7470391
1828841205,-21.164028,-47.7438349
1828841206,-21.1639949,-47.738136
1828841208,-21.1642052,-47.7322377
1828841209,-21.1641663,-47.7557855
1828841213,-21.1643741,-47.7370838
1828841215,-21.1643673,-47.7426116
1828841216,-21.1643738,-47.7465594
1828841217,-21.1643932,-47.7398949
1828841218,-21.1643644,-47.7342375
1828841219,-21.1645075,-47.7348724
1828841220,-21.1645218,-47.74048
1828841221,-21.1645001,-47.7411474
1828841223,-21.1646554,-47.7411051
1828841224,-21.1646839,-47.7412465
1828841226,-21.1648056,-47.7460687
1828841227,-21.1648372,-47.7418539
1828841230,-21.1648439,-47.7391093
1828841231,-21.1648397,-47.7446236
1828841233,-21.1649756,-47.7424605
1828841235,-21.1649779,-47.7369313
1828841236,-21.1652348,-47.7368589
1828841237,-21.1654489,-47.7444901
1828841238,-21.1654405,-47.7389541
1828841239,-21.1655871,-47.7395701
1828841240,-21.1655927,-47.7422989
1828841241,-21.1656274,-47.7451256
1828841242,-21.1657101,-47.7401847
1828841243,-21.1657493,-47.7480475
1828841244,-21.1658317,-47.7395069
1828841245,-21.1658245,-47.7469026
1828841246,-21.1658532,-47.7407891
1828841247,-21.1658909,-47.7409406
1828841250,-21.1660229,-47.7415526
1828841251,-21.1660451,-47.7443379
1828841252,-21.1661157,-47.7471965
1828841253,-21.1661067,-47.7407221
1828841254,-21.1661379,-47.7408738
1828841255,-21.1661667,-47.7421525
1828841257,-21.1662003,-47.7449806
1828841259,-21.1664106,-47.7420903
1828841261,-21.1666294,-47.7441755
1828841262,-21.1666381,-47.7469941
1828841265,-21.1667806,-47.7448344
1828841270,-21.167255,-47.7468333
1828841272,-21.1675168,-47.746765
1828841276,-21.1677011,-47.7516954
1828841277,-21.1677165,-47.7488767
1828841284,-21.1678652,-47.7495486
1828841286,-21.1682525,-47.7537841
1828841287,-21.1683062,-47.7515554
1828841290,-21.1685543,-47.7514976
1828841291,-21.1687806,-47.7536081
1828841303,-21.1696712,-47.7560197
1828841305,-21.169721,-47.7560179
1828841306,-21.1728856,-47.7564945
1828855732,-21.2212935,-47.7852202
1828855742,-21.2218678,-47.7884948
1828855820,-21.2230487,-47.7878394
1828855828,-21.2235086,-47.7867029
1828855831,-21.2235524,-47.7872656
1828855879,-21.2242726,-47.8014453
1828855916,-21.2247551,-47.8002702
1828855920,-21.2248393,-47.7992392
1828855921,-21.2248603,-47.7851451
1828855922,-21.2248172,-47.8020748
1828855927,-21.2248593,-47.8012646
1828855942,-21.2248647,-47.7988708
1828855944,-21.2248872,-47.7918867
1828855948,-21.2250609,-47.8024087
1828855954,-21.2252216,-47.8033823
1828855955,-21.2252773,-47.79131
1828855957,-21.2253218,-47.8039633
1828855966,-21.2256661,-47.7907146
1828855976,-21.225689,-47.7925332
1828855989,-21.22575,-47.7990578
1828856008,-21.2259157,-47.8000304
1828856023,-21.2259762,-47.7894918
1828856039,-21.2260294,-47.7919319
1828856041,-21.2260894,-47.8010021
1828856042,-21.2261448,-47.7893646
1828856065,-21.2263035,-47.789663
1828856069,-21.2263022,-47.8021497
1828856075,-21.2263994,-47.791304
1828856092,-21.2267177,-47.7901116
1828856116,-21.2268884,-47.7904346
1828856119,-21.2268251,-47.7933162
1828856123,-21.2269548,-47.790157
1828856124,-21.2269012,-47.7915291
1828856126,-21.226945,-47.7907171
1828856138,-21.2269792,-47.7911109
1828856139,-21.2270255,-47.7918219
1828856152,-21.227148,-47.7926793
1828856166,-21.2272206,-47.7938263
1828856172,-21.2273212,-47.7854486
1828856175,-21.2274979,-47.7887119
1828856176,-21.2275205,-47.7897532
1828856178,-21.2275585,-47.7906863
1828856179,-21.2275726,-47.7911127
1828856186,-21.2275984,-47.7921625
1828856209,-21.22784,-47.7942448
1828856219,-21.2281656,-47.7887399
1828856223,-21.2281926,-47.7897406
1828856225,-21.228235,-47.7911063
1828856227,-21.2282213,-47.7906647
1828856229,-21.2282702,-47.7921366
1828856249,-21.2284569,-47.7946522
1828856252,-21.2288416,-47.7887912
1828856253,-21.2288605,-47.7897104
1828856255,-21.2288863,-47.7906355
1828856257,-21.2289007,-47.7910614
1828856259,-21.2289367,-47.792115
1828856347,-21.230976,-47.7869544
1828872185,-21.1208493,-47.7853692
1828872188,-21.1213068,-47.7854034
1828872189,-21.1214343,-47.7839263
1828872190,-21.1217843,-47.785449
1828872192,-21.1222658,-47.7854991
1828872193,-21.1223893,-47.7840184
1828872194,-21.1227319,-47.7855425
1828872196,-21.1232164,-47.7856052
1828872198,-21.1233142,-47.785707
1828872200,-21.1285089,-47.7984694
1828872202,-21.129367,-47.7964705
1828872205,-21.1302086,-47.7968801
1828872206,-21.1302745,-47.7989635
1828872208,-21.1308629,-47.7991489
1828872209,-21.1309031,-47.792894
1828872210,-21.130979,-47.7950945
1828872211,-21.1312683,-47.7968014
1828872212,-21.1312689,-47.7920437
1828872213,-21.1313429,-47.7942898
1828872216,-21.1317602,-47.7933113
1828872217,-21.1318047,-47.7970751
1828872218,-21.1318519,-47.7955298
1828872219,-21.1319154,-47.7953982
1828872220,-21.1320026,-47.7994667
1828872221,-21.1321415,-47.7924571
1828872222,-21.1325121,-47.7915853
1828872223,-21.132163,-47.7948174
1828872224,-21.1324693,-47.7956714
1828872225,-21.1325814,-47.7996227
1828872226,-21.1326018,-47.7937211
1828872227,-21.1328444,-47.7976366
1828872228,-21.132982,-47.7928794
1828872230,-21.1331337,-47.7997714
1828872231,-21.1333526,-47.7945177
1828872232,-21.1333608,-47.7920064
1828872233,-21.1334001,-47.7979143
1828872234,-21.1335392,-47.7962217
1828872236,-21.1337539,-47.7999385
1828872238,-21.1337835,-47.7956652
1828872239,-21.133892,-47.7948001
1828872240,-21.1338926,-47.7933753
1828872241,-21.1339214,-47.7981828
1828872243,-21.1340452,-47.7965
1828872244,-21.1343031,-47.7924948
1828872245,-21.1343258,-47.8000765
1828872246,-21.1344017,-47.795067
1828872248,-21.1344559,-47.7984615
1828872250,-21.1345738,-47.7967714
1828872253,-21.1348196,-47.7927626
1828872254,-21.1349402,-47.795349
1828872255,-21.1349858,-47.7987509
1828872256,-21.1349922,-47.8002216
1828872257,-21.1351014,-47.7970402
1828872258,-21.1353323,-47.7930335
1828872259,-21.1353486,-47.7964858
1828872260,-21.1354684,-47.7956256
1828872261,-21.1355056,-47.7990255
1828872262,-21.1355744,-47.8003277
1828872263,-21.1356444,-47.7973066
1828872264,-21.1358696,-47.7933069
1828872265,-21.1359987,-47.7959033
1828872266,-21.1360452,-47.799293
1828872267,-21.1361555,-47.7975573
1828872268,-21.1361904,-47.8004187
1828872269,-21.1364133,-47.7935929
1828872270,-21.1365297,-47.7961814
1828872272,-21.1365881,-47.7995805
1828872273,-21.1365643,-47.7977569
1828872275,-21.1366176,-47.7980599
1828872276,-21.1366483,-47.7971701
1828872282,-21.1369313,-47.7938779
1828872283,-21.1370096,-47.7986811
1828872285,-21.1371548,-47.7965087
1828872286,-21.1371265,-47.800593
1828872291,-21.1372575,-47.7999305
1828872292,-21.1372761,-47.8006138
1828872293,-21.1390055,-47.803078
1828872294,-21.1374769,-47.7989324
1828872295,-21.1374598,-47.7941453
1828872299,-21.1376117,-47.7989433
1828872300,-21.1377092,-47.798549
1828872301,-21.1379289,-47.7962924
1828872302,-21.1379095,-47.8007124
1828872304,-21.1382322,-47.7945212
1828872305,-21.138286,-47.7988691
1828872306,-21.1384811,-47.8008023
1828872307,-21.1385312,-47.7987491
1828872308,-21.1388577,-47.7988665
1828872309,-21.1390459,-47.8008911
1828872310,-21.1394223,-47.7990695
1828872311,-21.1396585,-47.8009874
1828872312,-21.1399644,-47.7992643
1828872313,-21.1401423,-47.7986925
1828872314,-21.1402396,-47.8010787
1828872316,-21.1405405,-47.7994714
1828872317,-21.1407957,-47.8011485
1828872318,-21.1410712,-47.7996622
1828872319,-21.1413958,-47.8012133
1828872320,-21.1416311,-47.7998634
1828872321,-21.1421688,-47.8026796
1828872322,-21.1420039,-47.8012789
1828872324,-21.1422305,-47.800079
1828872325,-21.142407,-47.7994744
1828872327,-21.1426145,-47.8012235
1828872329,-21.1428023,-47.8002907
1828872331,-21.1436455,-47.8005883
1833594566,-21.2572116,-47.7915458
1833594572,-21.2722631,-47.8181904
1833594582,-21.277931,-47.8043057
1833594583,-21.2782751,-47.8038445
1833594584,-21.2784051,-47.8034588
1833594589,-21.2785694,-47.8032819
1833594590,-21.2785953,-47.8037502
1833594595,-21.2788237,-47.8034159
1833594596,-21.2788209,-47.8036179
1833594604,-21.2788859,-47.8040195
1833594606,-21.279034,-47.8042391
1833594612,-21.2798315,-47.8054834
1833594620,-21.2878321,-47.8102997
1833594622,-21.2889313,-47.8107103
1833594631,-21.2897511,-47.8119214
1833594636,-21.2899638,-47.8122927
1833594642,-21.2908665,-47.8125419
1833594656,-21.2915301,-47.812293
1833594658,-21.291608,-47.8117633
1833594663,-21.2916374,-47.8120364
1833594666,-21.2916511,-47.811295
1833594672,-21.2918863,-47.8119124
1833594676,-21.2921655,-47.8116996
1833594683,-21.292472,-47.8116129
1833594697,-21.2928986,-47.8118662
1833594702,-21.2933109,-47.8131368
1833594709,-21.2941339,-47.813406
1833594715,-21.3062285,-47.8198259
1833594737,-21.3092541,-47.8214583
1833594744,-21.3095066,-47.8217738
1833594747,-21.3095606,-47.8214094
1833594749,-21.3097142,-47.8212712
1833594752,-21.3097964,-47.8210755
1833594754,-21.3099209,-47.8215908
1833594762,-21.3102897,-47.8219803
1833594782,-21.3110768,-47.8178783
1833594794,-21.3130736,-47.8231622
1833594800,-21.3319703,-47.8323685
1833594809,-21.3452439,-47.8388675
1833594812,-21.3454593,-47.838528
1833594818,-21.3459634,-47.8392161
1833594819,-21.3468078,-47.8397915
1833594820,-21.346874,-47.8402749
1833594827,-21.3477384,-47.8402528
1833598856,-21.2228306,-47.7764316
1833598865,-21.2240372,-47.802959
1833598874,-21.2248199,-47.8096808
1833598879,-21.2251447,-47.7774268
1833620281,-21.292025,-47.8113538
1833621351,-21.2783563,-47.8042904
1855616763,-21.1453318,-47.8760193
1855616767,-21.1452337,-47.8761184
1855616786,-21.1468883,-47.8809419
1855616821,-21.1470911,-47.8802838
1855616833,-21.1471757,-47.8808685
1855616878,-21.147349,-47.8806366
1855616924,-21.1475214,-47.8806441
1855616961,-21.1476764,-47.8809026
1855616976,-21.1477756,-47.8806601
1855617018,-21.1480097,-47.8805005
1855617231,-21.1502547,-47.8847222
1855617236,-21.1505004,-47.8848769
1890441861,-21.1907417,-47.7546332
1890441863,-21.1917387,-47.7571983
1890441865,-21.1918176,-47.7535828
1890441866,-21.1922392,-47.756644
1890441869,-21.1924459,-47.7564151
1890441871,-21.1929131,-47.7559513
1890944169,-21.2020284,-47.7579022
1890944198,-21.2062638,-47.7542702
1890944209,-21.2069203,-47.7603045
1890944233,-21.2082413,-47.6772316
1890944243,-21.2105896,-47.7584899
1890947599,-21.2067267,-47.7495183
1890947603,-21.2067996,-47.7486597
1890947610,-21.2070327,-47.7499702
1890947611,-21.2071268,-47.7495423
1890947613,-21.2071778,-47.7497205
1892408435,-21.2054118,-47.749798
1892408436,-21.2054204,-47.7495247
1892408437,-21.2054719,-47.7494666
1892408438,-21.2054736,-47.7498892
1892408491,-21.2058763,-47.7495099
1892408492,-21.2059325,-47.7486782
1892408548,-21.2063818,-47.7375706
1892408593,-21.2072567,-47.7267795
1990012762,-21.134067,-47.8266893
1998293932,-21.1659451,-47.8760157
1998293933,-21.1659342,-47.8811091
1998293952,-21.1663552,-47.8761276
1998293959,-21.1667265,-47.8744436
1998293970,-21.1670855,-47.872247
1998294019,-21.1862274,-47.7298853
1998294021,-21.1862967,-47.7316255
1998294022,-21.1865701,-47.7545845
1998294431,-21.2059168,-47.8947004
1998294492,-21.2067065,-47.8966998
1998294529,-21.2066643,-47.8956543
1998294531,-21.2066946,-47.8960051
1998294550,-21.2070279,-47.8960654
1998294581,-21.2091615,-47.8983713
1998294597,-21.2102195,-47.90564
1998294599,-21.2102038,-47.9063415
1998294603,-21.210219,-47.9062781
1998294618,-21.2103803,-47.90669
1998294623,-21.2104346,-47.9067108
1998294634,-21.2105971,-47.9060822
1998294637,-21.2106379,-47.9061092
1998294643,-21.2107871,-47.9064989
1998294647,-21.2107963,-47.906449
1998294653,-21.2110801,-47.9061117
1998294667,-21.2363079,-47.8909607
2000693029,-21.2026584,-47.866285
2000693041,-21.2066465,-47.857204
2000693076,-21.2115131,-47.7707669
2000693082,-21.2123056,-47.7714849
2000693102,-21.216084,-47.835526
2000693105,-21.2165855,-47.8346173
2000693106,-21.2166881,-47.7738774
2000693117,-21.2208567,-47.8241896
2000693119,-21.2208997,-47.7885873
2000693124,-21.2206715,-47.7756877
2000693127,-21.2213498,-47.7835537
2000693133,-21.2212817,-47.7889473
2000693142,-21.221902,-47.8204908
2000693157,-21.2219038,-47.7803315
2000693165,-21.2221814,-47.7795673
2000693169,-21.222225,-47.7918917
2000693218,-21.2238793,-47.8134299
2000693226,-21.2250736,-47.7775772
2000698946,-21.2241751,-47.8029393
2000698971,-21.2252374,-47.8060499
2000698973,-21.22534,-47.8065888
2000698974,-21.2252963,-47.8060539
2000698976,-21.2254089,-47.8065508
2000698978,-21.2255254,-47.8063359
2000704370,-21.2227808,-47.8170058
2000704420,-21.2399991,-47.8192005
2000704445,-21.257515,-47.8187729
2000763104,-21.2514934,-47.8193787
2000763128,-21.263878,-47.8193014
2000763133,-21.2658967,-47.8180826
2000763134,-21.2664332,-47.8177372
2000763135,-21.2669656,-47.8174474
2000763138,-21.2673256,-47.8173122
2000763139,-21.2672793,-47.8174381
2000763144,-21.2674329,-47.8175112
2000763146,-21.2674767,-47.8173533
2000763148,-21.2674899,-47.8174188
2000763150,-21.2676288,-47.8175389
2000763151,-21.2678387,-47.8174789
2000766358,-21.2195674,-47.8156766
2000766360,-21.2204377,-47.8161469
2000766385,-21.2220529,-47.8204816
2000766409,-21.2228298,-47.8168786
2000766419,-21.222991,-47.816591
2000766428,-21.223187,-47.8170903
2000766435,-21.2233767,-47.8169891
2000766458,-21.2240239,-47.8134536
2000766482,-21.2268571,-47.8174537
2000766483,-21.2268133,-47.817557
2003550512,-21.2180736,-47.8316403
2003550590,-21.2201908,-47.8279475
2003550599,-21.2202634,-47.827965
2003550626,-21.2204186,-47.8274322
2003550694,-21.2205409,-47.8267192
2003550698,-21.2205683,-47.827322
2003550701,-21.2205414,-47.8276381
2003550715,-21.2206138,-47.8283109
2003550724,-21.2207313,-47.8285233
2003550733,-21.2207531,-47.8260311
2003550755,-21.2209765,-47.8242524
2003550763,-21.2209071,-47.8288482
2003550767,-21.2209571,-47.8282517
2003550770,-21.2210131,-47.825329
2003550781,-21.221132,-47.8290055
2003550789,-21.2211136,-47.8283435
2003550812,-21.221266,-47.8246068
2003550821,-21.2212858,-47.8285314
2003550885,-21.2213821,-47.8305315
2003550888,-21.2213864,-47.8287916
2003550912,-21.2214414,-47.8293594
2003550937,-21.221539,-47.8299311
2003550943,-21.2215334,-47.829476
2003550947,-21.2215418,-47.8302724
2003550981,-21.2216739,-47.8290938
2003550986,-21.2217295,-47.8277007
2003551012,-21.2218077,-47.829247
2003551035,-21.2217966,-47.8300479
2003551043,-21.2219551,-47.8280799
2003551061,-21.222024,-47.8299998
2003551065,-21.2220468,-47.8265708
2003551075,-21.222132,-47.8292718
2003551084,-21.2222185,-47.8297972
2003551110,-21.2222903,-47.8296667
2003551114,-21.2224164,-47.8259834
2003551126,-21.2225277,-47.8290685
2003551133,-21.2225597,-47.8273358
2003551143,-21.2225884,-47.825147
2003551177,-21.2228099,-47.8253734
2003551188,-21.2228428,-47.8255121
2003551204,-21.2229062,-47.8264139
2003551211,-21.2229011,-47.8252052
2003551252,-21.2231049,-47.8285917
2003551257,-21.2231343,-47.825721
2003551261,-21.2232243,-47.8252591
2003551269,-21.2232465,-47.8256996
2003551283,-21.2233677,-47.8254303
2003551286,-21.2233704,-47.8255194
2003551303,-21.2235067,-47.8280936
2003551306,-21.2237441,-47.828272
2003551310,-21.2235304,-47.8258073
2003551332,-21.2237297,-47.8275302
2003551365,-21.2244949,-47.8272432
2003551374,-21.2251354,-47.8177147
2003592624,-21.2034603,-47.8649236
2003592639,-21.2050745,-47.8616223
2003592647,-21.2051629,-47.8614023
2003592653,-21.2052769,-47.8617552
2003592661,-21.2053769,-47.861693
2003592664,-21.2053688,-47.8614375
2003592672,-21.2054616,-47.8607616
2003592678,-21.2057288,-47.8599666
2003592684,-21.2135643,-47.8418328
2003592689,-21.2146366,-47.8397049
2003592694,-21.2151761,-47.8378368
2003592697,-21.2153408,-47.8357882
2003592703,-21.2155499,-47.8357484
2003592720,-21.2157136,-47.8355361
2003592723,-21.2157078,-47.83599
2003592725,-21.2158408,-47.8357142
2003592737,-21.2159904,-47.8353253
2003592747,-21.2161657,-47.8366566
2003592768,-21.2163859,-47.8355543
2003592775,-21.216613,-47.8353959
2003592777,-21.2167555,-47.8356381
2003592822,-21.2173486,-47.8343213
2003677670,-21.094906,-47.7958106
2003677696,-21.1075918,-47.8100154
2003677717,-21.1292598,-47.8490843
2003677719,-21.1318525,-47.8530196
2003808460,-21.0898151,-47.7968237
2003808496,-21.0920198,-47.7949582
2003808506,-21.0923089,-47.7941957
2003808518,-21.0924702,-47.7948737
2003808539,-21.0932336,-47.7940909
2003808541,-21.0931257,-47.7946897
2003808563,-21.0934538,-47.7948912
2003808612,-21.0958167,-47.7924924
2003808617,-21.0960765,-47.7965116
2003808620,-21.0970702,-47.7972492
2003808637,-21.1030607,-47.8040457
2003808640,-21.1043203,-47.8061849
2003808660,-21.1146919,-47.8239366
2003808699,-21.1309884,-47.8518156
2003808702,-21.1315147,-47.8527018
2003817512,-21.1037781,-47.8049875
2003817526,-21.1240771,-47.8399681
2003817527,-21.1242935,-47.8400586
2003817536,-21.1259012,-47.8444666
2003817539,-21.1259697,-47.8443417
2003817550,-21.1262691,-47.8448005
2003817552,-21.1263208,-47.8443208
2003817554,-21.12631,-47.8447749
2003817560,-21.1264213,-47.8445409
2003817577,-21.1268388,-47.8439557
2003817581,-21.1269242,-47.8441228
2003817584,-21.1270294,-47.8436382
2003817585,-21.127112,-47.8436283
2003817598,-21.1273132,-47.8440779
2003817603,-21.1273523,-47.8439942
2003817613,-21.1293931,-47.8487852
2003820626,-21.243466,-47.819244
2003820629,-21.2457157,-47.8191204
2003820630,-21.2452106,-47.8194387
2003820636,-21.2472944,-47.8197643
2003820641,-21.24817,-47.8191881
2003820642,-21.2482901,-47.8199181
2003820649,-21.2485202,-47.8190253
2003820650,-21.2485467,-47.8198798
2003820652,-21.2485398,-47.819222
2003820655,-21.2485464,-47.8200803
2003820657,-21.2486843,-47.8192356
2003820658,-21.2486198,-47.8194003
2003820660,-21.2487235,-47.8192002
2003820661,-21.2486308,-47.8196902
2003820662,-21.2486909,-47.8198498
2003820666,-21.2487034,-47.8190045
2003820670,-21.2487329,-47.8200803
2003820680,-21.2490219,-47.8198915
2003820681,-21.2490901,-47.8191883
2003820685,-21.249572,-47.8192159
2003820694,-21.2512429,-47.8193932
2003820695,-21.251357,-47.8192904
2003822387,-21.2365016,-47.8266432
2003822428,-21.2474948,-47.8239318
2003822430,-21.2475694,-47.8197776
2003822435,-21.2475535,-47.8218167
2003822448,-21.2478733,-47.821786
2003822454,-21.2480265,-47.823239
2003822461,-21.2482767,-47.8232385
2003825706,-21.2239119,-47.8245228
2003825709,-21.2241853,-47.8248009
2003825710,-21.2246967,-47.8275537
2005959893,-21.2370352,-47.8301443
2005959896,-21.2374838,-47.829919
2005959897,-21.2374712,-47.8319159
2005959901,-21.2377674,-47.8278724
2005959903,-21.2378489,-47.8317227
2005959906,-21.2379144,-47.8315612
2005959910,-21.2381656,-47.8347097
2005959912,-21.2382682,-47.8292999
2005959916,-21.2384635,-47.8346336
2005959918,-21.2386648,-47.8274714
2005959925,-21.2389404,-47.8305438
2005959927,-21.2389767,-47.8323958
2005959929,-21.2391249,-47.8344646
2005959931,-21.2392324,-47.8349206
2005959935,-21.2394555,-47.8268849
2005959936,-21.2394858,-47.8301848
2005959938,-21.2395658,-47.8305563
2005959940,-21.2396976,-47.830938
2005959941,-21.2397669,-47.8300488
2005959948,-21.2403248,-47.8263064
2005959955,-21.2406549,-47.8296329
2005959957,-21.240929,-47.8314344
2005959960,-21.2412289,-47.825963
2005959967,-21.2414522,-47.8290931
2005959974,-21.2418132,-47.8308894
2005959976,-21.2419012,-47.8337431
2005959978,-21.2419799,-47.8341119
2005959981,-21.242155,-47.8256573
2005959982,-21.242189,-47.8284383
2005959991,-21.2425971,-47.8302286
2005959998,-21.2429785,-47.8274649
2005960000,-21.2430555,-47.825345
2005960005,-21.2432132,-47.8294202
2005960015,-21.2435808,-47.8262728
2005960020,-21.2437862,-47.8320439
2005960024,-21.2440487,-47.8323604
2005960026,-21.2440837,-47.831879
2005960028,-21.2441246,-47.8286555
2005960029,-21.2442881,-47.8250822
2005960033,-21.2442661,-47.8311212
2005960034,-21.2443583,-47.825275
2005960042,-21.2446018,-47.8277945
2005960044,-21.2447386,-47.8301892
2005960048,-21.2446393,-47.8250117
2005960049,-21.2448986,-47.8299893
2005960052,-21.2451241,-47.8269066
2005960054,-21.2451408,-47.8313875
2005960056,-21.2452406,-47.8247483
2005960058,-21.2452819,-47.8295196
2005960066,-21.245749,-47.830736
2005960067,-21.2457922,-47.8261869
2005960071,-21.2460193,-47.8287319
2005960081,-21.2466098,-47.8247902
2005960082,-21.2466594,-47.8255745
2005960084,-21.2467936,-47.8279549
2005960095,-21.247291,-47.827004
2005960096,-21.2472927,-47.8255541
2005966285,-21.2276932,-47.8175411
2005966287,-21.2285305,-47.817423
2005966298,-21.2333139,-47.8185209
2005966306,-21.2350774,-47.8190261
2005966310,-21.2358791,-47.8192923
2005966311,-21.2359182,-47.8185185
2005966318,-21.2360895,-47.8192688
2005966319,-21.2360744,-47.8194378
2005966320,-21.2361932,-47.8183643
2005966321,-21.2361422,-47.8185619
2005966322,-21.2361318,-47.8192316
2005966325,-21.2361766,-47.8186049
2005966329,-21.2362415,-47.8187708
2005966330,-21.236216,-47.8190829
2005966339,-21.2362884,-47.8192481
2005966340,-21.2362658,-47.8194988
2005966341,-21.236343,-47.8183759
2005966342,-21.2363661,-47.8185807
2005966343,-21.2363233,-47.8192937
2005966355,-21.2366159,-47.8186115
2005966356,-21.2364959,-47.8193596
2005966362,-21.2380195,-47.8192772
2005966363,-21.2384481,-47.8187992
2005966370,-21.2401588,-47.8190881
2005983385,-21.2236951,-47.8347826
2005983389,-21.224748,-47.8334805
2005983394,-21.2247905,-47.8337445
2005983395,-21.224804,-47.8334134
2005983397,-21.2251486,-47.8331071
2005983402,-21.2253015,-47.8330695
2005983408,-21.2255071,-47.8333041
2005983581,-21.2460348,-47.8360015
2005983583,-21.2465812,-47.8353806
2005983586,-21.2488001,-47.8238067
2005983592,-21.2492841,-47.8318829
2005983614,-21.252112,-47.8254792
2005983632,-21.2595415,-47.841362
2007042157,-21.2125836,-47.7744827
2007042197,-21.2228452,-47.768612
2007042200,-21.2253305,-47.7675827
2007042201,-21.2253525,-47.7684576
2007042208,-21.2351273,-47.7651651
2007042209,-21.2352975,-47.7644576
2007042219,-21.2356413,-47.7647654
2007042222,-21.2357116,-47.7649651
2007042228,-21.2359288,-47.7648977
2007042230,-21.2361377,-47.7648265
2007042232,-21.2361967,-47.7650012
2007042234,-21.2363282,-47.7641431
2007042255,-21.236974,-47.759678
2007042258,-21.2370332,-47.7585336
2007042260,-21.2370599,-47.7581553
2007042261,-21.2370812,-47.7587158
2007042266,-21.2371409,-47.7585008
2007042269,-21.2371506,-47.759081
2007042271,-21.2371965,-47.7582956
2007042280,-21.2375527,-47.7576388
2007042289,-21.2375696,-47.7610987
2007042302,-21.2381666,-47.7615031
2007042310,-21.2418046,-47.7574133
2007042311,-21.2424884,-47.7575769
2007058138,-21.2084606,-47.7659658
2007058144,-21.208384,-47.7646719
2007058147,-21.2083915,-47.7643925
2007058154,-21.2095565,-47.7688192
2007058163,-21.2097876,-47.7687559
2007058165,-21.2096806,-47.7691563
2007087469,-21.2007774,-47.7665013
2007087487,-21.2033509,-47.7622959
2007087498,-21.2041632,-47.7609075
2007087513,-21.2061807,-47.7606703
2007087524,-21.20832,-47.7656748
2007098806,-21.2016254,-47.764355
2007098810,-21.2026352,-47.7632991
2007137127,-21.2160429,-47.8368279
2007137132,-21.2169932,-47.8377518
2007137134,-21.2183924,-47.8390834
2007137165,-21.2312459,-47.8635679
2007137169,-21.2334341,-47.8682376
2007137192,-21.2487943,-47.8832668
2007137204,-21.2506124,-47.8886971
2007137294,-21.2956215,-47.9055794
2007137315,-21.302312,-47.9170955
2007137338,-21.3139432,-47.901122
2011017003,-21.1890768,-47.752652
2011017005,-21.1894909,-47.7532287
2011017019,-21.1930186,-47.7560998
2011017023,-21.1931058,-47.7570406
2011554487,-21.2235959,-47.8231715
2011554489,-21.2236443,-47.8229638
2011554490,-21.2236374,-47.8239637
2011554492,-21.2237221,-47.8242048
2011554502,-21.2241043,-47.8256908
2011554517,-21.2243499,-47.8256222
2011554529,-21.2245606,-47.8249004
2011554535,-21.2247355,-47.8250545
2011554538,-21.2247623,-47.82485
2011554548,-21.2248237,-47.8254756
2011554565,-21.2250396,-47.8231478
2011554573,-21.2251073,-47.823382
2011554577,-21.225153,-47.8237142
2011554581,-21.225154,-47.8239841
2011554585,-21.2251972,-47.8249636
2011554591,-21.2252748,-47.8231843
2011554593,-21.2253028,-47.8253407
2011554595,-21.2253322,-47.8238955
2011554597,-21.2254293,-47.8231415
2011554601,-21.225505,-47.8260637
2011554602,-21.2255585,-47.8207392
2011554605,-21.2255516,-47.823849
2011554607,-21.2255829,-47.8263067
2011554609,-21.2256074,-47.8209937
2011554611,-21.2260789,-47.8229615
2011554614,-21.226166,-47.8258271
2011554615,-21.2262031,-47.8236759
2011554618,-21.2262334,-47.8260831
2011554620,-21.2263068,-47.8228983
2011554622,-21.226473,-47.823603
2012904959,-21.2220691,-47.823099
2012904962,-21.222199,-47.8231893
2012904963,-21.2221807,-47.8233953
2012904966,-21.2223745,-47.8233344
2012905019,-21.2232386,-47.822964
2012905034,-21.223331,-47.821409
2012905040,-21.22332,-47.8242506
2012905044,-21.2233492,-47.8240897
2012905050,-21.2234263,-47.8230016
2012905055,-21.2234955,-47.8241662
2012905056,-21.2235317,-47.8213174
2012905077,-21.2235841,-47.8215665
2012905089,-21.2238169,-47.821645
2012905095,-21.2239741,-47.8215696
2012905099,-21.223965,-47.8217508
2012905105,-21.2240036,-47.8223789
2012905130,-21.2245229,-47.8223548
2012905132,-21.2245717,-47.8207175
2012905138,-21.2248466,-47.8182093
2012905144,-21.2249272,-47.8185076
2012907379,-21.2173714,-47.8339242
2012907382,-21.2175499,-47.8342535
2012907383,-21.218723,-47.830818
2012907384,-21.2190379,-47.8301278
2012907386,-21.2193287,-47.8294614
2012907389,-21.2196794,-47.8287718
2012907391,-21.2197996,-47.8316832
2012907393,-21.219851,-47.8306673
2012907395,-21.219955,-47.8319695
2012907396,-21.220227,-47.8282785
2012907399,-21.2202938,-47.8311789
2012907401,-21.2205317,-47.8302291
2012907404,-21.2206262,-47.8293669
2012907405,-21.2207031,-47.8307905
2012907408,-21.2208642,-47.8310288
2012912217,-21.2259067,-47.8675282
2012936896,-21.1948954,-47.9147109
2012956545,-21.1995582,-47.87346
2012956554,-21.2000645,-47.8727077
2012956557,-21.2005049,-47.8713001
2012956573,-21.2057854,-47.8729823
2012956623,-21.2187709,-47.8778898
2012956639,-21.2199835,-47.8693467
2012956659,-21.2256345,-47.8853467
2012956687,-21.2435256,-47.8911727
2012956696,-21.2477199,-47.8902606
2012969581,-21.2148965,-47.9174267
2012969591,-21.2209686,-47.9247236
2012969601,-21.2264593,-47.9219958
2012969602,-21.2265255,-47.907304
2012969656,-21.2413896,-47.8920114
2012977952,-21.249694,-47.8197202
2012977961,-21.2515341,-47.8192782
2012977992,-21.2534063,-47.819422
2012977999,-21.2539599,-47.8188622
2012978008,-21.254949,-47.8187094
2012978012,-21.255014,-47.8194025
2012978018,-21.2552246,-47.8185108
2012978021,-21.2552619,-47.8186891
2012978024,-21.2552983,-47.8187155
2012978025,-21.2552355,-47.8196162
2012978026,-21.2552772,-47.8193733
2012978031,-21.2553778,-47.8188844
2012978032,-21.2553737,-47.8191517
2012978036,-21.2554725,-47.8193335
2012978038,-21.2554785,-47.8184697
2012978039,-21.2554322,-47.8184292
2012978040,-21.2554685,-47.8186844
2012978042,-21.2554913,-47.8186529
2012978044,-21.2555339,-47.8193743
2012978051,-21.2555918,-47.8195615
2012978061,-21.2557474,-47.8186268
2012978074,-21.2561617,-47.8186786
2012978083,-21.2571226,-47.8206191
2012978087,-21.2578772,-47.8191931
2012978089,-21.2582722,-47.8201379
2012978093,-21.2589211,-47.8187729
2012978105,-21.2616342,-47.8191692
2023789301,-21.2535044,-47.8148176
2023789305,-21.2547295,-47.8151834
2023789312,-21.2549109,-47.8153453
2023789322,-21.2549771,-47.8151739
2023789337,-21.2550688,-47.8157688
2023789360,-21.2552012,-47.8150253
2023789368,-21.2554132,-47.8155666
2023789370,-21.2554313,-47.8155162
2023789372,-21.2554322,-47.8152145
2023789374,-21.2554509,-47.8153328
2023789378,-21.2556103,-47.8155024
2023789383,-21.2570622,-47.8156114
2023807664,-21.215881,-47.7586888
2023807675,-21.2165015,-47.7583415
2023807688,-21.2169387,-47.7587373
2023807701,-21.2191307,-47.7590954
2023807704,-21.2192779,-47.758861
2023807724,-21.220242,-47.7592826
2023807731,-21.2206577,-47.7594087
2023807734,-21.2207346,-47.7587328
2023807755,-21.222356,-47.7597055
2023807773,-21.2231632,-47.7598311
2023807782,-21.2232081,-47.7596375
2023807788,-21.223186,-47.7598617
2023807794,-21.2232325,-47.7594302
2023807821,-21.2232526,-47.7587495
2023807823,-21.2233523,-47.759642
2023807828,-21.2233837,-47.7598424
2023807853,-21.2233734,-47.7592883
2023807863,-21.2246559,-47.7589106
2023807894,-21.2256988,-47.7598753
2023807910,-21.2263102,-47.7592303
2023807944,-21.2284131,-47.7595656
2023827497,-21.2212819,-47.7489353
2023827501,-21.2249926,-47.7589183
2023827503,-21.2250486,-47.7581944
2023827513,-21.2258245,-47.7527859
2023827514,-21.2260439,-47.7513915
2023827516,-21.2261489,-47.7506906
2023827518,-21.2264455,-47.7486113
2023827546,-21.2294344,-47.7591613
2023827591,-21.2353986,-47.7202615
2023827605,-21.2693587,-47.8172688
2023827608,-21.2697084,-47.8173678
2023827619,-21.2705405,-47.8177279
2023827642,-21.2708357,-47.8171882
2023827647,-21.2718401,-47.8180534
2023827655,-21.272355,-47.8141436
2023827657,-21.2725625,-47.8136712
2023827659,-21.2727789,-47.8132048
2023827661,-21.2730256,-47.8127442
2023827673,-21.2757022,-47.8083888
2023827675,-21.2767853,-47.8064324
2023827678,-21.2773478,-47.805309
2023827687,-21.277432,-47.8047981
2023827695,-21.2776291,-47.8045158
2023827697,-21.2776521,-47.8049776
2023827703,-21.2777258,-47.8049597
2023827711,-21.2778558,-47.8047173
2023827719,-21.2780814,-47.8049094
2023827723,-21.2781764,-47.8043137
2023827725,-21.2783493,-47.8050926
2023827748,-21.2797133,-47.8055992
2023874400,-21.2618108,-47.8227537
2023874428,-21.2625885,-47.824983
2023874493,-21.2643082,-47.8215037
2023874499,-21.2646141,-47.8222546
2023874513,-21.2649642,-47.8230572
2023874531,-21.2659566,-47.8213581
2023874586,-21.2690676,-47.8190203
2023874907,-21.2760906,-47.8506249
2023875274,-21.2916369,-47.834504
2023875283,-21.2994682,-47.8336764
2023899138,-21.2623025,-47.8151507
2023899139,-21.2626383,-47.8157402
2023899140,-21.262746,-47.8139934
2023899143,-21.26344,-47.8151855
2023899144,-21.2635549,-47.8172774
2023899146,-21.2637946,-47.8133187
2023899147,-21.2637997,-47.8157743
2023899150,-21.2639386,-47.8200463
2023899155,-21.2641526,-47.8182676
2023899157,-21.2643684,-47.8167297
2023899161,-21.2645688,-47.8190041
2023899164,-21.264865,-47.8150737
2023899165,-21.2648482,-47.8194384
2023899166,-21.2649477,-47.8177198
2023899167,-21.2650937,-47.8199123
2023899171,-21.2653555,-47.8184445
2023899172,-21.265452,-47.8161719
2023899174,-21.2656175,-47.8188988
2023899175,-21.2656722,-47.8189916
2023899176,-21.2658975,-47.8193828
2023899177,-21.2659905,-47.8170337
2023899181,-21.2662016,-47.8186361
2023899183,-21.2664291,-47.8190396
2023899187,-21.2666937,-47.8181846
2023899188,-21.2667416,-47.8182582
2023899190,-21.2667535,-47.8208115
2023899195,-21.2672648,-47.8204541
2023899197,-21.2678056,-47.8200813
2023899199,-21.2679205,-47.8188558
2023899200,-21.2682584,-47.8220807
2023899202,-21.2683465,-47.8196554
2023905465,-21.2568977,-47.8186101
2023905471,-21.2588382,-47.8185605
2023905473,-21.2591331,-47.8140517
2023905478,-21.2596306,-47.8162132
2023905480,-21.2596982,-47.8173906
2023905482,-21.2597547,-47.8181409
2023905484,-21.2597789,-47.8184719
2023905488,-21.2601897,-47.8180406
2023905492,-21.2606247,-47.817246
2023905495,-21.260826,-47.8176124
2023905497,-21.2611567,-47.8169991
2023905501,-21.261252,-47.8183998
2023905505,-21.2613242,-47.8172791
2023905509,-21.2616833,-47.8155864
2023905511,-21.2618002,-47.8169606
2023905514,-21.261931,-47.81854
2023905516,-21.2620256,-47.8161642
2023905517,-21.262032,-47.8184677
2023905519,-21.2623031,-47.8166421
2023905520,-21.2625155,-47.8181216
2023905521,-21.2628412,-47.8128858
2023905522,-21.2629135,-47.8189004
2023905524,-21.2629816,-47.8178102
2023905526,-21.2629878,-47.8163261
2023905528,-21.2630748,-47.8189651
2023905530,-21.263095,-47.814593
2023905531,-21.2632836,-47.8136711
2023905544,-21.2635117,-47.8186859
2023905547,-21.2636325,-47.8142533
2023905549,-21.2636181,-47.8173849
2023905551,-21.2639721,-47.8148471
2023905553,-21.2641611,-47.8139186
2023905555,-21.2643646,-47.8129477
2023905557,-21.2643386,-47.8154311
2023905560,-21.2645223,-47.8144821
2023905563,-21.2644721,-47.818838
2023905567,-21.2646898,-47.8135344
2023905571,-21.2646788,-47.8160209
2023905575,-21.2649958,-47.8141584
2023905582,-21.264966,-47.8164933
2023905585,-21.265073,-47.8155142
2023905587,-21.2652636,-47.8183028
2023905589,-21.26533,-47.8147269
2023905592,-21.2654586,-47.817373
2023905597,-21.2657996,-47.8149906
2023905599,-21.2658079,-47.8179527
2023905605,-21.2661765,-47.8109613
2023905608,-21.2662064,-47.8156691
2023905614,-21.2663424,-47.817601
2023905626,-21.2667311,-47.8165232
2023905635,-21.2691534,-47.8086026
2023913838,-21.2566835,-47.8101219
2023913844,-21.2569029,-47.8123727
2023913850,-21.2572035,-47.8100621
2023913854,-21.2573953,-47.8122365
2023913856,-21.2575823,-47.8141967
2023913858,-21.2575677,-47.8144571
2023913860,-21.2576738,-47.8100153
2023913866,-21.2578914,-47.8121779
2023913868,-21.2580758,-47.8141576
2023913869,-21.2581059,-47.8099471
2023913871,-21.2582038,-47.8161203
2023913873,-21.2583006,-47.8175076
2023913882,-21.258377,-47.812123
2023913884,-21.2583859,-47.8186048
2023913886,-21.2584968,-47.8099569
2023913888,-21.258499,-47.8141106
2023913890,-21.2585093,-47.8143768
2023913896,-21.2586881,-47.816152
2023913897,-21.2586747,-47.8162775
2023913898,-21.2587275,-47.8098874
2023913899,-21.2587595,-47.8174603
2023913900,-21.2589373,-47.8120285
2023913903,-21.2589882,-47.8143249
2023913905,-21.2592389,-47.8119688
2023913907,-21.2591693,-47.8161836
2023913909,-21.2591533,-47.8163159
2023913912,-21.2592213,-47.8174224
2023913914,-21.2593005,-47.8185148
2023913918,-21.2596649,-47.8139521
2023913922,-21.2600775,-47.8160213
2023913924,-21.2604999,-47.8137566
2023913927,-21.2648992,-47.8245123
2023913929,-21.2653582,-47.8250524
2023913931,-21.2654426,-47.8241556
2023913932,-21.265753,-47.8247876
2023913934,-21.2659375,-47.8250849
2023913938,-21.2670705,-47.8230726
2023913940,-21.2674091,-47.823677
2023913942,-21.2675719,-47.8239425
2023913944,-21.2676272,-47.8219197
2023913946,-21.2678161,-47.822559
2023913948,-21.268376,-47.8230621
2023913949,-21.2685746,-47.819446
2037248819,-21.1003393,-47.7631106
2037248826,-21.1011253,-47.7649232
2037248845,-21.1018425,-47.7664523
2037248862,-21.1024165,-47.7657955
2037248868,-21.1028304,-47.7662173
2037248882,-21.1029578,-47.7663458
2037248896,-21.1035208,-47.7674328
2037248902,-21.1047075,-47.7679002
2037248925,-21.1094195,-47.7733265
2037248926,-21.109442,-47.7824545
2037248930,-21.1099893,-47.7823192
2037248950,-21.1110402,-47.7799725
2037248978,-21.1111273,-47.7756594
2037249022,-21.1124863,-47.7800574
2037249034,-21.1127245,-47.7801137
2037249040,-21.1129678,-47.7807254
2037249058,-21.1136964,-47.77966
2037249059,-21.1138146,-47.7799505
2037249091,-21.114873,-47.7826536
2037249105,-21.1149519,-47.7798295
2037249134,-21.1163574,-47.7775006
2037249137,-21.116227,-47.7835873
2037249139,-21.1163783,-47.7777561
2037249147,-21.1179664,-47.7854031
2037249154,-21.1194832,-47.7861343
2037249171,-21.1249324,-47.7854896
2040108346,-21.1812021,-47.7686113
2040117532,-21.1842342,-47.7967688
2040117534,-21.1812394,-47.7976205
2040119170,-21.1907847,-47.803312
2043566711,-21.1975034,-47.77044
2043566716,-21.198786,-47.7683071
2043605656,-21.2031126,-47.7682852
2043605658,-21.1978922,-47.764699
2043605664,-21.2031979,-47.7680705
2043605666,-21.1957082,-47.7629012
2043605699,-21.2030014,-47.7679774
2043605705,-21.2028906,-47.7681959
2043605707,-21.2020679,-47.7677558
2043605721,-21.1998617,-47.7662751
2053632807,-21.1067055,-47.8111486
2053632828,-21.1088164,-47.8105743
2053632853,-21.1145205,-47.8067436
2053632911,-21.120062,-47.802984
2053632913,-21.1203712,-47.8029214
2053633036,-21.135641,-47.8043539
2053633063,-21.1372612,-47.8029168
2053633075,-21.1375926,-47.8026086
2053633076,-21.1376603,-47.8046646
2053633078,-21.1379624,-47.8047169
2053633086,-21.139054,-47.8040421
2053633124,-21.1519768,-47.8091602
2053633135,-21.1605965,-47.81481
2068091157,-21.1426282,-47.8508688
2068091158,-21.1430055,-47.8505268
2068091159,-21.1437598,-47.8498514
2068091160,-21.1445466,-47.8491678
2130279254,-21.1955762,-47.7962851
2130279256,-21.1960604,-47.7959187
2130279260,-21.1961943,-47.7955354
2130279262,-21.1963568,-47.7972622
2130279263,-21.1964071,-47.796329
2130279269,-21.1967122,-47.7970544
2130279280,-21.1976085,-47.7958346
2130279281,-21.1974642,-47.7941826
2130279285,-21.1980708,-47.7948242
2130279286,-21.1985086,-47.7936349
2131375574,-21.1955092,-47.7960589
2131375647,-21.1960668,-47.7954038
2131776428,-21.1920723,-47.8004889
2131776432,-21.1926389,-47.8007562
2131776441,-21.2077806,-47.7924691
2131776443,-21.2078201,-47.7928059
2131776448,-21.2085914,-47.7932131
2131776451,-21.208888,-47.7930699
2131776452,-21.2124782,-47.8054839
2131776455,-21.2161797,-47.790705
2131776456,-21.2168704,-47.7973523
2131776457,-21.2168773,-47.7976487
2131776458,-21.2171242,-47.7927427
2131776459,-21.2173001,-47.7973066
2133184167,-21.1889684,-47.8018047
2133184168,-21.2026989,-47.8085161
2133184172,-21.2029049,-47.8087302
2144330681,-21.1545938,-47.8385042
2144330683,-21.1592501,-47.7908734
2144387786,-21.2303963,-47.7872695
2144472868,-21.1363652,-47.7668944
2144472882,-21.1424367,-47.7877622
2144472887,-21.1522243,-47.8119026
2144472896,-21.1594245,-47.8382148
2144472908,-21.1608615,-47.8132831
2144472919,-21.165874,-47.8815575
2144472921,-21.1684345,-47.8054726
2144472927,-21.1692851,-47.8062198
2144472931,-21.1701417,-47.8224771
2144472935,-21.172753,-47.8298921
2144472939,-21.1802649,-47.8293048
2144472944,-21.1810148,-47.7657507
2144472948,-21.1874143,-47.7780119
2144472968,-21.1904964,-47.7507676
2144472972,-21.1976698,-47.8149601
2144472975,-21.1997168,-47.8055182
2144472993,-21.2011025,-47.8061962
2144472997,-21.2179269,-47.7742567
2168900207,-21.1975738,-47.7940612
2168900208,-21.1976061,-47.7941903
2168900210,-21.1989501,-47.7937864
2168900211,-21.2002458,-47.7919042
2187588527,-21.1928821,-47.7989847
2187588531,-21.1937125,-47.7992593
2187588551,-21.2125651,-47.8195265
2187588577,-21.2137405,-47.8201935
2187588627,-21.214982,-47.8215621
2187588638,-21.2150859,-47.8212658
2187588641,-21.2152001,-47.8228685
2187588678,-21.2159968,-47.8209816
2187588686,-21.2160414,-47.8230408
2187588709,-21.2164101,-47.8152056
2187588730,-21.2169213,-47.8183287
2187961045,-21.2275938,-47.832368
2187961046,-21.227659,-47.8325864
2187961048,-21.2280152,-47.8346123
2187961052,-21.2291067,-47.8319068
2187961053,-21.2291414,-47.8321433
2187961096,-21.2303277,-47.8342133
2187961102,-21.2303849,-47.8319162
2187961105,-21.2304021,-47.8316785
2187961109,-21.2304169,-47.8342479
2187961122,-21.2305489,-47.8321246
2187961123,-21.2305707,-47.8337192
2187961132,-21.2306599,-47.8325378
2187961134,-21.2307868,-47.832141
2187961140,-21.2309528,-47.8320002
2187961142,-21.2309839,-47.8317134
2187961149,-21.2317979,-47.8321828
2187961150,-21.2319584,-47.832237
2187961151,-21.2320284,-47.8320211
2187961153,-21.2321226,-47.8323172
2187961154,-21.2321547,-47.8323309
2187961155,-21.2322422,-47.8321385
2187961162,-21.2332854,-47.8331229
2187961163,-21.2334299,-47.832971
2187961166,-21.2338387,-47.8337523
2187961167,-21.2339848,-47.8336318
2187961174,-21.2347548,-47.8360605
2187961175,-21.2349261,-47.8367834
2187961176,-21.2349347,-47.8360151
2187961177,-21.2351142,-47.8367387
2187961179,-21.2354074,-47.8387012
2187961181,-21.2355599,-47.8390686
2187961182,-21.2355837,-47.8386284
2187961184,-21.2357295,-47.8389814
2187961190,-21.2374737,-47.8409891
2189279051,-21.1984152,-47.792716
2189279052,-21.198554,-47.7928193
2189279054,-21.2001244,-47.7899138
2189279055,-21.2002382,-47.790058
2189279057,-21.2013046,-47.7648062
2189279058,-21.2013505,-47.7869048
2189279060,-21.2015094,-47.7870078
2189279061,-21.2020188,-47.7844726
2189279062,-21.2020744,-47.7842419
2189279063,-21.2021921,-47.784572
2189279064,-21.2022687,-47.7842617
2189279068,-21.2036335,-47.7780668
2189279069,-21.2037841,-47.7781088
2189279070,-21.2039614,-47.7767799
2189279071,-21.2041317,-47.7768291
2189279072,-21.2043923,-47.7750443
2189279076,-21.2047601,-47.7735825
2189279077,-21.2049336,-47.7736327
2189279081,-21.2054136,-47.7709836
2189279086,-21.2055812,-47.7710585
2189279103,-21.2067734,-47.7694808
2189279114,-21.20766,-47.7703018
2189279118,-21.2077639,-47.770018
2189279134,-21.2090932,-47.7709407
2189279135,-21.2091354,-47.793782
2189279148,-21.2100063,-47.771325
2189279149,-21.2101112,-47.7905991
2189279151,-21.2104787,-47.7895082
2189279152,-21.2106583,-47.788833
2189279154,-21.2112408,-47.7868447
2189279155,-21.2117902,-47.7948129
2189279161,-21.2124581,-47.7938179
2189279162,-21.2128987,-47.7942317
2189279163,-21.2133952,-47.7952924
2189279164,-21.2135233,-47.7941566
2189279167,-21.2140027,-47.7952712
2189279169,-21.2143705,-47.7936247
2189279173,-21.2151958,-47.7949916
2189279178,-21.2155109,-47.7924614
2189279180,-21.2155716,-47.7941821
2189279183,-21.2157421,-47.7945571
2189279187,-21.2161821,-47.7939257
2189279199,-21.2165059,-47.7889461
2189279203,-21.2166828,-47.7944181
2189279204,-21.2167139,-47.7956439
2189279205,-21.2168926,-47.795513
2189279217,-21.2173201,-47.796373
2189279223,-21.2175383,-47.7968302
2189279227,-21.2176267,-47.7922444
2189279229,-21.2178254,-47.7967504
2189279243,-21.2186298,-47.7944893
2189279247,-21.2192299,-47.7958184
2189279249,-21.2193104,-47.7943128
2189279252,-21.2195679,-47.7958558
2189279254,-21.2197749,-47.7959211
2189279274,-21.2249725,-47.7853355
2189279275,-21.2274095,-47.7852466
2189954873,-21.1922977,-47.7981722
2189954876,-21.1924247,-47.7981355
2189954877,-21.1929562,-47.7994713
2189954879,-21.1930691,-47.7994045
2190661512,-21.1742138,-47.8159154
2190661514,-21.1749924,-47.814492
2190661516,-21.1750224,-47.8155305
2190661519,-21.1751189,-47.8154087
2190661530,-21.1884716,-47.8065152
2190661531,-21.1887113,-47.8064951
2190661533,-21.1897271,-47.806636
2190661537,-21.1915456,-47.806925
2190661539,-21.1921883,-47.807035
2190661540,-21.1928172,-47.8071356
2190661541,-21.1938225,-47.8073059
2190661565,-21.1978049,-47.807935
2190661566,-21.1984607,-47.8080417
2190661569,-21.1991211,-47.8081696
2190661570,-21.1991744,-47.8096146
2190661573,-21.1995405,-47.8068043
2190661574,-21.2000089,-47.8084229
2190661576,-21.2003093,-47.8092507
2190661578,-21.2007136,-47.8086993
2190661579,-21.2008657,-47.8096888
2190661580,-21.2037341,-47.8103764
2190661583,-21.2045979,-47.8103282
2190661587,-21.2084293,-47.8123921
2190661592,-21.2086656,-47.8161978
2190661593,-21.2087057,-47.8154799
2190661594,-21.20874,-47.8147847
2191327417,-21.1903744,-47.801531
2191327420,-21.1905677,-47.8014674
2191477938,-21.1400197,-47.8440579
2191477939,-21.140077,-47.8433202
2191477940,-21.1403181,-47.8445576
2191477942,-21.1403755,-47.8438062
2191477944,-21.1406122,-47.8450665
2191477947,-21.1406277,-47.8443192
2191477949,-21.1409126,-47.8455637
2191477952,-21.1409552,-47.844828
2191477954,-21.140979,-47.842706
2191477956,-21.1412057,-47.8460761
2191477958,-21.1412451,-47.8453459
2191477960,-21.1414607,-47.8435232
2191477962,-21.1415736,-47.8437158
2191477964,-21.1415815,-47.8434344
2191477972,-21.14188,-47.8442276
2191477976,-21.142033,-47.8444898
2191477978,-21.1420077,-47.8441414
2191477980,-21.1420159,-47.8468074
2191477987,-21.1421092,-47.8466443
2191477991,-21.1423018,-47.8446538
2191478007,-21.1475523,-47.8436712
2191478011,-21.1488167,-47.8500717
2191478014,-21.1490435,-47.8485412
2191478017,-21.1497118,-47.8473026
2191478022,-21.1501353,-47.8475703
2191478028,-21.1505685,-47.8478257
2191478034,-21.150862,-47.8427903
2191478037,-21.1509942,-47.8480758
2191478040,-21.151075,-47.8458372
2191478046,-21.1512873,-47.8430473
2191478049,-21.1514434,-47.8483447
2191478052,-21.1514888,-47.8460923
2191478054,-21.1516929,-47.8433007
2191478057,-21.1519012,-47.8485042
2191478060,-21.151915,-47.846355
2191478067,-21.1522251,-47.8437105
2191478069,-21.1523403,-47.8466172
2191478074,-21.1524225,-47.8485677
2191478075,-21.1525838,-47.8441295
2191478079,-21.1527586,-47.8468751
2191478081,-21.1528395,-47.8446815
2191478097,-21.1531616,-47.846495
2191478104,-21.1680412,-47.8702333
2191478123,-21.1691668,-47.8698518
2191478125,-21.1692076,-47.86902
2191478126,-21.1692368,-47.8682445
2191478132,-21.1693379,-47.8706708
2191478170,-21.1706565,-47.8702958
2191478182,-21.1709078,-47.8696506
2191478196,-21.1711625,-47.8689967
2191478206,-21.1713845,-47.8677865
2191478209,-21.171378,-47.8715615
2191478224,-21.1715395,-47.8680287
2191478243,-21.1717156,-47.8669432
2191478253,-21.1718963,-47.8679512
2191478258,-21.1718969,-47.8622303
2191478261,-21.1719548,-47.8657979
2191478262,-21.1719574,-47.8710264
2191478283,-21.1722224,-47.8670574
2191478285,-21.1722022,-47.865548
2191478302,-21.1724935,-47.8704449
2191478307,-21.1725759,-47.8648947
2191478309,-21.1725733,-47.8664922
2191478311,-21.1726038,-47.860948
2191478313,-21.1726412,-47.8656788
2191478327,-21.1726829,-47.8642958
2191478351,-21.1728894,-47.8673382
2191478361,-21.1729958,-47.8624632
2191478363,-21.1729719,-47.8674311
2191478365,-21.1729719,-47.8685057
2191478368,-21.1729883,-47.8698965
2191478370,-21.1730442,-47.8601987
2191478373,-21.1732013,-47.8667463
2191478374,-21.1732061,-47.8602519
2191478375,-21.1732257,-47.8610898
2191478398,-21.1733389,-47.8660337
2191478401,-21.1733399,-47.8644215
2191478406,-21.1733927,-47.8595702
2191478410,-21.1735223,-47.8693106
2191478413,-21.1735312,-47.8597593
2191478421,-21.173578,-47.8677274
2191478427,-21.1737345,-47.862127
2191478431,-21.1738169,-47.8588697
2191478438,-21.1739269,-47.8608601
2191478441,-21.1739972,-47.8671001
2191478442,-21.174013,-47.8687821
2191478453,-21.1741792,-47.8637766
2191478455,-21.1741839,-47.8605391
2191478467,-21.1742374,-47.8593794
2191478470,-21.1742481,-47.8685367
2191478471,-21.1742674,-47.8581458
2191478474,-21.174287,-47.8602936
2191478487,-21.1745015,-47.861638
2191478488,-21.17452,-47.8607469
2191478489,-21.1745824,-47.8576033
2191478490,-21.174586,-47.8612975
2191478491,-21.1745922,-47.8609769
2191478496,-21.1747471,-47.8679927
2191478498,-21.1747633,-47.8614501
2191478500,-21.1747716,-47.8606939
2191478502,-21.1748106,-47.8588929
2191478504,-21.1748958,-47.8570279
2191478512,-21.174927,-47.8606012
2191478518,-21.1750069,-47.864435
2191478521,-21.1751253,-47.8662071
2191478525,-21.1751223,-47.8669646
2191478526,-21.1752156,-47.8611738
2191478527,-21.1752209,-47.8564776
2191478528,-21.1752377,-47.8606615
2191478529,-21.1752522,-47.8603278
2191478530,-21.1752725,-47.8585038
2191478531,-21.1753471,-47.8593782
2191478535,-21.1755373,-47.8558913
2191478536,-21.1757302,-47.8580881
2191478538,-21.1761687,-47.8577139
2191478539,-21.1766188,-47.8573297
2191478540,-21.1770552,-47.8578972
2191478541,-21.1774593,-47.8584226
2191478543,-21.1783817,-47.8597011
2191667359,-21.1704584,-47.8646699
2191667361,-21.1708873,-47.8639358
2191667364,-21.1710377,-47.8650292
2191667367,-21.1714522,-47.8653067
2191667368,-21.1715759,-47.8640684
2191667374,-21.1719677,-47.8641392
2191667376,-21.1720873,-47.8632857
2191667379,-21.1721945,-47.8627418
2191667380,-21.1722024,-47.8616927
2191667381,-21.1730903,-47.8618426
2191667389,-21.174023,-47.8662929
2191667390,-21.1739814,-47.8645454
2191667395,-21.1743663,-47.8645517
2191667399,-21.1744614,-47.8663593
2191667406,-21.1756915,-47.8599504
2191667407,-21.1759292,-47.8643515
2191667410,-21.1761449,-47.8605741
2191667411,-21.1761799,-47.8618374
2191667412,-21.176223,-47.8586187
2191667413,-21.1765357,-47.861112
2191667415,-21.1766172,-47.8591504
2191667421,-21.1770313,-47.8600175
2191667423,-21.1771273,-47.8598188
2191667432,-21.1867997,-47.8238715
2191667433,-21.187639,-47.8243185
2191667434,-21.1876355,-47.8181168
2191667435,-21.1882067,-47.8223705
2191667436,-21.1884782,-47.8234236
2191667438,-21.1886715,-47.8224819
2191667439,-21.1889013,-47.823515
2191667440,-21.1890723,-47.822715
2191667455,-21.1887643,-47.8219349
2191667457,-21.1901493,-47.8203283
2191667460,-21.190288,-47.824096
2191667462,-21.1904415,-47.8228816
2191667474,-21.1909838,-47.8272091
2191667476,-21.1910327,-47.8247465
2191667477,-21.1910751,-47.8270453
2191667478,-21.1910873,-47.8249088
2191667481,-21.1915825,-47.8247205
2191667482,-21.1915574,-47.8274003
2191667487,-21.1919127,-47.8266175
2191667490,-21.1925225,-47.8243574
2191667493,-21.1926928,-47.8233746
2191667498,-21.193355,-47.8240604
2191667499,-21.193462,-47.8242082
2191667505,-21.1949788,-47.7774468
2191667507,-21.1953507,-47.7780048
2191667514,-21.1957373,-47.778406
2191667517,-21.1966153,-47.7793877
2191667519,-21.1969482,-47.7800061
2191667520,-21.1971212,-47.7795878
2191667521,-21.1972971,-47.7796782
2191667522,-21.1972797,-47.7792034
2191667523,-21.1979565,-47.7795381
2191667524,-21.1979399,-47.7793069
2191667526,-21.1981457,-47.7796499
2191667528,-21.1991107,-47.7801415
2191667541,-21.2029143,-47.8442801
2191667542,-21.2029387,-47.845305
2191667544,-21.2029756,-47.8474067
2191667545,-21.2030149,-47.843178
2191667547,-21.2030581,-47.842942
2191667549,-21.203533,-47.8436105
2191667550,-21.2038045,-47.8464744
2191667552,-21.2040373,-47.8441062
2191667555,-21.2046104,-47.7828505
2191667556,-21.2055664,-47.784922
2191667557,-21.2057189,-47.7848228
2191667564,-21.207,-47.7824072
2191667565,-21.2070975,-47.7801757
2191667572,-21.2073474,-47.780836
2191667574,-21.2075663,-47.7783028
2191667577,-21.218365,-47.8149737
2191667580,-21.2192759,-47.8059494
2191667581,-21.2201008,-47.8060913
2191667582,-21.2201524,-47.8058733
2191924156,-21.1983179,-47.8002907
2191924158,-21.198554,-47.7998848
2191924160,-21.1986231,-47.8001404
2191924163,-21.2011359,-47.8044587
2191924166,-21.2017873,-47.805828
2191945307,-21.180272,-47.81596
2191945309,-21.1802697,-47.816256
2191945312,-21.1804661,-47.8164176
2191945313,-21.1810107,-47.816672
2191945314,-21.1811354,-47.8155037
2191945316,-21.180983,-47.8168268
2191945318,-21.1813191,-47.8164784
2191945319,-21.1814215,-47.8165582
2191945320,-21.1817955,-47.8160415
2191945321,-21.1823222,-47.8153152
2191945329,-21.183022,-47.8143358
2191945330,-21.1836225,-47.8135141
2191945331,-21.1841738,-47.8127467
2191945332,-21.1846927,-47.8120406
2191945333,-21.1852531,-47.8112459
2191945334,-21.1859027,-47.8103632
2191945336,-21.1870109,-47.808798
2191945337,-21.1875634,-47.808027
2191945338,-21.1881944,-47.8071635
2191945340,-21.188669,-47.8064906
2191945341,-21.1887587,-47.8063868
2191945342,-21.1892308,-47.8057044
2191945343,-21.18983,-47.8048966
2191945344,-21.190355,-47.8041482
2191945345,-21.1908957,-47.8034067
2191945346,-21.19125,-47.8029081
2191945347,-21.1916414,-47.8023778
2191945349,-21.1925385,-47.8011167
2191945350,-21.1986743,-47.803452
2191945351,-21.1999058,-47.803655
2192340317,-21.1684478,-47.7893993
2192340318,-21.1686671,-47.7887993
2192340319,-21.1699679,-47.7906559
2192340320,-21.1700193,-47.7899694
2192340322,-21.1996266,-47.8159227
2192340324,-21.1997461,-47.8157346
2192340325,-21.2001195,-47.8152272
2192340326,-21.2005158,-47.8146965
2192340329,-21.2010726,-47.8138874
2192340330,-21.2015216,-47.813281
2192340331,-21.201901,-47.8127266
2192340332,-21.2022925,-47.8121964
2192340333,-21.202713,-47.8116321
2192340334,-21.2031419,-47.8110673
2193076890,-21.169028,-47.827938
2193076892,-21.1696305,-47.8271583
2193076893,-21.1696973,-47.8285138
2193076894,-21.1702156,-47.8263819
2193076895,-21.1702909,-47.8277245
2193076896,-21.1708766,-47.8269539
2193281353,-21.1961483,-47.7985431
2193281354,-21.196519,-47.7978679
2193281355,-21.1966073,-47.7984057
2193281357,-21.2028117,-47.7936819
2193281359,-21.2028783,-47.7940236
2193281361,-21.2030823,-47.7940876
2193281362,-21.2040236,-47.7928334
2193281365,-21.2042649,-47.793259
2193281372,-21.2064608,-47.7916771
2193281376,-21.2085415,-47.789773
2193281378,-21.2126923,-47.7848424
2193281379,-21.2127961,-47.7849443
2193281380,-21.2138713,-47.7833189
2193281381,-21.2139825,-47.7834114
2193281382,-21.2147502,-47.7821951
2193281383,-21.2148515,-47.7822876
2193281385,-21.2157267,-47.7825992
2193281386,-21.2159067,-47.7844875
2193281387,-21.215895,-47.7825786
2193281388,-21.2160885,-47.7866012
2193281389,-21.2160672,-47.784473
2193281390,-21.2161757,-47.7873976
2193281391,-21.2162719,-47.7865779
2193281392,-21.2163467,-47.787378
2193281467,-21.2297469,-47.7796372
2193281468,-21.2298743,-47.7866879
2193281469,-21.2299703,-47.7864819
2193281475,-21.2308923,-47.7871784
2193281478,-21.2309798,-47.7805284
2193281484,-21.2313219,-47.7806788
2193281493,-21.2320665,-47.7872331
2193281501,-21.2322673,-47.781091
2193281502,-21.2322756,-47.7878182
2193281506,-21.2323659,-47.7876205
2193281512,-21.2336512,-47.7885295
2193281517,-21.2346513,-47.7889879
2193281523,-21.2347376,-47.7887655
2193398968,-21.184967,-47.7835611
2193398971,-21.1881155,-47.8072663
2193398972,-21.188826,-47.8078461
2193398973,-21.1894692,-47.8083743
2193398974,-21.1902139,-47.8089836
2193398975,-21.1908503,-47.8095053
2193398978,-21.1927896,-47.8110977
2193398979,-21.193558,-47.8117216
2193398980,-21.1943915,-47.8124128
2193398981,-21.1950493,-47.8129603
2193398982,-21.1957486,-47.8135278
2193398983,-21.1964462,-47.8140903
2193398984,-21.1971814,-47.8147134
2193398985,-21.1976002,-47.8150579
2193398987,-21.1987806,-47.8160217
2193399007,-21.2107705,-47.8000812
2193399008,-21.2107923,-47.7990816
2193687805,-21.209256,-47.7894575
2193687806,-21.2093572,-47.7881083
2193687808,-21.2094754,-47.7883222
2193687811,-21.209608,-47.7876212
2193687813,-21.2096741,-47.7872809
2193687820,-21.2096548,-47.7864011
2193687822,-21.2097549,-47.786833
2193687824,-21.2098604,-47.7875282
2193687825,-21.2100842,-47.7849972
2193687827,-21.2108762,-47.7804053
2193687828,-21.211015,-47.7762626
2193687829,-21.2110499,-47.7794773
2193687831,-21.2111175,-47.7790883
2193687835,-21.211285,-47.7781978
2193687839,-21.2114538,-47.7772617
2193687840,-21.2115005,-47.776379
2193687841,-21.2116163,-47.7763699
2193687845,-21.2118926,-47.7755498
2193687849,-21.2122582,-47.7757008
2193687853,-21.2124346,-47.7756282
2193687856,-21.212541,-47.7765015
2193687857,-21.2127154,-47.776439
2193687859,-21.2130327,-47.7778486
2193687860,-21.2131817,-47.7777886
2193687861,-21.2131905,-47.7878426
2193687875,-21.2145414,-47.7801821
2193687876,-21.2146502,-47.7800426
2193687895,-21.2165058,-47.7799031
2193687896,-21.2165983,-47.7800005
2193687897,-21.217386,-47.7787687
2193687898,-21.2174808,-47.778855
2193687899,-21.2186491,-47.7771295
2193687900,-21.2187512,-47.777223
2193687901,-21.2195657,-47.7759298
2193687902,-21.2196667,-47.7760268
2196548921,-21.1996132,-47.8167069
2196548924,-21.1996957,-47.816591
2196548927,-21.1997592,-47.816839
2196548929,-21.2006658,-47.8175687
2196548931,-21.2007452,-47.8174605
2196548932,-21.2007801,-47.8176706
2196548933,-21.2009146,-47.8177833
2196548934,-21.2009946,-47.8176736
2196548936,-21.2011784,-47.8168593
2196548937,-21.2014581,-47.8182281
2196548938,-21.2019537,-47.8174853
2196548941,-21.2024544,-47.8190156
2196548944,-21.2029491,-47.8183221
2196548945,-21.2034476,-47.8198739
2196548946,-21.2047242,-47.820917
2196548947,-21.2052503,-47.8213572
2196548949,-21.2058066,-47.821811
2196548953,-21.2063403,-47.8222502
2196548956,-21.2068472,-47.822677
2196548958,-21.2070732,-47.794761
2196548959,-21.207814,-47.7958742
2196548960,-21.2078621,-47.794384
2196548962,-21.208071,-47.8235897
2196548966,-21.208128,-47.795018
2196548976,-21.2083714,-47.7955981
2196548981,-21.2087722,-47.7939501
2196548991,-21.2104691,-47.8012428
2196548993,-21.2109139,-47.8024357
2196549005,-21.2128486,-47.8277367
2196549010,-21.2132976,-47.8279417
2196549014,-21.2133988,-47.8277986
2196549026,-21.2172383,-47.793756
2196549031,-21.2178852,-47.7939776
2196889039,-21.1958019,-47.821176
2196889040,-21.1960595,-47.8206006
2196889042,-21.1961554,-47.8206841
2196889043,-21.1963537,-47.8204101
2196889045,-21.1970428,-47.819496
2196889046,-21.1971276,-47.8190911
2196889048,-21.1972549,-47.8191865
2196889049,-21.1972421,-47.8189321
2196889050,-21.197373,-47.8190313
2196889052,-21.1975764,-47.8187474
2196889053,-21.1980738,-47.8180385
2196889055,-21.1989683,-47.8167955
2202710474,-21.1742394,-47.8179771
2202710489,-21.1750389,-47.8187273
2202710494,-21.1775126,-47.8218117
2202710495,-21.1891268,-47.8130108
2202710498,-21.1896657,-47.8122502
2202710511,-21.1938913,-47.7980391
2202710514,-21.1943769,-47.7978818
2202710528,-21.1947739,-47.7981472
2202710532,-21.1952723,-47.7966868
2202710533,-21.1956984,-47.7987712
2202710538,-21.1979788,-47.7978869
2202710539,-21.1986515,-47.7975087
2202710541,-21.1994117,-47.800772
2202710542,-21.1995123,-47.7969528
2202710543,-21.1995254,-47.8007068
2202710544,-21.1998093,-47.8016049
2202710545,-21.1999356,-47.8015418
2202710548,-21.2007088,-47.8003745
2202710549,-21.2008724,-47.7959405
2202710550,-21.201223,-47.8026927
2202710551,-21.2014076,-47.8010568
2202710552,-21.2015652,-47.7953617
2202710553,-21.2018686,-47.8015394
2202710554,-21.2019036,-47.8023331
2202710555,-21.2021719,-47.7973795
2202710556,-21.2022542,-47.7948531
2202710557,-21.2025438,-47.8019851
2202710559,-21.2027601,-47.8079148
2202710560,-21.2028478,-47.7980674
2202710561,-21.2028626,-47.8078611
2202710562,-21.2030661,-47.7943484
2202710565,-21.203135,-47.8016754
2202710566,-21.2031584,-47.8068224
2202710568,-21.2035014,-47.8075795
2202710570,-21.2039357,-47.7991792
2202710576,-21.2174162,-47.781447
2203388191,-21.2288854,-47.8376723
2203388195,-21.2289531,-47.8381086
2203388208,-21.2291917,-47.8377669
2203388215,-21.2293743,-47.83599
2203388217,-21.2293745,-47.8390791
2203388221,-21.2295259,-47.8393664
2203388223,-21.2295332,-47.8356199
2203388225,-21.2296207,-47.8391057
2203388227,-21.2296645,-47.8357386
2203388243,-21.2299954,-47.8402573
2203388245,-21.2301011,-47.8347944
2203388248,-21.230176,-47.8348416
2203388249,-21.230176,-47.8405881
2203388256,-21.2303127,-47.8402285
2203388263,-21.2306101,-47.8364248
2203388278,-21.2309334,-47.8375982
2203388293,-21.2312222,-47.8388518
2203388300,-21.2313405,-47.8334219
2203388307,-21.2314268,-47.8338053
2203388320,-21.231571,-47.8336391
2203388321,-21.231612,-47.8401391
2203388333,-21.2317579,-47.8327402
2203388341,-21.2318387,-47.8345685
2203388343,-21.2318451,-47.8327836
2203388344,-21.2318762,-47.8323927
2203388349,-21.2319385,-47.8332047
2203388350,-21.2319448,-47.8330152
2203388355,-21.2319995,-47.8347174
2203388357,-21.2320071,-47.8323927
2203388360,-21.2320297,-47.8345061
2203388364,-21.2320974,-47.8331278
2203388371,-21.232343,-47.8352088
2203388373,-21.2324047,-47.8353837
2203388379,-21.2325447,-47.8352371
2203388384,-21.2326579,-47.833261
2203388411,-21.233211,-47.8383122
2203388412,-21.233256,-47.8384839
2203388416,-21.2333973,-47.8340542
2203388417,-21.2333892,-47.8383543
2203388424,-21.2335523,-47.839601
2203388429,-21.2336418,-47.8332069
2203388433,-21.2336954,-47.8370663
2203388444,-21.2338667,-47.8331953
2203388445,-21.2339059,-47.8349158
2203388450,-21.2339017,-47.837008
2203388452,-21.2339479,-47.8335887
2203388454,-21.2339617,-47.8381754
2203388470,-21.2341248,-47.8404567
2203388473,-21.2341446,-47.835835
2203388476,-21.2341803,-47.8380884
2203388489,-21.2343801,-47.8368931
2203388509,-21.2346248,-47.8379843
2203388522,-21.2348911,-47.8410213
2203388523,-21.234903,-47.8391464
2203388526,-21.2349698,-47.839243
2203388532,-21.2351172,-47.8409289
2203388533,-21.2351086,-47.8411379
2203388538,-21.2352919,-47.838924
2203388542,-21.2353426,-47.8390327
2203388553,-21.2357572,-47.8402435
2203388578,-21.236715,-47.8414243
2203388585,-21.2369411,-47.841433
2203388588,-21.2376799,-47.8415423
2203727544,-21.1901776,-47.7975339
2203727545,-21.1931641,-47.7981412
2203727546,-21.1932225,-47.7979044
2203727547,-21.209261,-47.7851308
2203727551,-21.2093563,-47.7847152
2204696277,-21.2005961,-47.8062862
2205924438,-21.1992419,-47.8230231
2205924441,-21.1992778,-47.8232541
2205924449,-21.2009646,-47.8229813
2205924450,-21.2013136,-47.8219347
2205924451,-21.2013272,-47.8216949
2205924454,-21.2019539,-47.8237013
2205924459,-21.2021626,-47.8234961
2205924461,-21.2024229,-47.824658
2205924462,-21.2025124,-47.8242749
2205924464,-21.2026072,-47.8246007
2205924465,-21.2026883,-47.8248899
2205924466,-21.202855,-47.825472
2205924468,-21.2030249,-47.826052
2205924474,-21.2033271,-47.8266501
2205924480,-21.203625,-47.8267671
2205924481,-21.2037035,-47.8267682
2205924486,-21.2040686,-47.8274577
2205924491,-21.2042457,-47.8271347
2205924514,-21.2056179,-47.828625
2205924516,-21.2056481,-47.8287712
2205924532,-21.2058173,-47.8287587
2205924534,-21.2058202,-47.8285652
2205924553,-21.2100752,-47.7997207
2205924555,-21.213305,-47.8145142
2205924655,-21.2222357,-47.7888363
2205924657,-21.2223427,-47.789027
2205924680,-21.2241451,-47.8013162
2205924684,-21.2242588,-47.8019545
2205924686,-21.22435,-47.8015005
2205924689,-21.2244223,-47.8019266
2205924691,-21.2244698,-47.802207
2205924698,-21.2247433,-47.8016477
2205924712,-21.2253227,-47.8058124
2205924714,-21.225487,-47.806193
2205924718,-21.2258624,-47.8376678
2205924722,-21.2260925,-47.8371995
2205924726,-21.2268422,-47.8359498
2205924731,-21.2275122,-47.8326263
2205924732,-21.2277937,-47.8348547
2205924735,-21.2278717,-47.834571
2210755009,-21.2323427,-47.8180249
2222779005,-21.1495682,-47.7588765
2222779011,-21.2237556,-47.8248946
2222779014,-21.2238041,-47.8249754
2222779019,-21.2249958,-47.7884405
2222779022,-21.2250855,-47.7883371
2222779024,-21.2252653,-47.7887218
2222779025,-21.2253788,-47.788603
2222779029,-21.2254649,-47.7892396
2222779033,-21.2255251,-47.7890189
2222779034,-21.2255721,-47.7893359
2222779038,-21.2257498,-47.7892781
2222779047,-21.2267891,-47.7909523
2222779056,-21.22829,-47.8124924
2222779062,-21.2284187,-47.8121802
2222779065,-21.2287225,-47.8126118
2230189256,-21.2243516,-47.791092
2230191231,-21.2248205,-47.790402
2230191235,-21.2247154,-47.7903168
2230193421,-21.2252374,-47.7895823
2230193423,-21.2253422,-47.7896674
2232449032,-21.1710794,-47.7998556
2232449042,-21.1716243,-47.7984685
2232449045,-21.172078,-47.7975419
2232449047,-21.1723177,-47.7972451
2232449050,-21.1727287,-47.7968002
2232449052,-21.1730508,-47.7965036
2232449054,-21.1735662,-47.7956671
2232449055,-21.1736693,-47.79575
2232449059,-21.1740924,-47.7952098
2232449060,-21.1763076,-47.7917866
2232449061,-21.1772215,-47.7925555
2232449063,-21.1781225,-47.7933376
2232449064,-21.1788058,-47.799384
2232449065,-21.1790455,-47.7994572
2232449066,-21.1790569,-47.7995916
2232449067,-21.179313,-47.7998392
2232449069,-21.1794913,-47.7997862
2232449070,-21.1799266,-47.8001299
2232449071,-21.1800017,-47.8004659
2232449074,-21.1802633,-47.8003918
2232449075,-21.1803395,-47.800654
2232449078,-21.1805921,-47.8008887
2232449079,-21.1806902,-47.8007526
2232449080,-21.1808726,-47.8005138
2232449081,-21.1812149,-47.8014509
2232449083,-21.1813224,-47.8013034
2232449084,-21.1814497,-47.8015976
2232449085,-21.1815055,-47.8015111
2232449086,-21.1819202,-47.8020048
2232449087,-21.1826255,-47.8026032
2232449088,-21.1832084,-47.8049847
2232449089,-21.1833477,-47.8032245
2232449091,-21.1839105,-47.8055826
2232449092,-21.1840668,-47.8038217
2232449093,-21.1847642,-47.8044217
2232449094,-21.185467,-47.8050267
2232449095,-21.1861833,-47.8056267
2232449096,-21.1867842,-47.7899539
2232449098,-21.1868643,-47.7896724
2232449099,-21.1868977,-47.8062232
2232449100,-21.1868664,-47.7900484
2232449103,-21.1870704,-47.789606
2232449104,-21.1871805,-47.7899929
2232449106,-21.1872397,-47.7898528
2232449109,-21.1876066,-47.8068191
2232449110,-21.1880106,-47.8071751
2232449111,-21.1883302,-47.7980806
2232471650,-21.2260335,-47.8109539
2232471658,-21.2260819,-47.8111656
2232471661,-21.2261036,-47.8112444
2232471676,-21.2261822,-47.8111772
2232471679,-21.2263091,-47.8130637
2232471692,-21.2264849,-47.8130205
2232471703,-21.2265237,-47.8129251
2232471713,-21.2265758,-47.8130074
2232471722,-21.2268408,-47.8110422
2232471723,-21.2272361,-47.8060294
2232471726,-21.2272862,-47.8128514
2232471743,-21.2280368,-47.8125492
2232471746,-21.2280004,-47.8126929
2232471758,-21.2281083,-47.8125739
2232471761,-21.2281197,-47.8126707
2232471780,-21.2283321,-47.8125827
2232471784,-21.2303871,-47.8107203
2232471798,-21.2308441,-47.8111384
2232471813,-21.231248,-47.812005
2232471824,-21.23162,-47.8132213
2232471840,-21.2318347,-47.7873778
2232471859,-21.2322684,-47.8140423
2232471876,-21.2323946,-47.8123389
2232471879,-21.232439,-47.8124589
2232471891,-21.2327389,-47.8121202
2232471895,-21.2328563,-47.8149352
2232471899,-21.2329272,-47.8131688
2232471905,-21.2330401,-47.8133847
2232471946,-21.2334515,-47.8158133
2232471950,-21.2334794,-47.8146124
2232471962,-21.2338361,-47.8154952
2232471968,-21.2340996,-47.8167484
2232471990,-21.2347441,-47.8160822
2234661398,-21.2069278,-47.7543883
2235006428,-21.1990341,-47.7972646
2235006429,-21.1990504,-47.797109
2235006430,-21.2012165,-47.7954932
2235006432,-21.201258,-47.7956075
2235006433,-21.2023968,-47.7947547
2235006434,-21.2024197,-47.7945931
2235006435,-21.2063143,-47.8084817
2235006436,-21.2064137,-47.8086799
2235006437,-21.2076026,-47.8078041
2235006439,-21.2088838,-47.8071221
2235006443,-21.2129092,-47.8063854
2236261785,-21.2298406,-47.8142947
2236261792,-21.230164,-47.8138254
2236261836,-21.2316098,-47.8159502
2236261838,-21.2317739,-47.8161909
2236261840,-21.2322494,-47.8154466
2236261843,-21.232415,-47.8156962
2236261920,-21.2424423,-47.8189489
2236261932,-21.2448777,-47.8233976
2236261969,-21.247903,-47.8224431
2236261982,-21.2490847,-47.8221627
2236261987,-21.2494597,-47.8232811
2236261990,-21.2495634,-47.8237921
2236261995,-21.2498984,-47.8224751
2236261999,-21.2500301,-47.8225102
2236262005,-21.2503929,-47.8238221
2236262009,-21.2504596,-47.8233929
2236262011,-21.2505103,-47.8230174
2236262014,-21.2505472,-47.8227443
2236262038,-21.2514788,-47.8237505
2236262045,-21.2515893,-47.8236319
2236262047,-21.2516772,-47.8239687
2236262069,-21.2521295,-47.8248727
2238142627,-21.16929,-47.8112868
2238142639,-21.1709787,-47.8134436
2238142643,-21.1716664,-47.8125603
2238142672,-21.1784517,-47.8178167
2247629065,-21.1699871,-47.7918605
2247629066,-21.1707793,-47.8075361
2247629067,-21.1712355,-47.8079386
2247629076,-21.1757607,-47.7967903
2247629079,-21.1760558,-47.7971068
2247629080,-21.1765488,-47.7975507
2247629081,-21.177483,-47.798301
2247629082,-21.1784425,-47.7990908
2249170012,-21.229374,-47.7931404
2263006294,-21.1792353,-47.8007084
2263006296,-21.1793182,-47.8009631
2263006309,-21.1814777,-47.8000599
2263006310,-21.1815556,-47.8003348
2265416644,-21.1853621,-47.800528
2265416646,-21.1860647,-47.8011159
2265416648,-21.1873241,-47.8012347
2265934883,-21.1879889,-47.7874753
2265934888,-21.1884656,-47.7887267
2265934890,-21.1887709,-47.7903584
2265934896,-21.1888779,-47.7913954
2265934898,-21.1894732,-47.7930836
2265934903,-21.1896499,-47.793097
2265934904,-21.1897676,-47.7936024
2265934908,-21.1898919,-47.7935354
2265934909,-21.1910416,-47.7959266
2265934910,-21.1911867,-47.7958716
2265934912,-21.1918901,-47.7975309
2265934916,-21.19208,-47.7975238
2265934918,-21.2140193,-47.7949254
2265934926,-21.2156221,-47.8053521
2265934927,-21.2156579,-47.8051323
2265934928,-21.2168751,-47.8053382
2265934932,-21.2172479,-47.8056209
2265934933,-21.2172864,-47.8054076
2265934934,-21.2178543,-47.8057152
2265934938,-21.2184737,-47.8058123
2265934950,-21.219015,-47.7888282
2265934951,-21.2189845,-47.8011845
2265934953,-21.2193246,-47.8031228
2265934954,-21.2193564,-47.8039752
2265934955,-21.2193826,-47.8046667
2265934963,-21.2195481,-47.8031125
2265934965,-21.2195816,-47.8041171
2265934966,-21.219587,-47.7901503
2265934973,-21.2199673,-47.7893519
2265934977,-21.2201394,-47.7897154
2265934979,-21.2218127,-47.8064071
2265934984,-21.2219453,-47.7876225
2265934985,-21.2219032,-47.8061969
2265934996,-21.2221914,-47.7882777
2265935000,-21.2223351,-47.7881215
2265935001,-21.2231799,-47.7869928
2265935006,-21.2232964,-47.7872248
2266311110,-21.1719298,-47.824011
2266311112,-21.1724096,-47.8225932
2266311114,-21.1724479,-47.8233146
2266311116,-21.1726416,-47.8246431
2266311118,-21.1729736,-47.8210056
2266311121,-21.1730351,-47.8217571
2266311123,-21.1731638,-47.823934
2266311124,-21.1734921,-47.8203212
2266311127,-21.173742,-47.8216476
2266311129,-21.1737571,-47.8223873
2266311131,-21.1738294,-47.8238309
2266311133,-21.174016,-47.819597
2266311135,-21.174236,-47.8209793
2266311137,-21.1744851,-47.823009
2266311139,-21.1745593,-47.8244588
2266402972,-21.1854396,-47.8024873
2266402974,-21.1859773,-47.801684
2266402976,-21.1864231,-47.7988435
2266402980,-21.1865288,-47.7989414
2266402982,-21.1872778,-47.8003335
2266402983,-21.1878399,-47.799559
2266402985,-21.1896893,-47.8010999
2266402989,-21.1897737,-47.8012763
2266402994,-21.1897969,-47.80111
2267909881,-21.2447474,-47.8142039
2267909889,-21.244816,-47.8082032
2267909912,-21.250148,-47.8137854
2267909918,-21.2504545,-47.8137033
2267909919,-21.2504909,-47.8140548
2271271933,-21.1776979,-47.8680423
2271271934,-21.1778608,-47.8671568
2271271935,-21.1780338,-47.866216
2271271936,-21.1783566,-47.8644612
2271271937,-21.1783841,-47.8691138
2271271940,-21.1785068,-47.8636443
2271271941,-21.178533,-47.8681995
2271271946,-21.1786708,-47.8673539
2271271947,-21.1786773,-47.8608285
2271271951,-21.1788515,-47.8664137
2271271952,-21.1788535,-47.8623168
2271271959,-21.1791927,-47.864639
2271271962,-21.1793529,-47.8638054
2271271963,-21.1793714,-47.8683705
2271271966,-21.1795111,-47.8675252
2271271967,-21.1795157,-47.8628767
2271271972,-21.1797015,-47.8665735
2271271980,-21.1799136,-47.8616924
2271271983,-21.1800498,-47.8694243
2271271984,-21.1800518,-47.8627434
2271271985,-21.180132,-47.8645112
2271271987,-21.1802051,-47.8685338
2271271989,-21.1803442,-47.8676949
2271271993,-21.1804867,-47.8655353
2271271994,-21.180528,-47.8667377
2271271998,-21.1806353,-47.8630462
2271271999,-21.1806855,-47.8663407
2271272009,-21.1809892,-47.8621402
2271272011,-21.1811873,-47.8637111
2271272019,-21.1814296,-47.8657901
2271272020,-21.1816015,-47.868401
2271272022,-21.1816988,-47.8671825
2271272023,-21.1817958,-47.8630819
2271272025,-21.1819889,-47.8692173
2271272027,-21.1820751,-47.864973
2271272028,-21.1821684,-47.8664311
2271272032,-21.1822723,-47.8698432
2271272033,-21.1823848,-47.8676841
2271272035,-21.182606,-47.8656697
2271272036,-21.1826666,-47.8642639
2271272038,-21.1828637,-47.8669217
2271272039,-21.183084,-47.8681463
2271272040,-21.1831211,-47.8648338
2271272041,-21.1833336,-47.8661793
2271272042,-21.1835666,-47.8674177
2271272043,-21.1837931,-47.8653951
2273791479,-21.1948053,-47.7987067
2273791481,-21.1958962,-47.7990045
2274580547,-21.201426,-47.8050435
2274580548,-21.201531,-47.8049871
2274580549,-21.2023275,-47.8070202
2274580550,-21.2024431,-47.8069472
2274580551,-21.2024913,-47.8073797
2274580552,-21.2026226,-47.8073079
2274580560,-21.2082114,-47.8010825
2274580565,-21.2084858,-47.8012964
2280101590,-21.1801051,-47.8160256
2281447970,-21.2186795,-47.8139397
2283452211,-21.1422743,-47.8036886
2283452215,-21.1452345,-47.8044164
2283452222,-21.1459029,-47.8038024
2283452252,-21.1525587,-47.780005
2283452282,-21.1585844,-47.7712992
2283452283,-21.1586261,-47.7709506
2283452289,-21.1587646,-47.7710246
2283452293,-21.1596312,-47.7694931
2283452301,-21.1624251,-47.7861326
2283452309,-21.1633817,-47.7895083
2283452310,-21.1637275,-47.7842366
2283452313,-21.1640382,-47.7894248
2283452316,-21.1642935,-47.7899269
2283452323,-21.1667122,-47.7890218
2283452324,-21.1668825,-47.7888214
2283452334,-21.1686902,-47.8006752
2283452340,-21.1690721,-47.8010311
2283452345,-21.1695173,-47.7865067
2283452346,-21.1694743,-47.7800005
2283452349,-21.1697904,-47.8016794
2283452355,-21.1702176,-47.8008605
2283452363,-21.1707796,-47.7888058
2285086757,-21.1865901,-47.7987664
2285086761,-21.18795,-47.797913
2285086762,-21.1885083,-47.7980265
2285086840,-21.1928446,-47.7978435
2285086842,-21.1929257,-47.79753
2285086857,-21.1946607,-47.7973321
2299770809,-21.1916581,-47.8053667
2299770811,-21.1917444,-47.8054257
2300097092,-21.1623086,-47.8313256
2300097093,-21.1624263,-47.8327297
2300097094,-21.1624605,-47.8142361
2300097095,-21.1626768,-47.8308381
2300097096,-21.1627319,-47.8309777
2300097098,-21.1628228,-47.8347349
2300097100,-21.1628882,-47.8321691
2300097103,-21.1629543,-47.8345928
2300097104,-21.1630322,-47.8319939
2300097107,-21.1634179,-47.8314309
2300097109,-21.1639122,-47.8308031
2300097110,-21.163964,-47.8309935
2300097111,-21.16437,-47.8167974
2300097116,-21.164518,-47.821974
2300097118,-21.1646286,-47.830169
2300097121,-21.1647308,-47.816468
2300097122,-21.1647801,-47.8166383
2300097124,-21.1648313,-47.816892
2300097127,-21.1650715,-47.8164869
2300097133,-21.1652692,-47.8167969
2300097137,-21.165435,-47.8250423
2300097143,-21.1659004,-47.8269933
2300097144,-21.166076,-47.8268584
2300097145,-21.1661359,-47.8241487
2300097148,-21.1765621,-47.820184
2300097149,-21.1771056,-47.8208896
2300097150,-21.1774792,-47.8204664
2300097151,-21.178486,-47.8174516
2300097154,-21.1850322,-47.7382768
2300097157,-21.1861014,-47.7413453
2300097160,-21.1869297,-47.7435839
2300097161,-21.1865794,-47.7425276
2300097162,-21.1874435,-47.7450536
2300097174,-21.1879939,-47.7570221
2300097206,-21.1892185,-47.7476724
2300097211,-21.1901826,-47.7492549
2300097283,-21.1917914,-47.778098
2300097330,-21.1932336,-47.7494748
2300097331,-21.1934368,-47.7495331
2300097335,-21.1987027,-47.7793462
2300097345,-21.1988537,-47.7777981
2300141592,-21.2236697,-47.835157
2309697670,-21.2033603,-47.7998149
2311965301,-21.2098985,-47.7992963
2311965311,-21.2115731,-47.8021398
2311965332,-21.2122907,-47.8038556
2311965346,-21.212931,-47.803406
2311965356,-21.213016,-47.8033332
2311965364,-21.2131515,-47.8034209
2311965450,-21.214808,-47.8000094
2311965452,-21.2149078,-47.799744
2311965475,-21.2150186,-47.8014866
2311965483,-21.2152604,-47.8018047
2311965484,-21.2152619,-47.8015323
2311965487,-21.2153181,-47.8017998
2311965492,-21.2153902,-47.8016296
2318916703,-21.1951252,-47.8159504
2318916704,-21.1955575,-47.8209867
2318916706,-21.1956607,-47.8211694
2319131807,-21.123755,-47.7859184
2319131808,-21.1240267,-47.7841316
2319131809,-21.1240495,-47.7852067
2319131811,-21.1258891,-47.7850354
2319131814,-21.1262304,-47.7848734
2319131816,-21.1268932,-47.78549
2319131819,-21.1274015,-47.7843484
2319131820,-21.1277453,-47.7859034
2319131825,-21.1281438,-47.7850049
2319131828,-21.1283036,-47.7863662
2319131831,-21.1283565,-47.7867797
2319131837,-21.1285289,-47.7865821
2319131838,-21.1286079,-47.7878432
2319131851,-21.1289986,-47.7854231
2319131877,-21.130704,-47.7933376
2319131885,-21.1314173,-47.7941313
2319131891,-21.1322337,-47.7946492
2319131893,-21.1330776,-47.7950993
2319131898,-21.1346741,-47.7959304
2319131902,-21.13675,-47.7969908
2319131906,-21.1371003,-47.7971435
2319131910,-21.1372262,-47.7977315
2319131914,-21.1374896,-47.7971409
2319131916,-21.1375577,-47.7984964
2319131933,-21.1385424,-47.7981548
2319131944,-21.1399282,-47.7984354
2319131946,-21.1401928,-47.7985349
2319131948,-21.1403608,-47.7987681
2319131950,-21.1404073,-47.7986098
2319131951,-21.140875,-47.7987637
2319131961,-21.1420031,-47.7993481
2319131963,-21.1420343,-47.7990502
2319131977,-21.1435796,-47.7995222
2319131979,-21.1445969,-47.7993851
2319131989,-21.145626,-47.7993936
2319131993,-21.1458407,-47.7994759
2319132015,-21.1482194,-47.8011638
2319132017,-21.1483824,-47.8018915
2319132030,-21.1486318,-47.8026911
2319132035,-21.1492937,-47.8032206
2319132038,-21.1501903,-47.8038255
2319132040,-21.1510909,-47.8042964
2319132041,-21.1519099,-47.8047009
2319132042,-21.1527378,-47.8050592
2319132043,-21.1534297,-47.8091903
2319132045,-21.1537409,-47.8054865
2319132046,-21.1546992,-47.805895
2319132047,-21.1551111,-47.8068979
2319132049,-21.1556254,-47.8062598
2319132050,-21.1565001,-47.8065817
2319132051,-21.1572989,-47.8068831
2319132055,-21.1584719,-47.8072837
2319132056,-21.158726,-47.8077564
2319132058,-21.1588425,-47.8075875
2319132066,-21.1643614,-47.8122712
2319132076,-21.1827976,-47.8182467
2319132078,-21.1831286,-47.8182897
2319132079,-21.1832772,-47.818331
2319132081,-21.1846046,-47.8190038
2319132084,-21.1886667,-47.8198129
2321157063,-21.1980313,-47.7980009
2321157213,-21.211502,-47.8020133
2321157308,-21.2120658,-47.807425
2321157310,-21.2120858,-47.8083581
2321157314,-21.2122147,-47.8083546
2321544802,-21.1624621,-47.8228671
2324539754,-21.1496115,-47.8485343
2324539755,-21.1792144,-47.8692649
2326300157,-21.1761352,-47.8020769
2326300162,-21.1765437,-47.7999158
2326300164,-21.1773224,-47.8005938
2326300171,-21.1786333,-47.8163357
2326300178,-21.1788762,-47.8166446
2326564219,-21.1206818,-47.7853502
2326564223,-21.1212993,-47.7861507
2326564224,-21.1213695,-47.7790716
2326564235,-21.1215663,-47.7823735
2326564238,-21.1216514,-47.7813907
2326564242,-21.1218509,-47.7791154
2326564245,-21.121881,-47.7786655
2326564246,-21.1219136,-47.7870864
2326564248,-21.1219934,-47.7775855
2326564252,-21.12222,-47.7886868
2326564254,-21.1223224,-47.7881808
2326564255,-21.1223365,-47.7791543
2326564256,-21.1221433,-47.7857055
2326564260,-21.122516,-47.7824672
2326564262,-21.1225988,-47.7814852
2326564263,-21.1226483,-47.7873411
2326564264,-21.1226523,-47.7866814
2326564265,-21.1227834,-47.7870071
2326564268,-21.122745,-47.7797759
2326564272,-21.1228143,-47.7791303
2326564273,-21.1228252,-47.7873263
2326564274,-21.1229089,-47.7780499
2326564275,-21.1229221,-47.7871119
2326564278,-21.1230841,-47.7815363
2326564279,-21.1231837,-47.786577
2326564282,-21.1232197,-47.7798254
2326564284,-21.1232673,-47.7793541
2326564285,-21.1233575,-47.7782749
2326564286,-21.1236315,-47.785956
2326564289,-21.1249971,-47.7863213
2326564295,-21.159701,-47.8094915
2326564296,-21.1599207,-47.8102114
2326564297,-21.1601589,-47.8098891
2326564298,-21.1601909,-47.8118948
2326564299,-21.1611273,-47.8107167
2326564302,-21.1667753,-47.8095657
2326564303,-21.1670992,-47.8097306
2327802145,-21.1577225,-47.8150732
2327802146,-21.1586735,-47.815883
2327802147,-21.1593103,-47.8161239
2327802148,-21.159382,-47.8149492
2327802150,-21.1597241,-47.8143938
2327802154,-21.1599506,-47.8131823
2327802162,-21.1605197,-47.8114812
2327802163,-21.1606116,-47.8133371
2327802164,-21.1608029,-47.8111248
2327802167,-21.1609122,-47.8105447
2327802170,-21.1609706,-47.8129721
2327802171,-21.1610638,-47.8130659
2327802172,-21.1612874,-47.8150395
2327802173,-21.1611736,-47.8127339
2327802176,-21.1612706,-47.8128153
2327802180,-21.161339,-47.8127282
2327802183,-21.1614875,-47.812323
2327802188,-21.1616957,-47.812056
2327802189,-21.1617643,-47.8119596
2327802190,-21.1617913,-47.8121519
2327802192,-21.1620408,-47.811834
2327802193,-21.1620779,-47.811564
2327802199,-21.1624615,-47.8113819
2327802232,-21.1648114,-47.8050306
2327802234,-21.1648579,-47.8135467
2327802238,-21.1651755,-47.8053348
2327802239,-21.1652547,-47.8133849
2327802240,-21.165408,-47.8042424
2327802244,-21.1657645,-47.8045513
2327817554,-21.101243,-47.7645126
2327817596,-21.1032564,-47.7666764
2327817600,-21.1032744,-47.7662013
2327817603,-21.1033569,-47.76603
2328422507,-21.1590106,-47.803145
2328422508,-21.1668296,-47.8136136
2328422510,-21.1741556,-47.8185553
2329875413,-21.1941465,-47.8084435
2332326708,-21.1453547,-47.770409
2332326714,-21.1456117,-47.770504
2332326715,-21.1456441,-47.7694648
2332326716,-21.1456677,-47.7703478
2332326723,-21.1458667,-47.7697747
2332326728,-21.1459321,-47.769594
2332326739,-21.1466451,-47.7673759
2332326742,-21.1466826,-47.7672578
2332326745,-21.1467501,-47.7661823
2332326747,-21.1473985,-47.7707534
2332326749,-21.1474485,-47.7706128
2332326751,-21.1482445,-47.7710891
2332326753,-21.1482962,-47.7709349
2332326769,-21.1487936,-47.7713403
2334066937,-21.1902658,-47.7977488
2337083797,-21.1655447,-47.8141849
2337107689,-21.1718551,-47.7990715
2337107701,-21.1719502,-47.7985578
2337107723,-21.1722199,-47.7938284
2337107729,-21.1722431,-47.7937103
2337107751,-21.1725378,-47.7990192
2337107776,-21.1727569,-47.7943742
2337107780,-21.1728684,-47.7942112
2337107795,-21.1730419,-47.7982326
2337107827,-21.1735472,-47.7978736
2337107850,-21.174451,-47.7946691
2337107901,-21.1752017,-47.7953513
2337107915,-21.1756006,-47.7964617
2338359764,-21.2071616,-47.7898409
2343869098,-21.1433308,-47.7770623
2343869115,-21.1433862,-47.7775067
2345000849,-21.1826742,-47.7257178
2345000850,-21.183053,-47.7860858
2345000853,-21.1832069,-47.7859255
2345000855,-21.1831657,-47.7171893
2345000856,-21.1833622,-47.7857054
2345000858,-21.1835161,-47.7859331
2345000860,-21.1835624,-47.7112375
2345000861,-21.1836499,-47.7095063
2345000863,-21.1845627,-47.7257487
2345000864,-21.1849392,-47.7859384
2345000865,-21.1850953,-47.7172961
2345000866,-21.1853109,-47.7894042
2345000867,-21.1853681,-47.7887387
2345000873,-21.185456,-47.7113935
2345000878,-21.1855478,-47.7893124
2345000885,-21.1858137,-47.7056973
2345000893,-21.1863746,-47.7845632
2345000895,-21.1863875,-47.7842248
2345000901,-21.1865106,-47.7247238
2345000903,-21.1869574,-47.7174689
2345000905,-21.1873381,-47.7115319
2345000908,-21.1891918,-47.7116521
2345000914,-21.1935021,-47.7268061
2345000916,-21.1937973,-47.726916
2345000920,-21.206601,-47.7300891
2345137928,-21.1909979,-47.8208111
2345137929,-21.1914626,-47.8202393
2345618464,-21.1989274,-47.7903704
2345618468,-21.1991912,-47.7897652
2345618470,-21.1992803,-47.7895861
2346524670,-21.2024831,-47.7825443
2346524671,-21.2026628,-47.7826384
2351809056,-21.1462341,-47.8053582
2351809057,-21.1470151,-47.8063245
2351809060,-21.14739,-47.8058228
2351809061,-21.1473984,-47.804815
2351809062,-21.1478502,-47.8051957
2351809063,-21.1479711,-47.8040298
2351809065,-21.148342,-47.8055747
2351809066,-21.1484273,-47.8044092
2351809067,-21.1487649,-47.8057944
2351809068,-21.1489092,-47.8047851
2351809070,-21.1493378,-47.8049999
2351809071,-21.1497726,-47.8052216
2351809072,-21.1499643,-47.804131
2351809073,-21.1501738,-47.8055592
2351809074,-21.1503383,-47.8044451
2351809075,-21.1507364,-47.8047795
2351809077,-21.1514381,-47.8053602
2351809079,-21.1518244,-47.8063154
2351809080,-21.151856,-47.8057114
2351809081,-21.1521106,-47.8059254
2351809082,-21.1521341,-47.8076868
2351809083,-21.1523286,-47.8050595
2351809084,-21.1523523,-47.8073869
2351809085,-21.1523686,-47.8055738
2351809086,-21.1526374,-47.8069948
2351809087,-21.1529236,-47.8066013
2351809088,-21.1531158,-47.8080341
2351809089,-21.153303,-47.8060796
2351809090,-21.1533492,-47.8060161
2351809091,-21.1535461,-47.8071307
2351809092,-21.1538545,-47.8065249
2351809094,-21.1544579,-47.8077897
2351809095,-21.1545348,-47.8089897
2351809096,-21.1550252,-47.8081523
2351809097,-21.1552202,-47.8078185
2351820840,-21.1655571,-47.8532843
2351820848,-21.1666792,-47.856704
2351820859,-21.1676033,-47.8535381
2351820860,-21.1676398,-47.8551192
2351820862,-21.1678148,-47.8540645
2351820897,-21.1703312,-47.8516559
2351820901,-21.170477,-47.8514945
2354213337,-21.1085592,-47.8093244
2354213345,-21.108864,-47.8091213
2354213349,-21.1090611,-47.810407
2354213357,-21.1092871,-47.8146826
2354213359,-21.1094364,-47.8101519
2354213361,-21.1095883,-47.8149156
2354213383,-21.1163904,-47.8037564
2354213402,-21.1186882,-47.8038551
2354213410,-21.1199236,-47.8020589
2354213412,-21.1203786,-47.8021106
2354213431,-21.1276912,-47.8036272
2354213438,-21.127751,-47.8028442
2354213440,-21.1279847,-47.799133
2354213453,-21.1301944,-47.8038521
2354213457,-21.1314325,-47.7993077
2354213459,-21.132323,-47.797355
2354213461,-21.1329778,-47.7959409
2354213475,-21.1443694,-47.8062603
2354213477,-21.1449404,-47.8055474
2354213481,-21.1450538,-47.8068599
2354213487,-21.1456305,-47.8047116
2354213488,-21.1456084,-47.8061287
2354213490,-21.1455989,-47.8072981
2354213493,-21.1457604,-47.807398
2354213498,-21.1462836,-47.8067216
2354213502,-21.1465204,-47.8235184
2354213506,-21.1465495,-47.8078298
2354213508,-21.1467913,-47.806043
2354213511,-21.1469555,-47.8073116
2354213514,-21.1471404,-47.8240781
2354213517,-21.1473369,-47.8082687
2354213520,-21.1473753,-47.8067776
2354213523,-21.14762,-47.8078955
2354213526,-21.1476716,-47.8088254
2354213529,-21.1479501,-47.8074905
2354213547,-21.1497951,-47.8110619
2354213551,-21.1502212,-47.811431
2354213559,-21.151439,-47.8099709
2354213561,-21.1517062,-47.8102097
2354213567,-21.1523085,-47.8107521
2354213569,-21.152357,-47.8106693
2354213577,-21.1529147,-47.8098692
2354213583,-21.1535037,-47.8116772
2354213591,-21.1549626,-47.8143395
2354213594,-21.1549547,-47.8110647
2354213595,-21.1551141,-47.8104991
2354213597,-21.1551601,-47.8103409
2354213603,-21.1566728,-47.8123033
2354213607,-21.1567165,-47.8129216
2354213609,-21.1567223,-47.8116564
2354213612,-21.156865,-47.8110543
2354213614,-21.1568989,-47.8109112
2354213622,-21.1580205,-47.8125677
2354213630,-21.1582839,-47.8116001
2354213652,-21.1585173,-47.8126637
2354213658,-21.1588074,-47.8122658
2354213666,-21.1597136,-47.8146068
2354213667,-21.1598216,-47.8142372
2356480110,-21.1810682,-47.8141632
2358149668,-21.1176608,-47.7768159
2358149672,-21.1181127,-47.7741633
2358149673,-21.1181707,-47.7746212
2358149676,-21.1183003,-47.7779434
2358149678,-21.1183669,-47.7747133
2358149679,-21.118469,-47.7742269
2358149681,-21.1185591,-47.7745722
2358149684,-21.1185687,-47.7744813
2358149702,-21.1192218,-47.7762233
2358149705,-21.119235,-47.7754233
2358149721,-21.1197734,-47.7765385
2358149723,-21.1197623,-47.7780144
2358149728,-21.1200503,-47.7765868
2358149730,-21.1203108,-47.7767244
2358149732,-21.1202151,-47.7755212
2358149734,-21.120566,-47.7768585
2358149735,-21.1209949,-47.7759067
2358149736,-21.1211122,-47.7748699
2358149737,-21.1213896,-47.775011
2358149738,-21.1216521,-47.7739444
2358149739,-21.1216005,-47.7745152
2358149740,-21.1216404,-47.7734017
2358149744,-21.1220116,-47.774219
2358149745,-21.1220445,-47.7720802
2358149746,-21.1220629,-47.7764405
2358149749,-21.122213,-47.7754236
2358149750,-21.1222651,-47.7700051
2358149752,-21.1223534,-47.7728733
2358149753,-21.1228357,-47.7728562
2358149754,-21.1225304,-47.7701357
2358149755,-21.1225663,-47.7723448
2358149756,-21.1226074,-47.7745316
2358149757,-21.1228748,-47.7725013
2358149758,-21.1229292,-47.7692347
2358149759,-21.1229627,-47.7714436
2358149760,-21.1230476,-47.7758518
2358149761,-21.1233309,-47.7682932
2358149762,-21.1233567,-47.7760208
2358149763,-21.123362,-47.7705451
2358149765,-21.1234512,-47.7749538
2358149766,-21.1237573,-47.7696515
2358149767,-21.1237704,-47.7718558
2358149768,-21.1238331,-47.7718127
2358149769,-21.1241672,-47.768737
2358149770,-21.1241917,-47.7709532
2358149771,-21.1242743,-47.7753633
2358149772,-21.1245443,-47.7678379
2358149773,-21.1245822,-47.7677475
2358149774,-21.1245896,-47.7700533
2358149775,-21.1246857,-47.7711962
2358149776,-21.124703,-47.7755871
2358149777,-21.1249956,-47.7691523
2358149778,-21.1253241,-47.7707261
2358149779,-21.125388,-47.7682551
2358149780,-21.1254253,-47.7704569
2358149781,-21.1257393,-47.7674522
2358149782,-21.125816,-47.7695636
2358149784,-21.1262131,-47.7686684
2358149785,-21.1264853,-47.7698992
2358149786,-21.1265274,-47.771006
2358149787,-21.1266072,-47.7677705
2358149788,-21.1267253,-47.7697077
2358149790,-21.1270423,-47.7690782
2358149791,-21.1270731,-47.7712685
2358149792,-21.1273877,-47.7692489
2358149793,-21.127442,-47.7681811
2358149795,-21.1279279,-47.7716881
2358149796,-21.1282905,-47.7686041
2358149798,-21.1287278,-47.7720852
2358149800,-21.1287505,-47.7742984
2358149803,-21.1295694,-47.7725025
2358149806,-21.1303213,-47.7507998
2358149807,-21.1304179,-47.7729176
2358149808,-21.1307853,-47.750962
2358149810,-21.1319012,-47.7514838
2358149824,-21.134319,-47.7535558
2358149828,-21.1345994,-47.7543705
2358149844,-21.1359312,-47.7637251
2358149849,-21.1363281,-47.7589457
2358149857,-21.1362206,-47.7631861
2358149896,-21.1373144,-47.7622315
2358149924,-21.1374254,-47.761565
2358149941,-21.1379418,-47.763302
2358149961,-21.1384514,-47.7620153
2358149977,-21.1398805,-47.761589
2358149979,-21.1409924,-47.761253
2358149994,-21.1484,-47.7578458
2358150000,-21.1497091,-47.7571378
2359696410,-21.1295235,-47.7529072
2359696413,-21.1295995,-47.752729
2359696416,-21.129622,-47.7515522
2359696423,-21.1302187,-47.7513269
2359696429,-21.1303964,-47.7517842
2359696436,-21.130534,-47.7520685
2359696470,-21.1380841,-47.7628073
2359696472,-21.1451893,-47.7554011
2359696474,-21.1454247,-47.7553361
2359696478,-21.145959,-47.7552425
2359696480,-21.1461764,-47.7561127
2359696484,-21.1464002,-47.755167
2359696486,-21.1465829,-47.7559974
2359696488,-21.1465149,-47.7590493
2359696492,-21.1468453,-47.7571896
2359696494,-21.1469073,-47.7551774
2359696496,-21.1467483,-47.7587954
2359696500,-21.1473275,-47.7570644
2359696502,-21.1475012,-47.7553285
2359696508,-21.147745,-47.7590069
2359696510,-21.1478006,-47.7569415
2359696512,-21.1480184,-47.7553701
2359696516,-21.1479923,-47.7577952
2359696518,-21.1482724,-47.756819
2359696520,-21.148453,-47.7553023
2359696524,-21.14875,-47.756695
2359696527,-21.1489456,-47.7552476
2359696529,-21.1491376,-47.7562029
2359696542,-21.1494621,-47.7552313
2359696548,-21.1495323,-47.7564918
2359696550,-21.149784,-47.7564473
2359696560,-21.1497515,-47.7572573
2359696584,-21.1499694,-47.7564479
2359696595,-21.1501947,-47.7553268
2359696599,-21.1504781,-47.7583519
2359696600,-21.1506139,-47.7572654
2359696624,-21.1524057,-47.7572542
2359696626,-21.1531162,-47.7572844
2359696645,-21.1589282,-47.7559778
2359696647,-21.1613828,-47.7558312
2359696658,-21.1628074,-47.7560772
2359696662,-21.1657498,-47.7562787
2359696664,-21.1663524,-47.7561569
2359696681,-21.1675192,-47.7559092
2359696685,-21.1678111,-47.7538449
2359696738,-21.1691996,-47.755158
2359696747,-21.1718432,-47.7566015
2361167802,-21.1199257,-47.7400629
2361167805,-21.123356,-47.7359927
2361167806,-21.123361,-47.736163
2361167808,-21.1235121,-47.7339456
2361167810,-21.1239696,-47.7387203
2361167815,-21.1240578,-47.7384782
2361167818,-21.1241443,-47.7387877
2361167823,-21.1242403,-47.7385837
2361167825,-21.125644,-47.7434217
2361167826,-21.1287935,-47.7499885
2361167827,-21.1289731,-47.7494549
2361167828,-21.1291292,-47.7346127
2361167835,-21.1296076,-47.7366592
2361167839,-21.1295971,-47.7441108
2361167844,-21.1297129,-47.7364375
2361167848,-21.1298137,-47.7367699
2361167854,-21.1299174,-47.7365502
2361167856,-21.1299148,-47.7470863
2361167857,-21.1300799,-47.7492414
2361167858,-21.1302688,-47.7498302
2361167861,-21.1303512,-47.7469252
2361167862,-21.1305204,-47.7490788
2361167871,-21.1307097,-47.7467928
2361167875,-21.1307554,-47.7445798
2361167880,-21.130811,-47.7465698
2361167887,-21.1309149,-47.7469034
2361167892,-21.1309865,-47.7489104
2361167893,-21.1310233,-47.7466897
2361167902,-21.1312013,-47.7447741
2361167906,-21.1313165,-47.7465842
2361167913,-21.1315134,-47.7487265
2361167923,-21.1316422,-47.7449619
2361167927,-21.1317825,-47.746414
2361167930,-21.1319713,-47.7487037
2361167931,-21.1320904,-47.7451528
2361167932,-21.1324176,-47.7356552
2361167933,-21.1324776,-47.7486936
2361167934,-21.1336164,-47.7457403
2361167935,-21.1341366,-47.745662
2361167936,-21.1345057,-47.7486498
2362615754,-21.119213,-47.7381664
2362615755,-21.1203485,-47.7422047
2362615756,-21.1205312,-47.7421215
2362615757,-21.1212086,-47.7374734
2362615758,-21.1234767,-47.7366604
2362615759,-21.1247048,-47.7406384
2362615760,-21.1263576,-47.7340589
2362615761,-21.1265109,-47.735567
2362615762,-21.1265632,-47.7360813
2362615763,-21.1266176,-47.7366163
2362615764,-21.1266716,-47.7371478
2362615765,-21.1267273,-47.7376955
2362615766,-21.1267841,-47.7382374
2362615767,-21.1268399,-47.7387688
2362615768,-21.1268968,-47.7393111
2362615769,-21.1269526,-47.7398304
2362615770,-21.128316,-47.7371259
2362615771,-21.1284817,-47.737648
2362615773,-21.1285863,-47.7345377
2362615774,-21.1286095,-47.734812
2362615775,-21.1286351,-47.7381316
2362615776,-21.1287656,-47.7352947
2362615777,-21.1287822,-47.7369587
2362615778,-21.1287907,-47.7386217
2362615779,-21.1289259,-47.7357906
2362615780,-21.1289468,-47.7391136
2362615781,-21.1290864,-47.7362866
2362615784,-21.1292495,-47.7367912
2362615785,-21.1292594,-47.7384584
2362615794,-21.1296817,-47.7547609
2362615795,-21.1296454,-47.7545736
2362615796,-21.1296921,-47.7346744
2362615798,-21.1296894,-47.7398101
2362615801,-21.1297263,-47.7382915
2362615802,-21.1297645,-47.7550682
2362615803,-21.1298007,-47.7441939
2362615815,-21.1301507,-47.7396502
2362615819,-21.1302287,-47.7381103
2362615820,-21.1302026,-47.7424662
2362615821,-21.1302025,-47.7543712
2362615822,-21.13024,-47.7364379
2362615823,-21.1302539,-47.7443789
2362615825,-21.1303801,-47.7548285
2362615826,-21.1304375,-47.7424127
2362615827,-21.1305437,-47.7553009
2362615828,-21.1306641,-47.7394702
2362615829,-21.1306663,-47.7362846
2362615830,-21.1307951,-47.7351195
2362615831,-21.1307974,-47.7559057
2362615832,-21.1310047,-47.7422742
2362615833,-21.1311444,-47.7392998
2362615834,-21.1311216,-47.736121
2362615835,-21.131292,-47.7431287
2362615836,-21.1312662,-47.7349497
2362615837,-21.1314559,-47.7420062
2362615838,-21.1314859,-47.7421577
2362615839,-21.1315659,-47.739145
2362615840,-21.1315887,-47.7359531
2362615841,-21.1317399,-47.7347682
2362615844,-21.1319625,-47.7418908
2362615845,-21.1320274,-47.7389726
2362615850,-21.1321737,-47.7434918
2362615851,-21.1322165,-47.7357298
2362615852,-21.1322367,-47.7462482
2362615854,-21.1323989,-47.7417933
2362615856,-21.1324255,-47.7419561
2362615859,-21.1324883,-47.7388059
2362615863,-21.1326388,-47.7436846
2362615864,-21.1326983,-47.7460796
2362615866,-21.1327866,-47.7447046
2362615869,-21.1328867,-47.7416779
2362615870,-21.1329207,-47.7418499
2362615874,-21.132997,-47.7386346
2362615875,-21.132985,-47.7486835
2362615876,-21.1330956,-47.7438712
2362615877,-21.1331563,-47.7459124
2362615883,-21.1333617,-47.7415757
2362615885,-21.1333937,-47.7417508
2362615887,-21.1334586,-47.7384818
2362615890,-21.1335274,-47.7486742
2362615891,-21.1335474,-47.7440622
2362615892,-21.1337313,-47.7382913
2362615896,-21.1338802,-47.7414604
2362615898,-21.1338691,-47.7416445
2362615900,-21.1338856,-47.7381761
2362615904,-21.1339953,-47.748352
2362615906,-21.1340315,-47.7402923
2362615907,-21.1339984,-47.7486633
2362615910,-21.1340322,-47.7442202
2362615914,-21.1342767,-47.7456728
2362615915,-21.134358,-47.7413504
2362615917,-21.1343805,-47.7415261
2362615920,-21.1344075,-47.7442621
2362615922,-21.1344919,-47.7401125
2362615928,-21.134667,-47.741463
2362615929,-21.1346812,-47.7418197
2362615930,-21.1346848,-47.741277
2362615936,-21.1347625,-47.7455917
2362615941,-21.1349288,-47.7443196
2362615942,-21.134963,-47.7412179
2362615953,-21.1352003,-47.7415999
2362615957,-21.1353662,-47.7405739
2362615961,-21.1355319,-47.7408779
2362615962,-21.1355476,-47.7406047
2362615966,-21.1358266,-47.7407777
2365230458,-21.1974413,-47.8096776
2365230460,-21.1978827,-47.8101984
2365230462,-21.1995563,-47.8136022
2365230463,-21.2005327,-47.8144028
2365230464,-21.2012138,-47.8134573
2365230465,-21.201328,-47.8135489
2365233732,-21.1892312,-47.8200543
2365233733,-21.1937713,-47.8209714
2365233738,-21.1947029,-47.8217388
2365233752,-21.2030166,-47.8235657
2365233773,-21.2038367,-47.826541
2365233775,-21.2039799,-47.8260777
2365233780,-21.2040505,-47.8254431
2365233782,-21.2041085,-47.822997
2365233784,-21.2041203,-47.8248483
2365233786,-21.2041698,-47.823604
2365233790,-21.2041883,-47.8242349
2365233792,-21.2042126,-47.8254617
2365233794,-21.2053311,-47.8164184
2365233796,-21.2063811,-47.8155492
2366215334,-21.2342952,-47.7654408
2366215336,-21.2344301,-47.7655832
2366215364,-21.2362836,-47.7664913
2366215372,-21.2366615,-47.765832
2366215471,-21.2389941,-47.7683591
2367935592,-21.1807942,-47.7256959
2367935593,-21.1809374,-47.7229641
2367935594,-21.181115,-47.720008
2367935595,-21.1813068,-47.7170472
2367935596,-21.1814857,-47.7140736
2367935597,-21.1815506,-47.7131016
2367935598,-21.182795,-47.7230829
2367935599,-21.1829916,-47.7201338
2367935600,-21.1833721,-47.7141981
2367935601,-21.1847202,-47.7232494
2367935602,-21.1849087,-47.7202575
2367935603,-21.185268,-47.714356
2367935604,-21.1865688,-47.7234013
2367935605,-21.186768,-47.7204065
2367935606,-21.1871456,-47.7144815
2367935607,-21.1884124,-47.7248636
2367935608,-21.1886681,-47.720528
2367935609,-21.188841,-47.7175973
2367935610,-21.1890348,-47.7145915
2367935614,-21.1923097,-47.720806
2367935615,-21.1906645,-47.7177096
2367935620,-21.1940314,-47.7366431
2367935621,-21.194045,-47.7333199
2367935623,-21.1943551,-47.736901
2367935634,-21.1954633,-47.7738788
2367935636,-21.1955761,-47.7333645
2367935648,-21.1965796,-47.7717448
2367935649,-21.1965795,-47.7332121
2367935651,-21.196771,-47.7717063
2367935655,-21.1992278,-47.7282688
2367935656,-21.2060834,-47.7226466
2367935658,-21.2061316,-47.7222685
2367935660,-21.2061309,-47.7228391
2367935665,-21.2063672,-47.7221263
2367935666,-21.2063651,-47.7233407
2367935668,-21.2063985,-47.722882
2367935671,-21.2065745,-47.7223846
2367935672,-21.2065604,-47.7226869
2367935682,-21.2074431,-47.7227216
2367935688,-21.207604,-47.7229582
2367935697,-21.2076086,-47.7233996
2367935700,-21.2077481,-47.7221763
2367935705,-21.2079384,-47.7215666
2367935706,-21.2079199,-47.722819
2367935714,-21.2079505,-47.7223693
2370686368,-21.1707038,-47.812048
2370686453,-21.212086,-47.7745531
2370686520,-21.2951173,-47.9085016
2382884000,-21.2450224,-47.8312734
2382884001,-21.2452528,-47.8314919
2382901265,-21.1461279,-47.7884872
2382901266,-21.1462661,-47.788555
2382901271,-21.1471165,-47.7889763
2382901272,-21.1472354,-47.7868597
2382901273,-21.1475048,-47.788079
2382901274,-21.147889,-47.787183
2382901277,-21.1482169,-47.7865666
2382901279,-21.1485763,-47.7858914
2382901280,-21.1486446,-47.7859504
2382901281,-21.1493467,-47.784915
2382901282,-21.1494736,-47.7850009
2382901284,-21.1501554,-47.7839886
2382901285,-21.1507084,-47.7829507
2382901286,-21.1508106,-47.7830261
2382901291,-21.1556598,-47.7836315
2382901292,-21.1556689,-47.7834273
2382901294,-21.155896,-47.7838198
2382901295,-21.1559517,-47.7836499
2382901298,-21.1573221,-47.7847311
2382901301,-21.1613901,-47.788393
2382901302,-21.1615173,-47.7882413
2382901306,-21.1636271,-47.7900567
2382901307,-21.1637101,-47.789923
2382901308,-21.1637094,-47.7897582
2387951594,-21.0803855,-47.8033569
2387951596,-21.0806192,-47.8034544
2387951634,-21.0827402,-47.8009544
2387951668,-21.0830727,-47.8006662
2387951686,-21.0831697,-47.8011975
2387951725,-21.0833997,-47.8015373
2387951740,-21.0834347,-47.8017568
2387951744,-21.0834424,-47.802051
2387951763,-21.0836032,-47.8016551
2387951773,-21.0837222,-47.8016797
2387951788,-21.0837987,-47.8017388
2387951796,-21.0838514,-47.8019243
2387951807,-21.0839049,-47.8017118
2387951920,-21.0851816,-47.8007601
2387951980,-21.0857893,-47.8003583
2387951988,-21.0858905,-47.7995981
2387951991,-21.0859044,-47.7993487
2387952002,-21.0863812,-47.7992593
2387952008,-21.0865208,-47.7995833
2387952024,-21.0867319,-47.7998584
2387952039,-21.0896769,-47.7966508
2387952042,-21.0897441,-47.7925268
2387952149,-21.0945076,-47.7964522
2387952180,-21.0957809,-47.7922566
2387952182,-21.0974043,-47.7983787
2387952184,-21.0976445,-47.7976116
2387952186,-21.0979468,-47.7977039
2387952200,-21.0989747,-47.7995287
2387952207,-21.0992114,-47.799205
2387952236,-21.1006347,-47.8015337
2387952238,-21.1006761,-47.8011516
2387952250,-21.1007512,-47.8011036
2387952258,-21.1009858,-47.8011272
2387952260,-21.1010031,-47.8015933
2387952269,-21.1011026,-47.8013011
2387952286,-21.1012272,-47.8011177
2387952299,-21.1014454,-47.8009692
2387952307,-21.1015312,-47.8007112
2387952317,-21.1016361,-47.800448
2387952319,-21.10163,-47.800891
2387952335,-21.101828,-47.8009432
2387952339,-21.1019122,-47.800911
2387952347,-21.1020376,-47.8007222
2387952350,-21.1031581,-47.8039192
2387952354,-21.1051487,-47.8097847
2387952512,-21.1373182,-47.8099691
2387952517,-21.1377328,-47.8184264
2387952520,-21.1377532,-47.8103396
2387952522,-21.1380873,-47.8187382
2387952525,-21.1381003,-47.8106352
2387952528,-21.138756,-47.8193312
2387952529,-21.1394078,-47.8199131
2387952534,-21.1439759,-47.8205807
2387952536,-21.1446339,-47.8197869
2387952538,-21.1467667,-47.8227791
2387952540,-21.1471182,-47.8159532
2387952541,-21.1472752,-47.8221447
2387952542,-21.1477871,-47.816552
2387952543,-21.1490769,-47.8188411
2387952544,-21.1497747,-47.8194697
2387952601,-21.1529867,-47.8204815
2387952603,-21.1533056,-47.7990026
2387952605,-21.1535183,-47.8195754
2387952608,-21.1536146,-47.8196608
2387952609,-21.1537725,-47.8211821
2387952611,-21.1538892,-47.7982603
2387952613,-21.1539276,-47.8199384
2387952615,-21.1543848,-47.8203616
2387952617,-21.1548743,-47.8207836
2387952619,-21.1550354,-47.8195434
2387952637,-21.1596158,-47.7966144
2387952641,-21.1599125,-47.7980524
2387952642,-21.1599971,-47.7972058
2387952643,-21.1600372,-47.8040021
2387952651,-21.1603358,-47.7975062
2387952657,-21.1605576,-47.796486
2387952658,-21.1606333,-47.7986908
2387952660,-21.1606364,-47.7963847
2387952662,-21.1607184,-47.7978364
2387952667,-21.1610472,-47.7981394
2387952669,-21.1612904,-47.7971232
2387952673,-21.1619576,-47.7977033
2387952674,-21.1620666,-47.8020528
2387952696,-21.1641732,-47.8350478
2387952698,-21.165336,-47.8319226
2387952700,-21.1660962,-47.7990742
2387952703,-21.16636,-47.7987416
2387952704,-21.1665699,-47.8078518
2387952707,-21.1669914,-47.8015804
2387952709,-21.1672113,-47.8077407
2387952713,-21.1673668,-47.8001042
2387952715,-21.1673792,-47.8019141
2387952717,-21.1674373,-47.8014495
2387952719,-21.167465,-47.8086549
2387952721,-21.1676102,-47.8016048
2387952723,-21.1677836,-47.8082351
2387952725,-21.1679871,-47.800076
2387952727,-21.1682414,-47.8008107
2387952728,-21.1683313,-47.8003694
2387952737,-21.1692671,-47.8313387
2387952740,-21.1699942,-47.8319761
2387952742,-21.1707066,-47.8325763
2387952747,-21.1728081,-47.7867785
2387952749,-21.1733762,-47.7860368
2387952753,-21.1739602,-47.7852949
2387952756,-21.1745168,-47.7845802
2387952758,-21.1750661,-47.783935
2387952760,-21.1754985,-47.7833791
2387952766,-21.1772584,-47.7894978
2387952770,-21.1778206,-47.7887249
2387952776,-21.1808732,-47.8233754
2387952778,-21.1813541,-47.8236263
2387952780,-21.1818714,-47.8324852
2387952785,-21.1829802,-47.7828184
2387952787,-21.1842122,-47.7795656
2387952789,-21.1857285,-47.7823476
2387952791,-21.1859444,-47.7753319
2387952793,-21.1862509,-47.7749513
2387952795,-21.1880965,-47.8267664
2387952797,-21.1884992,-47.8258916
2387952799,-21.19173,-47.827034
2387952812,-21.192205,-47.82729
2387952975,-21.2564589,-47.7929759
2387952986,-21.2567234,-47.7923113
2387952990,-21.2567776,-47.7922171
2387953002,-21.2569162,-47.7926071
2387953004,-21.2570178,-47.7917922
2387953015,-21.257043,-47.792191
2387953019,-21.2570948,-47.7922441
2387953030,-21.2572014,-47.7913127
2387953034,-21.2573063,-47.7908422
2387953040,-21.2573347,-47.7907219
2387953054,-21.2571606,-47.7916716
2387953058,-21.2574689,-47.791054
2387953069,-21.257507,-47.7910595
2387953071,-21.2576151,-47.7900493
2387953094,-21.2576584,-47.7906706
2387953102,-21.2577247,-47.7908218
2387953160,-21.2585763,-47.7879651
2387953168,-21.2596846,-47.7926283
2387953170,-21.2596302,-47.7927524
2387978481,-21.1972226,-47.8162048
2389074717,-21.1554264,-47.8280241
2389075892,-21.154506,-47.8291989
2389075893,-21.1536246,-47.8283938
2389081062,-21.1545799,-47.8291029
2389878793,-21.2139065,-47.8226951
2389878794,-21.2139256,-47.8219562
2389878796,-21.2142501,-47.8209197
2389878797,-21.2134452,-47.8219393
2390246935,-21.1454138,-47.8318591
2390246943,-21.1538841,-47.8542682
2390246946,-21.1540596,-47.8524208
2390246947,-21.153998,-47.8416088
2390246948,-21.1544126,-47.8416605
2390246949,-21.1542765,-47.8525481
2390246952,-21.1545657,-47.8374866
2390246953,-21.1546841,-47.852785
2390246954,-21.1547012,-47.8409617
2390246955,-21.1547195,-47.8451121
2390246958,-21.154864,-47.837109
2390246959,-21.1548694,-47.8391748
2390246960,-21.1548566,-47.8509553
2390246963,-21.1549551,-47.8380709
2390246964,-21.1549454,-47.8447027
2390246968,-21.155068,-47.8510768
2390246969,-21.1551374,-47.8378171
2390246970,-21.1551836,-47.8442214
2390246975,-21.1552899,-47.8389564
2390246976,-21.1553101,-47.8383207
2390246977,-21.1552979,-47.844291
2390246978,-21.155341,-47.8414651
2390246979,-21.1554022,-47.8388693
2390246981,-21.1554431,-47.841682
2390246982,-21.1554338,-47.8374026
2390246986,-21.1555217,-47.8372967
2390246994,-21.155898,-47.8378826
2390246995,-21.1558852,-47.8491876
2390246996,-21.1559395,-47.8203505
2390246998,-21.1560462,-47.8395579
2390247002,-21.1562048,-47.8396342
2390247003,-21.1562668,-47.8377799
2390247009,-21.1565006,-47.8374992
2390247010,-21.1565298,-47.8400423
2390247012,-21.1565753,-47.8469544
2390247013,-21.1566093,-47.8373582
2390247014,-21.1566429,-47.8490104
2390247015,-21.1566008,-47.8398949
2390247018,-21.1566981,-47.8386813
2390247019,-21.1567108,-47.84493
2390247024,-21.1569332,-47.8201631
2390247026,-21.1569878,-47.8368512
2390247027,-21.1570461,-47.8200127
2390247032,-21.1571888,-47.847032
2390247036,-21.1573359,-47.8363847
2390247038,-21.1574416,-47.8399207
2390247040,-21.1575911,-47.8472918
2390247041,-21.1575854,-47.8389992
2390247042,-21.1575985,-47.8377988
2390247045,-21.1576885,-47.8359143
2390247047,-21.1578077,-47.8473542
2390247048,-21.1577862,-47.8375508
2390247049,-21.1577653,-47.8379568
2390247050,-21.1578112,-47.8412141
2390247053,-21.1578387,-47.8209798
2390247057,-21.1583444,-47.8542176
2390247058,-21.1580663,-47.8353968
2390247060,-21.158118,-47.8394712
2390247061,-21.1581664,-47.8467052
2390247063,-21.1581506,-47.8205746
2390247064,-21.1582209,-47.8469691
2390247065,-21.1589524,-47.8551739
2390247066,-21.1582322,-47.8406607
2390247068,-21.1583449,-47.842613
2390247071,-21.1586052,-47.8475098
2390247072,-21.1586192,-47.8210049
2390247073,-21.1586838,-47.8473717
2390247076,-21.1590625,-47.8204247
2390247077,-21.1590792,-47.8214201
2390247079,-21.1591021,-47.841416
2390247080,-21.1591596,-47.851927
2390247082,-21.1591698,-47.8424026
2390247084,-21.1593858,-47.8511764
2390247085,-21.1594294,-47.8406545
2390247091,-21.1600796,-47.8412412
2390247097,-21.1602667,-47.8424612
2390247098,-21.1598634,-47.854834
2390247101,-21.1603522,-47.8421871
2390247106,-21.1605153,-47.8414293
2390247107,-21.1605771,-47.8423581
2390247109,-21.1606073,-47.8493288
2390247110,-21.1606394,-47.8489918
2390247112,-21.1607934,-47.848701
2390247113,-21.1608838,-47.8491743
2390247117,-21.1610823,-47.8489714
2390965192,-21.233159,-47.8309553
2390965214,-21.2337851,-47.8307781
2390965222,-21.2339367,-47.8332744
2390965224,-21.234001,-47.8327733
2390965230,-21.2340829,-47.8329974
2390965232,-21.2340961,-47.8326402
2390965233,-21.2341511,-47.8330826
2390965236,-21.2342451,-47.8326748
2390965246,-21.2344063,-47.8305552
2390965247,-21.2343908,-47.8332302
2390965250,-21.2344053,-47.8322592
2390965254,-21.2345136,-47.8338906
2390965257,-21.2345137,-47.8331279
2390965262,-21.2347023,-47.8345692
2390965268,-21.2349198,-47.8352371
2390965280,-21.2352368,-47.8362659
2390965281,-21.23514,-47.8329792
2390965283,-21.2352698,-47.8364656
2390965286,-21.2353201,-47.8336589
2390965287,-21.2354891,-47.8343402
2390965289,-21.235674,-47.8350055
2390965290,-21.2358633,-47.8356885
2390965293,-21.2408557,-47.8347685
2390965296,-21.2392549,-47.8415363
2390965297,-21.2392932,-47.8413248
2390965299,-21.2402362,-47.8413579
2390965301,-21.2408687,-47.8411798
2390965302,-21.2420412,-47.8402287
2390965303,-21.2430687,-47.8391526
2390965304,-21.2438612,-47.8382894
2390965305,-21.2447524,-47.8373802
2390965306,-21.2505236,-47.8302697
2390965311,-21.2510401,-47.8304404
2390965312,-21.2509951,-47.8296466
2390965318,-21.2512977,-47.8300666
2390965328,-21.2523641,-47.8313951
2390965330,-21.2526158,-47.8312556
2390965331,-21.2536657,-47.834684
2390965332,-21.253819,-47.8345276
2394549300,-21.1831697,-47.8175717
2395289898,-21.1800246,-47.8191373
2395289899,-21.1802882,-47.8186956
2395289900,-21.1811195,-47.8191199
2395289901,-21.1811733,-47.8183783
2395289903,-21.1821801,-47.8189027
2395289905,-21.1827001,-47.8197388
2395289906,-21.1827652,-47.8188671
2395289907,-21.1828882,-47.8167994
2395289909,-21.1830758,-47.8172989
2395289922,-21.183445,-47.8190306
2395290033,-21.1878416,-47.8200729
2395290034,-21.1878965,-47.8211695
2395784305,-21.0877406,-47.7987072
2395784311,-21.0879248,-47.7990001
2395784313,-21.0894878,-47.7974525
2395784319,-21.0896637,-47.7977514
2395784338,-21.0906979,-47.8035013
2395784342,-21.0907716,-47.7994272
2395784346,-21.0909004,-47.8038302
2395784347,-21.0912919,-47.8044657
2395784355,-21.0918108,-47.800999
2395784394,-21.0925807,-47.8021885
2395784410,-21.0927861,-47.8025213
2395784412,-21.093164,-47.803151
2395784417,-21.0931805,-47.8017735
2395784420,-21.0933584,-47.8021134
2395784427,-21.093507,-47.7846105
2395784429,-21.093561,-47.803795
2395784439,-21.0941423,-47.7964597
2395784442,-21.0941508,-47.7968266
2395784444,-21.0941849,-47.8011717
2395784445,-21.0941853,-47.7982388
2395784446,-21.0941934,-47.798566
2395784447,-21.0942263,-47.7999127
2395784451,-21.0945163,-47.7968189
2395784452,-21.0945502,-47.7982832
2395784453,-21.0945906,-47.8000267
2395784456,-21.0946565,-47.8011899
2395784458,-21.0948235,-47.8019893
2395784460,-21.0951852,-47.8021634
2395784461,-21.0954975,-47.8007295
2395784466,-21.0959281,-47.8001113
2395784467,-21.0963118,-47.7852965
2395784468,-21.0963609,-47.79949
2395784471,-21.0965934,-47.8027966
2395784473,-21.0969383,-47.784167
2395784476,-21.0993729,-47.7875719
2395784478,-21.0971307,-47.7833172
2395784480,-21.0971375,-47.8020695
2395784481,-21.0975773,-47.8014612
2395784482,-21.097592,-47.798087
2395784483,-21.0980274,-47.8008388
2395784486,-21.0994896,-47.7860719
2395784493,-21.1035954,-47.7840509
2395784498,-21.1044247,-47.7853215
2395784505,-21.1046227,-47.7856524
2395784506,-21.1046484,-47.7853453
2395784513,-21.1048157,-47.78631
2395784516,-21.1048924,-47.7860849
2395784518,-21.1049358,-47.7864335
2395784528,-21.1051782,-47.7862442
2395784530,-21.1052016,-47.7828481
2395784531,-21.1055653,-47.7858225
2395784532,-21.105145,-47.785203
2395784535,-21.1074788,-47.783859
2395784536,-21.1075651,-47.784045
2395784543,-21.1128795,-47.752545
2395784568,-21.1193015,-47.7528208
2395784571,-21.1210044,-47.7537837
2395784572,-21.1217031,-47.7653216
2395784574,-21.1219352,-47.7652676
2395784575,-21.1220704,-47.7544082
2395784583,-21.1224278,-47.765153
2395784584,-21.1224759,-47.7542993
2395784585,-21.1225008,-47.7642099
2395784586,-21.1225269,-47.7616358
2395784587,-21.1225457,-47.7635999
2395784588,-21.1225833,-47.7630884
2395784589,-21.1226105,-47.7605803
2395784592,-21.1230033,-47.7616777
2395784595,-21.1231169,-47.7607082
2395784596,-21.1234597,-47.7617178
2395784597,-21.123468,-47.7623584
2395784598,-21.1234843,-47.7631648
2395784599,-21.1234949,-47.7636883
2395784600,-21.123504,-47.764139
2395784601,-21.1235468,-47.760916
2395784603,-21.1239536,-47.7530531
2395784604,-21.1239789,-47.7623494
2395784605,-21.1240503,-47.7640727
2395784606,-21.1241457,-47.7647596
2395784608,-21.1244055,-47.761101
2395784613,-21.1246826,-47.7646289
2395784614,-21.1251846,-47.750152
2395784615,-21.1250117,-47.7676379
2398792225,-21.1971547,-47.7789277
2398792227,-21.1972529,-47.7787264
2398792231,-21.1973937,-47.7790444
2398792232,-21.1974419,-47.77929
2398792235,-21.1975109,-47.7790973
2398792238,-21.1987142,-47.7822836
2398792239,-21.198986,-47.7837858
2398792240,-21.1989916,-47.7835745
2398792242,-21.1990727,-47.7802545
2398792243,-21.1996045,-47.7802811
2398935376,-21.1895538,-47.7900668
2398935383,-21.1902841,-47.7903824
2398935402,-21.1928003,-47.7845867
2398935410,-21.1943338,-47.7812009
2398935432,-21.195497,-47.7838859
2401073710,-21.178166,-47.7902412
2401073712,-21.1787085,-47.7894637
2401073859,-21.2118109,-47.792543
2404172241,-21.1528982,-47.8312562
2404172242,-21.1529184,-47.8293464
2404172243,-21.1538166,-47.8300901
2404172246,-21.1982448,-47.7881131
2404172247,-21.1982503,-47.7876659
2404172248,-21.1982525,-47.7883729
2404172249,-21.2139626,-47.8254184
2404172252,-21.2146253,-47.8239765
2405697958,-21.1291445,-47.787644
2405697959,-21.1566135,-47.8164729
2405697961,-21.1575737,-47.8173026
2405704435,-21.1190766,-47.7365452
2405704436,-21.1191211,-47.7370928
2405704437,-21.1191643,-47.7376189
2405704440,-21.1196768,-47.7399905
2405704441,-21.1196945,-47.7380011
2405704444,-21.1197477,-47.7345464
2405704446,-21.1198089,-47.7340113
2405704447,-21.1198406,-47.7404089
2405704448,-21.1198492,-47.7384943
2405704450,-21.1198665,-47.7335073
2405704452,-21.1198923,-47.7332811
2405704454,-21.1199654,-47.7406921
2405704455,-21.1200071,-47.7389978
2405704456,-21.120152,-47.741156
2405704457,-21.1201595,-47.7394838
2405704458,-21.120314,-47.7399838
2405704459,-21.1207196,-47.7425957
2405704460,-21.120894,-47.7430787
2405704461,-21.1209278,-47.7359326
2405704462,-21.1209332,-47.7364696
2405704463,-21.1209619,-47.7357232
2405704464,-21.121006,-47.735213
2405704465,-21.1210079,-47.7435753
2405704466,-21.1210537,-47.7369693
2405704467,-21.1210581,-47.7347138
2405704468,-21.1211143,-47.7341761
2405704469,-21.1211449,-47.7440957
2405704470,-21.1211681,-47.7336611
2405704471,-21.121193,-47.7334229
2405704472,-21.1211992,-47.7407942
2405704473,-21.1213018,-47.7445691
2405704475,-21.121365,-47.7379594
2405704476,-21.1215329,-47.7450837
2405704478,-21.1215235,-47.738452
2405704480,-21.1215274,-47.7417847
2405704481,-21.1214751,-47.7454981
2405704483,-21.1218059,-47.7453594
2405704485,-21.1217109,-47.7449983
2405704486,-21.1216834,-47.7389488
2405704487,-21.1218429,-47.7394544
2405704488,-21.1220074,-47.7399587
2405704489,-21.1221633,-47.7404459
2405704490,-21.1223257,-47.7409537
2405704491,-21.1224815,-47.7414405
2405704492,-21.1226337,-47.7419282
2405704493,-21.122766,-47.7396862
2405704494,-21.122788,-47.742423
2405704496,-21.1229223,-47.7401814
2405704497,-21.1229395,-47.7429087
2405704498,-21.1230796,-47.7406802
2405704499,-21.1230996,-47.7434218
2405704501,-21.1232547,-47.7439187
2405704502,-21.1233558,-47.7355149
2405704503,-21.123405,-47.7444005
2405704504,-21.123412,-47.7349811
2405704505,-21.1234624,-47.73446
2405704508,-21.1235596,-47.7448962
2405704509,-21.1236428,-47.7371491
2405704510,-21.1237165,-47.7453992
2405704511,-21.123774,-47.7376299
2405704515,-21.1239461,-47.7381246
2405704520,-21.1242285,-47.7391609
2405704524,-21.1243886,-47.7396574
2405704527,-21.1245467,-47.7401478
2405704532,-21.1248582,-47.7411142
2405704534,-21.1249441,-47.7383349
2405704536,-21.124996,-47.7350123
2405704537,-21.1250142,-47.7415877
2405704539,-21.125061,-47.7346636
2405704541,-21.1251072,-47.7388478
2405704542,-21.1251599,-47.7355045
2405704543,-21.1251914,-47.7445913
2405704544,-21.1252549,-47.7438395
2405704545,-21.1252312,-47.7422704
2405704546,-21.1252651,-47.7393442
2405704547,-21.1253237,-47.735998
2405704551,-21.125489,-47.7403557
2405704552,-21.125447,-47.7449794
2405704553,-21.1254338,-47.7428538
2405704554,-21.1254701,-47.7364782
2405704557,-21.1255302,-47.7442901
2405704559,-21.1256418,-47.7369787
2405704560,-21.125684,-47.7435042
2405704564,-21.1257178,-47.7411331
2405704565,-21.1257416,-47.7441157
2405704566,-21.125751,-47.7436618
2405704569,-21.1258379,-47.7442311
2405704570,-21.1258648,-47.7435377
2405704571,-21.125864,-47.7340075
2405704572,-21.1258851,-47.7342219
2405704573,-21.1259383,-47.7347621
2405704574,-21.1259943,-47.7432561
2405704576,-21.1260543,-47.7401555
2405704577,-21.1260343,-47.7357383
2405704578,-21.1261332,-47.7368062
2405704579,-21.1261381,-47.74347
2405704580,-21.1261769,-47.7413329
2405704581,-21.1261569,-47.7432454
2405704582,-21.1261816,-47.7373289
2405704583,-21.126232,-47.7378731
2405704584,-21.1262912,-47.7384236
2405704585,-21.1263486,-47.7389571
2405704586,-21.1263808,-47.7342868
2405704587,-21.1264039,-47.739471
2405704588,-21.1264616,-47.7400069
2405704589,-21.1266033,-47.7415138
2405704590,-21.1268217,-47.7415958
2405704591,-21.1303497,-47.7352747
2406320817,-21.1505244,-47.8324321
2406320819,-21.1514377,-47.833265
2406320824,-21.1587348,-47.8350844
2406320825,-21.159428,-47.8341593
2406320826,-21.1601181,-47.8355434
2406320827,-21.1609283,-47.8362736
2406320828,-21.1618435,-47.830503
2406320830,-21.1625359,-47.8310247
2406378898,-21.2022599,-47.807128
2406378901,-21.2022791,-47.8072733
2406378904,-21.202312,-47.8073321
2406378932,-21.2111765,-47.8103721
2406378935,-21.2112802,-47.8104669
2406378937,-21.2118958,-47.8136136
2406378992,-21.2127667,-47.8140329
2406379001,-21.2133155,-47.8111083
2406379010,-21.214243,-47.8109435
2406379013,-21.2143365,-47.8078881
2406379019,-21.2152079,-47.8146447
2406379024,-21.2152069,-47.8121039
2406379028,-21.2156428,-47.8067022
2406379058,-21.2199451,-47.8091417
2410500900,-21.1901002,-47.8172575
2413741897,-21.1195511,-47.828065
2413741898,-21.1195374,-47.827154
2413741902,-21.1197954,-47.8269475
2413741903,-21.1198056,-47.8285693
2413741909,-21.120148,-47.8267917
2413741910,-21.1202166,-47.8291841
2413741911,-21.1201618,-47.8330235
2413741916,-21.1203026,-47.8269462
2413741917,-21.1202883,-47.8323957
2413741919,-21.1206696,-47.82997
2413741922,-21.1207452,-47.8274625
2413741926,-21.1208692,-47.8336473
2413741928,-21.1211734,-47.8308184
2413741931,-21.1212403,-47.8299332
2413741932,-21.1212518,-47.827947
2413741936,-21.1217365,-47.8299236
2413741940,-21.1221938,-47.8315342
2413741941,-21.1222213,-47.8299235
2413741949,-21.12263,-47.8315381
2413741950,-21.1226529,-47.829925
2413741956,-21.1231161,-47.8315408
2413741957,-21.123153,-47.8290976
2413741959,-21.1233101,-47.8254046
2413741960,-21.1236124,-47.8315436
2413741964,-21.1241263,-47.8317577
2413741966,-21.1245194,-47.8314121
2413741968,-21.1246124,-47.8311273
2413741969,-21.1246439,-47.8297758
2413741970,-21.1246431,-47.8312979
2413741971,-21.1246672,-47.8261571
2413741973,-21.1254045,-47.8306104
2413741983,-21.1302262,-47.8260777
2413741984,-21.1306385,-47.825725
2413741985,-21.1307667,-47.8321142
2413741987,-21.1312629,-47.8265934
2413741991,-21.1313891,-47.8267227
2413741992,-21.1314489,-47.8261203
2413741993,-21.1317747,-47.8271004
2413741994,-21.1319467,-47.8315477
2413741995,-21.1323751,-47.8251106
2413741996,-21.1324688,-47.8256409
2413741997,-21.1325542,-47.8261499
2413741998,-21.1326512,-47.8266947
2413741999,-21.1326375,-47.8306553
2413742015,-21.1357265,-47.8370794
2413742017,-21.1364619,-47.836844
2413742018,-21.1372615,-47.8357975
2413789370,-21.1867417,-47.8064499
2413789378,-21.1871851,-47.8064672
2413867215,-21.2021474,-47.7765477
2413867218,-21.2070172,-47.7834915
2413867220,-21.2071973,-47.7828872
2413867224,-21.2078595,-47.7813631
2413867225,-21.2078864,-47.7811708
2416799199,-21.1211152,-47.8338202
2416799200,-21.1213915,-47.8342974
2416799202,-21.1214223,-47.8338704
2416799222,-21.1226528,-47.8343811
2416799225,-21.1226885,-47.8342259
2416799234,-21.1227618,-47.8345794
2416799236,-21.1227631,-47.8339606
2416799239,-21.1227814,-47.8344612
2416799259,-21.1230089,-47.8328817
2416799269,-21.1230802,-47.832925
2416799317,-21.1238981,-47.8352087
2416799319,-21.1239936,-47.8351072
2416799322,-21.124421,-47.8364524
2416799336,-21.1246844,-47.8360087
2418351097,-21.2449423,-47.8142868
2418351104,-21.2451969,-47.81414
2418351105,-21.2451974,-47.8143334
2418351106,-21.2452082,-47.813293
2418351107,-21.2452121,-47.8135362
2418351111,-21.2452476,-47.8149753
2418351112,-21.2452556,-47.815183
2418351137,-21.2467617,-47.8150139
2418351138,-21.2468032,-47.8135891
2418351140,-21.2468716,-47.8127653
2418351141,-21.2469963,-47.8117752
2418351142,-21.2470212,-47.8115622
2418351143,-21.2472355,-47.815026
2418351174,-21.2519166,-47.8190158
2418351180,-21.2520742,-47.8187605
2418351187,-21.2522221,-47.8190015
2418513472,-21.1798587,-47.8003322
2418513479,-21.18118,-47.7987936
2418513484,-21.1817302,-47.7980203
2419380959,-21.1808534,-47.794895
2419380960,-21.1813998,-47.7941234
2421403041,-21.1246862,-47.8255638
2421403042,-21.126436,-47.8161963
2421403044,-21.1270375,-47.8320677
2421403045,-21.1284273,-47.8136709
2421403046,-21.12852,-47.834577
2421403050,-21.129461,-47.8384656
2421403054,-21.1300739,-47.8383015
2421403055,-21.1300964,-47.8352846
2421403056,-21.1301575,-47.8374575
2421403057,-21.1304111,-47.8357058
2421403058,-21.1303799,-47.838665
2421403059,-21.1306713,-47.8389354
2421403062,-21.1328746,-47.8281561
2421403064,-21.1333185,-47.8287671
2421403066,-21.1346195,-47.8298018
2421403067,-21.1348536,-47.8316255
2421403073,-21.1355255,-47.8343586
2421403076,-21.1357682,-47.8324971
2421403078,-21.1359517,-47.8257046
2421403082,-21.1363917,-47.8308174
2421403087,-21.1368776,-47.8294226
2421403089,-21.1370572,-47.8323144
2421403091,-21.1371499,-47.8322032
2421403092,-21.1374209,-47.832655
2421403105,-21.139907,-47.8348091
2421403106,-21.1398784,-47.8358148
2421403108,-21.1399141,-47.8349157
2421403110,-21.1399861,-47.8357026
2421403111,-21.1399959,-47.835794
2421403115,-21.1401618,-47.8339246
2421403116,-21.1401013,-47.8364827
2421403119,-21.1401335,-47.836814
2421403124,-21.1407519,-47.8331339
2421403128,-21.1414908,-47.8558919
2421403130,-21.1415804,-47.8556483
2421403131,-21.1416866,-47.8331302
2421403135,-21.1420908,-47.8268351
2421403136,-21.1427068,-47.8550182
2421403142,-21.1443501,-47.8538432
2421403144,-21.1501014,-47.8452348
2421413123,-21.1636735,-47.8637619
2421413135,-21.1642776,-47.8526997
2421413137,-21.1643273,-47.8526693
2421413145,-21.1644156,-47.8527495
2421413149,-21.1647867,-47.8634392
2421413165,-21.1652866,-47.8640622
2421413189,-21.1684233,-47.8546057
2421413200,-21.1697482,-47.8584186
2421413202,-21.1700251,-47.8578574
2421413207,-21.1702007,-47.8582344
2421413208,-21.1701238,-47.8576726
2421413213,-21.1703947,-47.857049
2421413217,-21.1705387,-47.8575949
2421413218,-21.1705892,-47.8577244
2421413224,-21.1723709,-47.8593595
2421413226,-21.17244,-47.8592585
2421413230,-21.1725407,-47.8601846
2421413231,-21.1725363,-47.8597838
2421413235,-21.172743,-47.859833
2421413237,-21.1728769,-47.8592817
2421413240,-21.1729695,-47.85945
2421413242,-21.173168,-47.8591073
2422223636,-21.1722212,-47.8274895
2422223642,-21.1728712,-47.8274275
2422223645,-21.1729194,-47.828123
2422223647,-21.172989,-47.8288271
2422223649,-21.1734462,-47.826651
2422223651,-21.1735053,-47.8273522
2422223653,-21.1735504,-47.8267414
2422223655,-21.1735778,-47.8280522
2422223660,-21.1740498,-47.8258697
2422223662,-21.1741448,-47.8259507
2422223664,-21.1741544,-47.8272752
2422223666,-21.174242,-47.8279951
2422223676,-21.1744814,-47.8198888
2422223686,-21.1746176,-47.8251085
2422223690,-21.1746803,-47.836622
2422223709,-21.1749076,-47.8291017
2422223713,-21.1749694,-47.8255295
2422223725,-21.1751574,-47.8208526
2422223735,-21.1752795,-47.8215089
2422223736,-21.175467,-47.8239721
2422223738,-21.1754761,-47.822545
2422223744,-21.1810593,-47.8167904
2422223765,-21.2001692,-47.770847
2422223767,-21.2010858,-47.7715738
2422223769,-21.2095998,-47.7898222
2422223770,-21.2102356,-47.7892362
2422223771,-21.2153422,-47.7633783
2422223774,-21.2155725,-47.7639595
2422223776,-21.2161517,-47.7630581
2422223778,-21.2276404,-47.7785276
2422223783,-21.227376,-47.7779269
2422223797,-21.228055,-47.7782214
2422223799,-21.2282488,-47.7783306
2422223804,-21.2280142,-47.7786977
2422223805,-21.2290561,-47.7772744
2422223806,-21.229098,-47.7773936
2422223808,-21.2297818,-47.7703858
2422223809,-21.2299265,-47.7768959
2422223810,-21.2299763,-47.7770458
2422223812,-21.2310772,-47.7764224
2422223813,-21.2311389,-47.7765549
2422223828,-21.2321266,-47.7805217
2422223830,-21.233101,-47.7810974
2422223832,-21.2329866,-47.7756156
2422223834,-21.233059,-47.7757717
2422223836,-21.235705,-47.7698232
2423255745,-21.2553084,-47.814912
2423255756,-21.2554944,-47.8149255
2423255799,-21.2613877,-47.8103578
2423255801,-21.2624868,-47.8091797
2423255802,-21.2626077,-47.8094525
2423255803,-21.2627502,-47.8099502
2423255805,-21.2629226,-47.8105599
2423255807,-21.2631176,-47.8111493
2423255808,-21.2632528,-47.8117299
2423255809,-21.2632997,-47.8097606
2423255810,-21.2634877,-47.8124982
2423255811,-21.2637982,-47.8102736
2423255814,-21.264251,-47.8107888
2423255815,-21.264294,-47.8113736
2423255818,-21.2648627,-47.8079128
2423255819,-21.2650981,-47.8117007
2423255891,-21.2673497,-47.8173
2423255895,-21.2674739,-47.8169016
2423255900,-21.2675815,-47.8169455
2423255902,-21.267577,-47.8165682
2423255907,-21.2676844,-47.8166131
2423255909,-21.2677301,-47.815889
2423255912,-21.2678403,-47.8159086
2423255933,-21.2682105,-47.8150357
2423255940,-21.2687284,-47.814726
2423255943,-21.2690339,-47.8145571
2423255972,-21.2731903,-47.816052
2423255974,-21.2732832,-47.8146277
2423255976,-21.2733873,-47.8122532
2423255977,-21.2734127,-47.8143473
2423255978,-21.2734874,-47.8141746
2423255980,-21.2736099,-47.8119093
2423255981,-21.2736021,-47.8163018
2423255983,-21.2736366,-47.8138815
2423255984,-21.2736532,-47.8150501
2423255986,-21.2736838,-47.812196
2423255988,-21.2737174,-47.8137074
2423255989,-21.2738562,-47.8134132
2423255990,-21.2739331,-47.8132349
2423255991,-21.2740569,-47.815259
2423255992,-21.2740582,-47.8129512
2423255993,-21.2742601,-47.812473
2423255994,-21.2742688,-47.8147767
2423255996,-21.2744923,-47.811907
2423255997,-21.2747402,-47.8112916
2423255998,-21.2746791,-47.8138428
2423255999,-21.2748927,-47.8133567
2423256000,-21.2744739,-47.8143099
2423256001,-21.2751075,-47.8128677
2423256003,-21.2753496,-47.8122875
2423256004,-21.2755829,-47.8117122
2423256005,-21.2756306,-47.8160288
2423256006,-21.2758359,-47.8155592
2423256007,-21.275694,-47.8169977
2423256008,-21.2760547,-47.8150822
2423256009,-21.2762562,-47.8146165
2423256010,-21.2762674,-47.807358
2423256011,-21.2764757,-47.8141093
2423256013,-21.2765395,-47.8135473
2423256014,-21.2765332,-47.8068999
2423256016,-21.2765326,-47.8164895
2423256018,-21.2766129,-47.8137631
2423256021,-21.2767471,-47.8134674
2423256024,-21.276813,-47.813695
2423256027,-21.276927,-47.813037
2423256029,-21.276914,-47.8161131
2423256031,-21.2770566,-47.8161859
2423256032,-21.2770796,-47.8156184
2423256035,-21.2772292,-47.8060039
2423256036,-21.2773463,-47.8145256
2423256037,-21.2775737,-47.8055976
2423256038,-21.2775591,-47.8164239
2423256039,-21.2775431,-47.8140353
2423256040,-21.277781,-47.8134444
2423256041,-21.277906,-47.8131689
2423256042,-21.2785403,-47.808354
2423256043,-21.2787177,-47.8078674
2423256044,-21.2788957,-47.8073689
2423256046,-21.2790678,-47.8068945
2423256047,-21.2792611,-47.8063753
2423256048,-21.2807916,-47.8093261
2423256049,-21.2809544,-47.8088549
2423256050,-21.2811494,-47.808356
2423256051,-21.2813293,-47.8078732
2423256052,-21.2816067,-47.8072295
2423256053,-21.2821348,-47.8099366
2423256054,-21.2823266,-47.8094522
2423256055,-21.2825081,-47.8089774
2423256056,-21.2826932,-47.8084947
2426965233,-21.2828994,-47.8079941
2427522535,-21.1975835,-47.8092829
2427522541,-21.1983242,-47.8108159
2427522542,-21.1983704,-47.8107226
2427522543,-21.198489,-47.8117318
2427522546,-21.1986844,-47.8127077
2428759145,-21.1297233,-47.8484556
2428759165,-21.1321731,-47.8510853
2428759174,-21.1333038,-47.8571947
2428759184,-21.1334078,-47.8574657
2428759188,-21.1334707,-47.8569627
2428759198,-21.1335859,-47.8575264
2428759206,-21.1337416,-47.8570017
2428759210,-21.1337588,-47.8574502
2428759215,-21.133805,-47.8576651
2428759218,-21.1338167,-47.8573696
2428759220,-21.1338416,-47.857171
2428759239,-21.1342583,-47.856563
2428759250,-21.1343407,-47.8563943
2428759258,-21.1344347,-47.8560703
2428759260,-21.1344169,-47.8563425
2428759261,-21.134437,-47.8568653
2428759276,-21.1346145,-47.8568575
2428759281,-21.1346743,-47.8563795
2428759290,-21.1347693,-47.8565404
2428759307,-21.135148,-47.8577794
2428759310,-21.1351916,-47.8578437
2428759327,-21.1353859,-47.8575028
2428759328,-21.1353883,-47.8581511
2428759330,-21.1354001,-47.8578788
2428759333,-21.1354492,-47.8575442
2428759334,-21.1354601,-47.857832
2428759342,-21.135757,-47.8599486
2428759343,-21.1357821,-47.859748
2428759344,-21.1363967,-47.8598179
2428759345,-21.1368787,-47.8577595
2428759347,-21.1386598,-47.85523
2428759348,-21.1390758,-47.854927
2428759349,-21.1394009,-47.8563113
2428759350,-21.1394599,-47.8576338
2428759351,-21.1394643,-47.8546441
2428759352,-21.139884,-47.8543384
2428759353,-21.1402959,-47.8540383
2428759354,-21.1404127,-47.8539532
2428759356,-21.1412613,-47.8575509
2428759370,-21.1426698,-47.8569869
2428799367,-21.1524217,-47.8049224
2428799368,-21.1525383,-47.8047565
2428799369,-21.1530999,-47.8039973
2428799370,-21.1536693,-47.8032319
2428799371,-21.1537028,-47.8044942
2428799372,-21.1542071,-47.8056829
2428799374,-21.1543163,-47.8037605
2428799375,-21.1544488,-47.8044873
2428799376,-21.1545506,-47.8052014
2428799377,-21.1548722,-47.8029828
2428799378,-21.1552606,-47.8051447
2428799379,-21.1569042,-47.8067391
2428799380,-21.1572654,-47.8062466
2428799381,-21.1578327,-47.805472
2429759285,-21.1685943,-47.8410976
2429759286,-21.1691413,-47.8403722
2429759290,-21.1707041,-47.8417259
2429759292,-21.1748261,-47.832815
2430365035,-21.1752489,-47.8147826
2430365036,-21.1752691,-47.8149388
2430365038,-21.1763423,-47.8203536
2430365041,-21.1770831,-47.8212788
2430365042,-21.1772643,-47.8211138
2430547496,-21.1974833,-47.7774588
2440814949,-21.1877856,-47.8065032
2446594982,-21.1447567,-47.7847306
2446594994,-21.141612,-47.7830726
2446595020,-21.1439696,-47.784353
2446595021,-21.1430793,-47.7838784
2446595023,-21.1420447,-47.7833193
2449829135,-21.1478066,-47.8296787
2449829138,-21.1483821,-47.8290313
2449829145,-21.1637261,-47.8437378
2449829147,-21.1643952,-47.8426677
2449829148,-21.1646965,-47.8446557
2449829149,-21.1647737,-47.8421629
2449829151,-21.1648413,-47.840494
2449829153,-21.1648538,-47.8444658
2449829155,-21.1651147,-47.8433037
2449829156,-21.1651704,-47.8400581
2449829157,-21.1655036,-47.8427823
2449829158,-21.1655467,-47.84114
2449829159,-21.1658897,-47.8406894
2450105052,-21.1761746,-47.756839
2450105059,-21.1792013,-47.7572434
2450105060,-21.1794393,-47.7576269
2450105066,-21.179933,-47.7575185
2450105068,-21.1799614,-47.7574397
2450105069,-21.1800189,-47.7577332
2450105071,-21.1801219,-47.7577746
2450105074,-21.1802801,-47.7573947
2450105075,-21.1803089,-47.7576874
2450105076,-21.1803228,-47.7574523
2450105079,-21.1803488,-47.7575612
2450105084,-21.1806738,-47.7582159
2450105085,-21.1809249,-47.7582181
2450105089,-21.1827402,-47.7571665
2450105091,-21.1832874,-47.7585225
2450105094,-21.1833323,-47.7576503
2450105097,-21.1870955,-47.7608777
2450105099,-21.1870977,-47.7610825
2450105101,-21.1875363,-47.7608788
2450105102,-21.1875432,-47.76108
2450105104,-21.1882198,-47.7610824
2450105106,-21.1903804,-47.7608737
2450105108,-21.190353,-47.7610765
2450105110,-21.1948435,-47.7582331
2450105118,-21.1971891,-47.75793
2453594839,-21.2103355,-47.8153809
2453594841,-21.2107672,-47.8159105
2453594843,-21.2109386,-47.8171337
2454979734,-21.149683,-47.8449778
2454979735,-21.149491,-47.8432328
2454979736,-21.1503349,-47.8437561
2454979737,-21.1505323,-47.8454947
2454979738,-21.1506397,-47.8455619
2454979739,-21.1500137,-47.8422745
2454979740,-21.1507573,-47.8440188
2454979741,-21.1511709,-47.8442875
2454979742,-21.1518102,-47.843376
2454979764,-21.1762704,-47.8388901
2454979769,-21.178314,-47.8248442
2454979776,-21.1789158,-47.8164917
2454979811,-21.2015673,-47.8574557
2454979814,-21.201747,-47.8574708
2454979817,-21.2018875,-47.8569858
2454979823,-21.202038,-47.8579488
2454979829,-21.2023572,-47.8564728
2454979830,-21.2023695,-47.8580755
2454979832,-21.2028635,-47.8582661
2454979833,-21.2029302,-47.8565809
2454979838,-21.2031028,-47.8554209
2454979839,-21.2031619,-47.8567503
2454979840,-21.2032091,-47.8555368
2454979841,-21.2033194,-47.8584695
2454979844,-21.2035659,-47.8559038
2454979846,-21.20359,-47.8570578
2454979847,-21.2037079,-47.8524102
2454979850,-21.203917,-47.8565004
2454979857,-21.2041197,-47.8440124
2454979862,-21.2043304,-47.856777
2454979863,-21.2044335,-47.8541589
2454979864,-21.2045123,-47.8568871
2454979873,-21.2048028,-47.8535446
2454979878,-21.2048722,-47.8536818
2454979883,-21.2052164,-47.8552816
2454979887,-21.2053752,-47.8531578
2454979894,-21.2058743,-47.8421393
2454979925,-21.2100655,-47.849791
2454979940,-21.2120064,-47.8453448
2456404673,-21.1789333,-47.8008141
2456404674,-21.1790131,-47.8010653
2458099918,-21.208525,-47.8147429
2458443830,-21.1660797,-47.825645
2460761767,-21.2576481,-47.8193804
2466559423,-21.2012072,-47.6841952
2466559609,-21.2072973,-47.6802229
2466559614,-21.2074009,-47.6795419
2466559618,-21.207445,-47.6808858
2466559627,-21.2075912,-47.6801032
2466559632,-21.2077064,-47.6807212
2466559637,-21.2078088,-47.68159
2466559642,-21.2077654,-47.6842015
2466559644,-21.2077757,-47.6839109
2466559651,-21.2079213,-47.6849564
2466559655,-21.2080849,-47.6781731
2466559656,-21.2080797,-47.6836137
2466559675,-21.2086352,-47.6802254
2466559676,-21.2087003,-47.6810005
2466559680,-21.2088136,-47.679713
2466559684,-21.2088715,-47.6802964
2466559687,-21.2088557,-47.6815501
2466559690,-21.20895,-47.680722
2467922123,-21.1759388,-47.7902586
2467922126,-21.1772747,-47.7821298
2467922131,-21.177752,-47.7818274
2467922132,-21.1780504,-47.7823636
2467922135,-21.1782374,-47.7814775
2467922146,-21.1790643,-47.781877
2467922222,-21.1818717,-47.7864657
2467922233,-21.1826139,-47.7831605
2467922240,-21.183343,-47.7846954
2467922241,-21.1833815,-47.78347
2467922245,-21.183872,-47.7843591
2467922250,-21.1844496,-47.783163
2467922252,-21.1846893,-47.7829864
2467922263,-21.1852247,-47.7826345
2467922340,-21.1883262,-47.7945702
2467922342,-21.1884318,-47.7943392
2467922345,-21.1884557,-47.7949881
2467922355,-21.1886576,-47.795881
2467922360,-21.1891136,-47.7948565
2467922361,-21.1897959,-47.7879841
2476053425,-21.2025289,-47.829909
2476053433,-21.2037122,-47.8322485
2476053435,-21.2042078,-47.8310847
2476053436,-21.205207,-47.8323188
2476053437,-21.2055576,-47.8330958
2476053442,-21.2058822,-47.8598653
2476053447,-21.2059733,-47.8597519
2476053451,-21.2060652,-47.8328156
2476053454,-21.206255,-47.8349027
2476053455,-21.2062828,-47.859975
2476053457,-21.206641,-47.8325334
2476053460,-21.2064701,-47.8338517
2476053465,-21.2068513,-47.8334673
2476053468,-21.2070084,-47.8336581
2476053473,-21.2071216,-47.8330483
2476053480,-21.2073784,-47.8565749
2476053481,-21.207461,-47.8563863
2476053482,-21.2075301,-47.8412871
2476053484,-21.20798,-47.8610083
2476053485,-21.2083724,-47.8570757
2476053489,-21.208765,-47.8561881
2476053497,-21.2094842,-47.8615952
2476053498,-21.2095636,-47.8613797
2476053503,-21.2101653,-47.8564148
2476053513,-21.2110772,-47.8572823
2490482829,-21.1622016,-47.8258892
2490482830,-21.1627744,-47.8251117
2506501044,-21.1820316,-47.7769218
2507618998,-21.1951726,-47.7624623
2507619000,-21.1964937,-47.7637953
2507619002,-21.1966056,-47.7636384
2507619007,-21.1983737,-47.7653442
2507619009,-21.1984944,-47.7651892
2525316045,-21.2131552,-47.7877354
2525806281,-21.2279849,-47.7685003
2525806287,-21.2280387,-47.7688489
2525806298,-21.2289787,-47.7735562
2541761059,-21.2113728,-47.7581159
2541761062,-21.2114363,-47.7578008
2541878450,-21.1841379,-47.746004
2541878451,-21.1861239,-47.7569127
2541878452,-21.1874079,-47.7381432
2541878453,-21.1877086,-47.7384969
2541878454,-21.1879983,-47.7375677
2541878455,-21.1882951,-47.7379294
2541878456,-21.1886049,-47.7383007
2541878457,-21.189076,-47.7365345
2541878458,-21.1893777,-47.7368871
2541878459,-21.1918619,-47.753703
2541878460,-21.1933764,-47.7527017
2545367538,-21.2563301,-47.810149
2545367540,-21.2568452,-47.8100975
2545367549,-21.2573006,-47.8095261
2545367555,-21.2577604,-47.8074489
2545367557,-21.2579058,-47.8083065
2545367559,-21.2579343,-47.8084611
2545367563,-21.2582168,-47.809935
2545367564,-21.2583884,-47.8082502
2545367566,-21.2584197,-47.8084077
2545367568,-21.2592536,-47.8074674
2545367570,-21.2586311,-47.8083824
2545367578,-21.2600236,-47.8174563
2546376547,-21.2175881,-47.8067994
2546376548,-21.2178697,-47.8072416
2546399887,-21.2600038,-47.8196545
2546399894,-21.2630165,-47.8220097
2546399895,-21.263047,-47.8251047
2546399903,-21.2636581,-47.8195578
2546399904,-21.2639494,-47.8170118
2546399905,-21.2663545,-47.8159103
2546399906,-21.2665761,-47.8152458
2546399907,-21.2667774,-47.8156069
2546399908,-21.2670206,-47.8160345
2546399909,-21.2670381,-47.8154198
2546399910,-21.2698625,-47.8196416
2549543890,-21.224853,-47.8112699
2549543932,-21.225523,-47.8067359
2558817613,-21.136965,-47.8210143
2558817614,-21.1378345,-47.8199218
2558817615,-21.1387095,-47.818613
2558817616,-21.1389623,-47.8168324
2558817617,-21.1393225,-47.817138
2558817618,-21.1393277,-47.8178302
2558817619,-21.1396062,-47.8160193
2558817620,-21.1399632,-47.8177271
2558817621,-21.140907,-47.8144689
2558817622,-21.1411819,-47.8147279
2558817623,-21.1418464,-47.8153213
2558817624,-21.1420776,-47.8201829
2558817625,-21.1473369,-47.8510139
2558817626,-21.1474518,-47.8511003
2558817627,-21.1475698,-47.8507647
2558817628,-21.1478946,-47.8461861
2558817630,-21.1487504,-47.8467137
2558817631,-21.1491662,-47.8469713
2558817632,-21.1495929,-47.8472212
2571949524,-21.1550599,-47.8215689
2571949525,-21.1553392,-47.8212135
2571949530,-21.160215,-47.8243653
2571949533,-21.1602877,-47.8242406
2571949539,-21.1725371,-47.8063172
2571949544,-21.1727396,-47.8065008
2571949550,-21.1742054,-47.8043033
2571949555,-21.1744033,-47.8044699
2571949557,-21.1776256,-47.8188512
2571949559,-21.1776642,-47.8185302
2571949561,-21.1783275,-47.8189594
2571949563,-21.1783683,-47.8186178
2590306897,-21.2755126,-47.8084008
2590306898,-21.2756458,-47.8084915
2590306899,-21.27575,-47.8079598
2590306900,-21.2759954,-47.80753
2590306901,-21.2760219,-47.8078165
2590306902,-21.2760979,-47.8173921
2590306903,-21.2762378,-47.8070856
2590306904,-21.2766476,-47.8063747
2590306908,-21.2773773,-47.8051521
2590306911,-21.2775539,-47.8165784
2590306912,-21.2775654,-47.816621
2590488537,-21.1323093,-47.7731761
2590488543,-21.1367581,-47.7717596
2590488546,-21.137028,-47.7699975
2590488547,-21.1370387,-47.7681886
2590488548,-21.13717,-47.7705941
2590488549,-21.1372889,-47.7711523
2590488550,-21.1372508,-47.7691899
2590488552,-21.1375291,-47.7696002
2590488553,-21.1375917,-47.7698532
2590488554,-21.1380193,-47.7713473
2590488555,-21.1381285,-47.7685705
2590488556,-21.1387213,-47.764451
2590488557,-21.13929,-47.7700528
2590488559,-21.1395906,-47.7690828
2590488560,-21.1398903,-47.7681593
2590488563,-21.1411702,-47.7696577
2590488564,-21.1414596,-47.7687267
2590488565,-21.1415489,-47.7654541
2590488566,-21.1417493,-47.767773
2590488567,-21.1417897,-47.7646297
2590488568,-21.1420616,-47.7668344
2590488570,-21.1424817,-47.768033
2590488572,-21.1427904,-47.7670956
2590488576,-21.1467728,-47.7594652
2593194887,-21.0983098,-47.7900743
2593194889,-21.100436,-47.7889085
2593194892,-21.1008033,-47.7883165
2593194893,-21.1006384,-47.7890113
2593194895,-21.0990237,-47.7905908
2593194899,-21.1024015,-47.7871424
2593194900,-21.1024635,-47.7880621
2593194904,-21.1037879,-47.7865176
2593194908,-21.1042673,-47.7858234
2593194910,-21.1043586,-47.7855767
2593194912,-21.1044853,-47.7856805
2593194923,-21.1124052,-47.8056305
2593194927,-21.1147408,-47.8048302
2593194928,-21.1161482,-47.8025811
2593194929,-21.1166401,-47.8023454
2593194931,-21.1169983,-47.803134
2593194932,-21.1171348,-47.8034511
2593194940,-21.1544528,-47.7495201
2593194945,-21.1547722,-47.7494167
2593194946,-21.1547894,-47.7477452
2593194948,-21.1550155,-47.7476669
2593194956,-21.1562736,-47.7562694
2593194958,-21.15629,-47.7560522
2593194960,-21.1564188,-47.7562529
2593194961,-21.1568001,-47.7461459
2593194962,-21.1568868,-47.746573
2597823011,-21.1752302,-47.7911689
2598715679,-21.1633924,-47.8179073
2598715680,-21.1636876,-47.8194976
2598715683,-21.1638749,-47.8183245
2598715687,-21.1641469,-47.8194317
2598715689,-21.1643243,-47.8187224
2604584312,-21.2047905,-47.7438332
2604584314,-21.205923,-47.7444945
2604584320,-21.2061683,-47.7448008
2604584321,-21.2061793,-47.744369
2604584323,-21.2068721,-47.7413986
2604584324,-21.2068825,-47.7412071
2604584329,-21.20702,-47.7348593
2604584334,-21.2070791,-47.7413481
2604584364,-21.2223188,-47.7522704
2604584365,-21.2232557,-47.7496188
2616849812,-21.2106556,-47.7884536
2616850092,-21.2388848,-47.8193255
2620986672,-21.1776673,-47.8586932
2620990249,-21.1759056,-47.8630748
2632315429,-21.198546,-47.7711268
2632315431,-21.1978182,-47.7705596
2632315432,-21.1981986,-47.7700834
2633649793,-21.2892894,-47.8588218
2633723710,-21.2444549,-47.7422452
2633723717,-21.2413925,-47.7340074
2638407300,-21.1785435,-47.8170562
2638407325,-21.1821351,-47.8197449
2638407354,-21.1856431,-47.820907
2638407372,-21.1869865,-47.8328509
2638407379,-21.1873925,-47.831993
2638407381,-21.1874381,-47.831898
2638407388,-21.188601,-47.8248224
2638407415,-21.1966347,-47.836554
2648258270,-21.1228841,-47.8064259
2648258279,-21.1253754,-47.8173578
2648258283,-21.1255119,-47.8174394
2648258284,-21.1280935,-47.8069402
2648258288,-21.1290868,-47.8070263
2648258293,-21.130522,-47.8224014
2648258298,-21.1310846,-47.8215946
2648258300,-21.1314886,-47.8226526
2648258313,-21.1318206,-47.8222566
2648258327,-21.1321697,-47.8230088
2648258345,-21.1329672,-47.820873
2648258350,-21.1388891,-47.8227833
2648258352,-21.139528,-47.8219437
2648258353,-21.1397999,-47.8218284
2648258355,-21.1401673,-47.8212488
2648258357,-21.1402181,-47.8212944
2648258360,-21.1408132,-47.8204389
2648258362,-21.1606065,-47.8140998
2672416802,-21.2261523,-47.803196
2672416803,-21.2262547,-47.8037762
2672416804,-21.2264705,-47.8031272
2743807994,-21.1281373,-47.7618032
2748899747,-21.2063216,-47.7562403
2748899812,-21.2137599,-47.7792014
2756826173,-21.2041775,-47.8196362
2778720866,-21.1764127,-47.8021429
2778720869,-21.1766228,-47.8023299
2782603574,-21.1538454,-47.744341
2782603578,-21.1544785,-47.7439343
2782603582,-21.154802,-47.7424062
2782603595,-21.1554768,-47.7412594
2782603603,-21.1559079,-47.7433275
2782603607,-21.1562199,-47.7387687
2782603609,-21.1562717,-47.7373364
2782603614,-21.1566238,-47.7384202
2782603618,-21.1567033,-47.7439901
2782603624,-21.1570563,-47.7411674
2782603627,-21.159858,-47.729148
2782603628,-21.159753,-47.727608
2782603630,-21.1600922,-47.7279801
2782603632,-21.1602563,-47.728475
2782603635,-21.1603998,-47.7290036
2782603637,-21.1604215,-47.7278918
2782603642,-21.1611213,-47.7255096
2782603643,-21.1614953,-47.7258758
2782603644,-21.1617561,-47.7293773
2782603647,-21.1618457,-47.7262106
2782603651,-21.1622233,-47.7265713
2782603654,-21.1625864,-47.7269183
2782603657,-21.1629073,-47.7272249
2782603660,-21.1630285,-47.72772
2782603663,-21.1631535,-47.7282303
2782603664,-21.163278,-47.7287389
2782603665,-21.1633295,-47.7243376
2782603669,-21.1634158,-47.7270777
2782603671,-21.1636109,-47.724734
2782603673,-21.163909,-47.725154
2782603674,-21.164189,-47.7255485
2782603675,-21.1646603,-47.7259193
2782603676,-21.1651259,-47.7299152
2782603678,-21.1654274,-47.7265014
2782603680,-21.165625,-47.7299947
2782603683,-21.1657284,-47.7275184
2782603685,-21.1657786,-47.7280864
2782603686,-21.1657555,-47.7275936
2782603687,-21.1657711,-47.7269491
2782603690,-21.1658641,-47.7273008
2782603691,-21.1659192,-47.7276644
2782603694,-21.1660496,-47.7273974
2782603697,-21.1660682,-47.7274942
2782603698,-21.1661259,-47.7300745
2782603700,-21.1665292,-47.7273121
2782603701,-21.166623,-47.7301537
2782603702,-21.1670096,-47.7276283
2782603704,-21.1671102,-47.7302313
2782603705,-21.1671294,-47.7271453
2782603706,-21.1674627,-47.7278175
2782603707,-21.1675962,-47.7303087
2782603708,-21.1679184,-47.7280036
2782603709,-21.168096,-47.7303883
2782603710,-21.1683886,-47.7281956
2782603712,-21.168498,-47.7304523
2782603713,-21.1688265,-47.7283743
2782603715,-21.1692035,-47.7285263
2782603716,-21.1693325,-47.726565
2782603717,-21.1702431,-47.7201683
2782603718,-21.1695877,-47.7265486
2782603721,-21.1712279,-47.7192581
2782603722,-21.1729241,-47.7239246
2782603723,-21.1729104,-47.7182654
2782603724,-21.1732423,-47.7232098
2782603725,-21.1746679,-47.7172485
2782603727,-21.1749287,-47.7221972
2782603728,-21.1750504,-47.7266626
2782603735,-21.176322,-47.7162859
2782603736,-21.1766581,-47.7211868
2782603737,-21.1767192,-47.7257075
2782603739,-21.1780311,-47.7152829
2782603740,-21.1783416,-47.7202156
2782603742,-21.1784391,-47.7247111
2782603745,-21.1791478,-47.7260918
2782603748,-21.1796449,-47.7141433
2782603755,-21.1803829,-47.7154838
2782603756,-21.1806431,-47.7135214
2782603761,-21.18562,-47.7084358
2782603762,-21.1874928,-47.7085549
2782603763,-21.1818833,-47.6997346
2782603765,-21.1887737,-47.7081266
2782603767,-21.1890404,-47.7104766
2782603768,-21.1894169,-47.7116052
2782603769,-21.1897177,-47.7092469
2782603770,-21.1897624,-47.7126408
2782603771,-21.1900976,-47.7136455
2782603773,-21.1905144,-47.7206689
2782603774,-21.1907396,-47.7104573
2782603775,-21.1909422,-47.715782
2782603777,-21.1912716,-47.7168459
2782603780,-21.1916922,-47.7115797
2782603781,-21.1918616,-47.7188387
2782603782,-21.1921735,-47.7080355
2782603783,-21.1921953,-47.7091682
2782603784,-21.1924953,-47.7125571
2782603786,-21.1934167,-47.7135536
2782603811,-21.1943611,-47.7145834
2782603816,-21.1945789,-47.7167822
2782603817,-21.1946612,-47.7271161
2782603819,-21.1947085,-47.7156799
2782603823,-21.1947928,-47.7150821
2782603825,-21.1950254,-47.7134996
2782603827,-21.195096,-47.7124863
2782603831,-21.1952833,-47.7114847
2782603834,-21.195486,-47.7103159
2782603850,-21.203419,-47.7202492
2782603855,-21.2057298,-47.7221554
2782603858,-21.2061915,-47.7215518
2782603875,-21.2070461,-47.7183853
2782603876,-21.2071961,-47.7180608
2786233587,-21.13852,-47.8043635
2786233589,-21.1449982,-47.7667892
2793998830,-21.1225215,-47.7682368
2793998848,-21.1271834,-47.7669949
2793998857,-21.140724,-47.762887
2793998859,-21.1415779,-47.7627028
2793998863,-21.1424644,-47.7624512
2793998864,-21.1426478,-47.7618343
2793998867,-21.145765,-47.768842
2795272418,-21.1904815,-47.7646921
2795272419,-21.1906381,-47.7648181
2795272428,-21.1917235,-47.7629717
2795272429,-21.1918706,-47.7630826
2798588671,-21.2130167,-47.7822775
2798588672,-21.2183,-47.7798689
2798845227,-21.173226,-47.7712564
2798845248,-21.1750745,-47.758146
2798845271,-21.1766309,-47.7695344
2798845273,-21.1767008,-47.7616614
2798845277,-21.177087,-47.7786173
2798845278,-21.1773607,-47.7784243
2798845281,-21.1775561,-47.7787523
2798845286,-21.1778215,-47.7807765
2798845289,-21.1779975,-47.7779838
2798845305,-21.1788292,-47.763871
2798845314,-21.1794542,-47.7644405
2798845317,-21.1799861,-47.7698943
2798845320,-21.1807302,-47.7755045
2798845328,-21.1814472,-47.7709541
2798845330,-21.1816226,-47.7681386
2798845331,-21.182205,-47.7733699
2798845332,-21.1825173,-47.7727625
2798845333,-21.1828885,-47.7730583
2799396053,-21.2574189,-47.8192736
2799396055,-21.2575775,-47.8204599
2799396057,-21.2581127,-47.8193824
2799396058,-21.2581462,-47.8199901
2799396063,-21.2584066,-47.819861
2799396064,-21.2585294,-47.8204574
2799396065,-21.2585186,-47.820021
2799396068,-21.2587107,-47.8202976
2799396075,-21.2619291,-47.8226715
2799396079,-21.2627192,-47.8249004
2799396080,-21.2627954,-47.8254727
2799396081,-21.262932,-47.8254269
2799396100,-21.2713377,-47.8319299
2799403303,-21.2717081,-47.8326591
2799403304,-21.2714901,-47.8318208
2799403313,-21.2726377,-47.8358411
2799403315,-21.2728304,-47.8365467
2799403316,-21.2727881,-47.8358148
2799403317,-21.2729739,-47.8364967
2799403322,-21.2731723,-47.8362192
2799474775,-21.0953973,-47.8018247
2799569998,-21.1410076,-47.7848746
2799569999,-21.1413215,-47.7839412
2799570000,-21.1415401,-47.785125
2799570201,-21.141931,-47.784234
2799570202,-21.1423796,-47.785536
2799570203,-21.1427655,-47.7846502
2799570204,-21.1428483,-47.7984018
2799570205,-21.1428955,-47.7982917
2799570206,-21.1429747,-47.7984696
2799570207,-21.1430219,-47.7983625
2799570208,-21.1448985,-47.7901145
2799570209,-21.1474494,-47.7864379
2799570218,-21.1501818,-47.7927225
2799570219,-21.1505483,-47.7918005
2799570220,-21.1532475,-47.7856531
2800307184,-21.1517798,-47.8004319
2800307185,-21.1518137,-47.799764
2800307195,-21.1556498,-47.8028482
2800307196,-21.1556639,-47.7958682
2800307197,-21.1560889,-47.7871279
2800307199,-21.156154,-47.7868564
2800311201,-21.1562295,-47.792973
2800311202,-21.1564673,-47.803548
2800311203,-21.1570625,-47.7970664
2800311204,-21.1573075,-47.7917635
2800311205,-21.1575601,-47.7920036
2800311206,-21.157698,-47.7961659
2800311207,-21.158131,-47.8065068
2800311211,-21.1584959,-47.8060185
2800311217,-21.163326,-47.8088039
2800311218,-21.1639175,-47.8080355
2806988155,-21.1932297,-47.7560919
2806988162,-21.1934876,-47.754797
2806988172,-21.1970692,-47.757773
2807584441,-21.1873804,-47.7692112
2807584443,-21.1874949,-47.7693182
2807584444,-21.1881865,-47.7680253
2807584446,-21.188293,-47.7678692
2807584447,-21.1883289,-47.7681456
2807584449,-21.1884292,-47.7680035
2807584450,-21.1933187,-47.7651287
2807584451,-21.1938332,-47.7655173
2810299223,-21.1684652,-47.868633
2810299224,-21.1685554,-47.8707982
2810299239,-21.1703952,-47.8709668
2812576361,-21.1096401,-47.7902328
2816052573,-21.174982,-47.8247295
2816052574,-21.1759149,-47.8247467
2816052575,-21.1765846,-47.826071
2819857423,-21.123622,-47.7849845
2819857424,-21.124764,-47.7855534
2827661708,-21.1221241,-47.8074239
2827661709,-21.1227684,-47.8066345
2828248454,-21.1198903,-47.8201547
2829162187,-21.1278674,-47.8085159
2829162188,-21.1280519,-47.808264
2829162189,-21.1282208,-47.8080242
2829162196,-21.1351168,-47.8127724
2829162198,-21.1357713,-47.8119813
2829162200,-21.1377426,-47.8123681
2829169001,-21.1388224,-47.810365
2829169002,-21.1457893,-47.8262652
2829169003,-21.1473343,-47.8203156
2829169004,-21.1476493,-47.8206161
2829169005,-21.1477888,-47.8266665
2829169006,-21.1483732,-47.8143902
2829169007,-21.1483949,-47.8258912
2829169008,-21.1486824,-47.8228288
2829169009,-21.149038,-47.8149713
2829169010,-21.1495364,-47.8235555
2829169011,-21.1499541,-47.8118267
2829169012,-21.150225,-47.8120779
2829169013,-21.151007,-47.8179356
2829169014,-21.1512554,-47.8234218
2829169015,-21.1515037,-47.8184103
2829169016,-21.1522281,-47.8231928
2829169017,-21.1521647,-47.8242303
2829169018,-21.1525066,-47.8227729
2829169019,-21.1528063,-47.8167239
2829169020,-21.1532995,-47.8144323
2829169024,-21.1539913,-47.8134792
2829169025,-21.1557842,-47.8216291
2829169026,-21.1565032,-47.8226812
2829169027,-21.1566269,-47.8145064
2829169028,-21.1566983,-47.8224027
2829169029,-21.1567796,-47.8217267
2829169030,-21.1568558,-47.8141956
2829169031,-21.1568864,-47.823063
2829169032,-21.157045,-47.8219666
2829169033,-21.1569849,-47.8148389
2829169035,-21.1576602,-47.8137756
2829169036,-21.1689862,-47.8450727
2829963761,-21.2116375,-47.874035
2829963770,-21.2125868,-47.8722323
2829963772,-21.2129825,-47.8714527
2829963774,-21.2131779,-47.870743
2829963776,-21.2132734,-47.8703412
2829963777,-21.2132341,-47.8711593
2829963783,-21.2134586,-47.8705273
2829963788,-21.2136035,-47.8701087
2829963789,-21.2136046,-47.870489
2829963795,-21.2138801,-47.871009
2832450772,-21.1774624,-47.8211159
2832450773,-21.1782136,-47.8211059
2832450774,-21.1786817,-47.8201732
2832450775,-21.1792548,-47.8204235
2832450777,-21.1804488,-47.8310775
2832450778,-21.1806706,-47.8269748
2832450779,-21.1809542,-47.8263307
2832450781,-21.1812851,-47.8315309
2832450784,-21.1825296,-47.8310418
2832450785,-21.1833789,-47.8314728
2832450786,-21.1935276,-47.8279339
2832450787,-21.1939228,-47.828123
2834379138,-21.1543454,-47.8407307
2834379141,-21.154575,-47.8408508
2834510273,-21.1511392,-47.831152
2834510274,-21.1582832,-47.8197337
2834510275,-21.1588522,-47.8189215
2843313602,-21.199277,-47.8270823
2843313604,-21.200823,-47.8269807
2843313612,-21.2028145,-47.840427
2843313613,-21.2060207,-47.8412618
2845341677,-21.200175,-47.8260921
2845341682,-21.2083843,-47.8372551
2845341696,-21.2118403,-47.8402289
2845341697,-21.2119377,-47.8389348
2845362201,-21.2132672,-47.8270408
2845362211,-21.2150029,-47.8357015
2845362224,-21.2168327,-47.8248171
2845362225,-21.2171304,-47.8207082
2845362228,-21.217582,-47.8193692
2849133952,-21.1790866,-47.8318842
2849133953,-21.1793077,-47.8311708
2849133963,-21.1885688,-47.8423485
2849133964,-21.188864,-47.8417019
2849133968,-21.1958742,-47.8390951
2852196087,-21.1958842,-47.8523374
2852196088,-21.1961361,-47.8526587
2852196089,-21.2009321,-47.8409916
2852196090,-21.2010358,-47.8408547
2852196091,-21.2018737,-47.8419184
2852196092,-21.2019725,-47.8417888
2852196093,-21.2030511,-47.8502305
2852196094,-21.2037565,-47.850946
2853418614,-21.189993,-47.7747251
2857380745,-21.162375,-47.7926611
2857380746,-21.1629405,-47.7919082
2857380747,-21.1695739,-47.8038413
2857380748,-21.170092,-47.8031453
2857380749,-21.1709007,-47.7977815
2857380752,-21.1768884,-47.7995191
2857380753,-21.1770665,-47.7996853
2857380754,-21.178963,-47.7810274
2857380755,-21.1792145,-47.7797974
2857380756,-21.179997,-47.794802
2857380758,-21.1809333,-47.795599
2857380761,-21.1985346,-47.7771217
2863480030,-21.1782105,-47.8652553
2863480031,-21.1790388,-47.8654397
2863480033,-21.1794678,-47.8655634
2863480035,-21.1798456,-47.8660586
2863480037,-21.1808116,-47.8677015
2863480038,-21.1809336,-47.8686123
2863480039,-21.1810625,-47.8695162
2863480040,-21.1811804,-47.8675657
2869443792,-21.224652,-47.7661747
2869443798,-21.2252678,-47.7670231
2869446812,-21.226849,-47.7657787
2869614666,-21.2111003,-47.7695472
2869614687,-21.2133244,-47.7709142
2869614700,-21.2142368,-47.7675436
2869620004,-21.2142569,-47.7647303
2869620009,-21.2150018,-47.7687146
2869620036,-21.2198512,-47.765968
2869620040,-21.2202575,-47.7659871
2869620041,-21.2203411,-47.7659905
2869620043,-21.2227095,-47.7669607
2869620053,-21.2312266,-47.7646568
2872916911,-21.20429,-47.7702079
2873313867,-21.1894361,-47.7538995
2873313868,-21.1895578,-47.754021
2873313871,-21.2047099,-47.7609484
2873313874,-21.2047831,-47.7498279
2873422583,-21.2073587,-47.780339
2873422592,-21.2078534,-47.7789912
2873422594,-21.2083114,-47.77737
2873422595,-21.2083898,-47.7744776
2873423801,-21.2085965,-47.774418
2875140405,-21.146211,-47.8454417
2875140406,-21.1465841,-47.8451115
2875140407,-21.1469602,-47.8447398
2875140408,-21.1470864,-47.8469217
2875140409,-21.1472667,-47.8442025
2875140410,-21.1474581,-47.8466138
2875140411,-21.1475651,-47.8447312
2875140412,-21.1475569,-47.8457237
2875140413,-21.1478405,-47.8452191
2875140414,-21.1479924,-47.8439358
2875140415,-21.1483169,-47.8464519
2875140416,-21.1484221,-47.8441922
2875140417,-21.1488487,-47.8444619
2875140418,-21.1492559,-47.8447227
2875283157,-21.199497,-47.7999712
2875283158,-21.199686,-47.7998774
2875283159,-21.2000784,-47.7996893
2875283160,-21.2153554,-47.7911492
2878127492,-21.1280121,-47.7805841
2878127493,-21.1284189,-47.7796126
2878127494,-21.1288062,-47.7787191
2878598971,-21.1514036,-47.8112168
2878598972,-21.1519984,-47.8104731
2878598973,-21.1520114,-47.8098424
2878598974,-21.1525808,-47.8103578
2878598975,-21.15335,-47.8119689
2878598981,-21.1555442,-47.8159139
2878598982,-21.1564326,-47.8167058
2882034205,-21.1340682,-47.7879701
2882034208,-21.1344505,-47.7761641
2882842762,-21.1197208,-47.7995075
2882842765,-21.119762,-47.800232
2882842771,-21.1216369,-47.7989709
2882842772,-21.1217055,-47.7978322
2882842791,-21.1278931,-47.8005489
2882842795,-21.1292875,-47.7986979
2882842800,-21.1310314,-47.797317
2882842825,-21.1366924,-47.8020471
2882842838,-21.1378729,-47.7967281
2886429599,-21.148656,-47.7609519
2886429600,-21.1487014,-47.7608085
2886430205,-21.1494477,-47.7696222
2886430206,-21.1495782,-47.7696691
2886430209,-21.1502591,-47.7670002
2886430210,-21.1503273,-47.7667817
2886430211,-21.1504313,-47.7586028
2886430212,-21.150561,-47.7593678
2886430213,-21.1508179,-47.7652541
2886430214,-21.1508428,-47.7585003
2886430217,-21.1509523,-47.7653067
2886430218,-21.1512168,-47.7596137
2886430219,-21.1513007,-47.7642648
2886430222,-21.1516135,-47.758366
2886430223,-21.1511679,-47.759965
2886430224,-21.1516817,-47.7601417
2886430225,-21.151786,-47.7621086
2886430226,-21.1518434,-47.7619238
2886430227,-21.152178,-47.7585767
2886430228,-21.1523652,-47.7603839
2886430229,-21.1523512,-47.7580303
2886430230,-21.1526235,-47.760089
2886430231,-21.1527047,-47.7648006
2886430232,-21.1529001,-47.7588217
2886430233,-21.1528168,-47.7670407
2886430234,-21.1529263,-47.759152
2886430235,-21.153017,-47.7588617
2886430236,-21.1530118,-47.7613088
2886430237,-21.1530785,-47.7636143
2886430238,-21.1531661,-47.7721525
2886430239,-21.1533122,-47.7603573
2886430240,-21.1534388,-47.7625302
2886430241,-21.1536178,-47.7594135
2886430243,-21.1537103,-47.7638331
2886430245,-21.1537424,-47.7615795
2886430246,-21.1538469,-47.7714138
2886430247,-21.1539304,-47.7610055
2886430248,-21.1539715,-47.7606103
2886430249,-21.1540498,-47.7595761
2886430251,-21.1548315,-47.7686475
2886430252,-21.157352,-47.7639268
2886430253,-21.1579211,-47.7641209
2886430254,-21.1586223,-47.7643601
2886430255,-21.1592874,-47.764587
2888412933,-21.103925,-47.8018734
2888412935,-21.1040245,-47.8020687
2888412938,-21.1041202,-47.8017504
2888412939,-21.1042222,-47.8019447
2888412942,-21.1043122,-47.8016294
2888412944,-21.1043999,-47.8018331
2888412945,-21.1059296,-47.7963599
2888412948,-21.1060906,-47.7961287
2888412950,-21.1062589,-47.7966469
2888412951,-21.1062646,-47.7962845
2888412957,-21.1065661,-47.8002094
2888412958,-21.1066213,-47.80043
2888412966,-21.1069711,-47.7999522
2888412967,-21.1069961,-47.7969906
2888412968,-21.1070221,-47.8001746
2888412969,-21.1070873,-47.7976662
2888412971,-21.1071222,-47.7961335
2888412973,-21.107198,-47.7961379
2888412977,-21.1073382,-47.7975696
2888412978,-21.1073398,-47.7981078
2888412981,-21.1074527,-47.7977731
2888412984,-21.1075961,-47.796161
2888412985,-21.1076,-47.7980348
2888412991,-21.1079509,-47.7986584
2888412993,-21.1080976,-47.7961801
2888412994,-21.1081031,-47.7985518
2888412997,-21.1083983,-47.7961906
2888413901,-21.1085206,-47.7982843
2888413903,-21.1086095,-47.7998698
2888413904,-21.1087868,-47.7987845
2888413905,-21.1090606,-47.7995798
2888413906,-21.109493,-47.7983562
2888413907,-21.1097375,-47.7984592
2888413908,-21.111153,-47.797309
2888413909,-21.1114156,-47.7974007
2888413915,-21.1132685,-47.7928826
2888413920,-21.1135228,-47.7927884
2888413921,-21.1134943,-47.7932793
2888413923,-21.1137036,-47.7959378
2888413935,-21.1148381,-47.7943697
2888413938,-21.115917,-47.7881049
2888413939,-21.1159707,-47.7971798
2888413942,-21.1160201,-47.7978151
2888413943,-21.1161026,-47.7956584
2888413944,-21.1163408,-47.789144
2888413945,-21.116368,-47.7878981
2888413946,-21.1167076,-47.8001388
2888413947,-21.1167941,-47.7889304
2888413948,-21.1168132,-47.7876938
2888413949,-21.117157,-47.7998298
2888413951,-21.11725,-47.7887157
2888413952,-21.1172727,-47.7874831
2888413953,-21.1173859,-47.79969
2888413955,-21.1174473,-47.7872042
2888413956,-21.1175214,-47.787369
2888413957,-21.1176857,-47.7885104
2888413961,-21.1180498,-47.795742
2888413962,-21.1180875,-47.7954642
2888413965,-21.1184304,-47.7951919
2888413966,-21.1185011,-47.7954831
2888413967,-21.1185248,-47.7957498
2888413968,-21.1185327,-47.7954837
2888413974,-21.1195808,-47.7954658
2890537595,-21.1140485,-47.7850182
2890537596,-21.1144289,-47.7836715
2890537911,-21.1205894,-47.7866567
2890537913,-21.1233895,-47.7885369
2890537914,-21.1234023,-47.7887705
2890537917,-21.1239296,-47.7887066
2913361781,-21.1678409,-47.8155961
2913361782,-21.1679346,-47.8154821
2913419422,-21.161965,-47.8145368
2913419423,-21.1625155,-47.8144557
2913419424,-21.1628205,-47.8166087
2913419425,-21.1632144,-47.8161353
2913471971,-21.1514954,-47.812932
2913471972,-21.151669,-47.8127142
2913471973,-21.1533525,-47.8069661
2913471974,-21.1537413,-47.8064335
2913471975,-21.1544168,-47.8138621
2913471976,-21.1546384,-47.8140607
2916059147,-21.1344026,-47.8410316
2916059148,-21.1347317,-47.8414706
2919558561,-21.166106,-47.8167019
2921085827,-21.132524,-47.8419046
2921085828,-21.1326638,-47.8418133
2921085832,-21.1339474,-47.8439925
2921085833,-21.1344456,-47.8461338
2921085835,-21.1349453,-47.8457899
2921085837,-21.1351448,-47.8458123
2921085840,-21.1355863,-47.8457677
2921085842,-21.1356587,-47.8455853
2921085846,-21.1358896,-47.8459303
2921085849,-21.1363927,-47.8480039
2921085850,-21.1385381,-47.8510301
2921085851,-21.1394572,-47.8524788
2921085854,-21.142917,-47.8456958
2921085855,-21.1429685,-47.8451152
2921085857,-21.1431666,-47.8449719
2921085858,-21.143488,-47.8463599
2921085859,-21.1431928,-47.845499
2921085863,-21.1433766,-47.8448414
2921085864,-21.1433939,-47.8453528
2921085865,-21.1434028,-47.8458622
2921085867,-21.14354,-47.8447045
2921085869,-21.1435949,-47.8452067
2921085870,-21.1436295,-47.8457318
2921085871,-21.1437631,-47.8450845
2921085872,-21.1438276,-47.8455859
2921085873,-21.1439827,-47.8454567
2921085875,-21.144132,-47.845821
2921085876,-21.1446892,-47.8448156
2921085877,-21.1452157,-47.8437303
2921085878,-21.145487,-47.8431972
2921085879,-21.1457302,-47.8425909
2921085880,-21.1462545,-47.8416892
2921085881,-21.1470234,-47.84021
2921085882,-21.1478066,-47.8381853
2923522620,-21.2117445,-47.759147
2923522629,-21.2160071,-47.7589153
2923522631,-21.2163633,-47.7593692
2923522632,-21.2163694,-47.7592728
2923522638,-21.2169756,-47.7589708
2923522664,-21.2305423,-47.7601492
2923524336,-21.2342823,-47.7646232
2923524369,-21.2348435,-47.7644339
2923524386,-21.2355261,-47.7677342
2923524398,-21.2359661,-47.772814
2923524553,-21.2382453,-47.7625326
2923524557,-21.238433,-47.7672869
2923524560,-21.238476,-47.7629738
2923524575,-21.2389087,-47.7618447
2923524584,-21.2389192,-47.7592225
2923524598,-21.2392515,-47.7613263
2923524708,-21.2394478,-47.7603801
2923524710,-21.2394735,-47.7662746
2923524712,-21.2396853,-47.7609863
2923524713,-21.2397922,-47.7588305
2923524714,-21.2398141,-47.7655733
2923524715,-21.2401179,-47.7668916
2923524716,-21.2402634,-47.7645164
2923524717,-21.2403384,-47.7586266
2923524718,-21.2404853,-47.7606161
2923524719,-21.2408178,-47.7604793
2923524720,-21.2414244,-47.7636884
2923524721,-21.24215,-47.7666892
2925530747,-21.1492433,-47.8291201
2925530748,-21.1497581,-47.8284416
2925530749,-21.1516669,-47.8269322
2925530751,-21.152586,-47.8277376
2925530756,-21.1605269,-47.8280384
2925530757,-21.1610118,-47.8273684
2926485912,-21.1951604,-47.7889363
2926485917,-21.1953384,-47.788822
2926485921,-21.1962281,-47.7908814
2926485933,-21.1964519,-47.7906556
2926485935,-21.196593,-47.7906444
2930197418,-21.1460026,-47.8524331
2930197421,-21.1466749,-47.8526306
2930197422,-21.1470485,-47.8536474
2930197426,-21.1471988,-47.8535991
2930197427,-21.1472369,-47.8572871
2930197431,-21.1475678,-47.857318
2930197432,-21.1476906,-47.8572646
2930197435,-21.1490198,-47.854309
2930197437,-21.1490423,-47.8548034
2930197438,-21.1491715,-47.8568851
2930197439,-21.1491778,-47.857183
2930197441,-21.1498058,-47.8511314
2930197442,-21.1499292,-47.8516394
2930197445,-21.1507498,-47.8566094
2930197446,-21.1507901,-47.8563855
2930197448,-21.1508153,-47.8568618
2930197450,-21.1509037,-47.8565623
2932184954,-21.1348002,-47.8519772
2937291037,-21.202321,-47.8092721
2937893705,-21.123616,-47.8163189
2937893708,-21.1237222,-47.8164395
2937893720,-21.1332744,-47.8229666
2937893723,-21.1337423,-47.8197361
2937893726,-21.1344376,-47.8203999
2937893735,-21.1356323,-47.8057918
2937893737,-21.1358176,-47.8219523
2937893738,-21.1359561,-47.8054099
2937893740,-21.1362528,-47.8050056
2937893742,-21.1364505,-47.8065569
2937893743,-21.136741,-47.821902
2937893744,-21.1367746,-47.8061524
2937893750,-21.1371055,-47.8057405
2937893751,-21.1371167,-47.8131773
2937893753,-21.141865,-47.8160267
2937893754,-21.1424699,-47.8152308
2937893755,-21.1429171,-47.8075681
2937893756,-21.1435393,-47.8067872
2939860442,-21.1627311,-47.8004779
2939860443,-21.1634507,-47.7995366
2939860446,-21.169144,-47.8080282
2939860447,-21.1696442,-47.8084554
2939860449,-21.1779225,-47.8005233
2939860450,-21.1784748,-47.8003626
2940019727,-21.1615813,-47.7880624
2940019731,-21.1628363,-47.7892737
2940874402,-21.1632114,-47.7898037
2940874403,-21.166622,-47.7982984
2940874404,-21.1670375,-47.7986538
2941388930,-21.1597671,-47.7695981
2941388933,-21.1600398,-47.7692057
2941388946,-21.1653059,-47.7877573
2941388952,-21.1662403,-47.7857467
2941388953,-21.1669404,-47.7863358
2941388954,-21.1671551,-47.7845304
2941388956,-21.1678522,-47.7851353
2941388958,-21.1707365,-47.7877342
2941388959,-21.171719,-47.7881481
2941388960,-21.1717564,-47.7816675
2941388961,-21.1731332,-47.7830108
2941388962,-21.1737355,-47.7823805
2941388965,-21.17502,-47.7835467
2949762336,-21.1533036,-47.768112
2949762358,-21.1545203,-47.7695878
2949762359,-21.1556908,-47.7708085
2949762360,-21.1557914,-47.7708309
2949762363,-21.1558623,-47.7700782
2949762364,-21.155932,-47.7701024
2949762365,-21.1562118,-47.7716103
2949762367,-21.1562479,-47.7691627
2949762370,-21.1564976,-47.7710087
2955227324,-21.1901776,-47.794033
2955228037,-21.1935251,-47.7919128
2956284892,-21.2048691,-47.7602917
2956284896,-21.2056417,-47.7587797
2956284904,-21.2060585,-47.7563058
2956284910,-21.2062467,-47.755287
2961664934,-21.1831541,-47.7970658
2961664943,-21.1834626,-47.7969729
2961664948,-21.1844705,-47.7965274
2961665004,-21.1888204,-47.7934087
2961665005,-21.1888581,-47.7966816
2961912933,-21.1107603,-47.8130757
2961912934,-21.1130906,-47.8150542
2961912935,-21.1133355,-47.816823
2961912936,-21.1135781,-47.8151146
2961912937,-21.1138387,-47.816834
2961912938,-21.1140027,-47.8152204
2961912939,-21.1145301,-47.81593
2961912941,-21.1146384,-47.8160348
2961912943,-21.1148442,-47.8239111
2961912944,-21.1156394,-47.8214716
2961912949,-21.1163539,-47.8272457
2961912955,-21.1169269,-47.8282727
2961912956,-21.1165266,-47.813307
2961912958,-21.1165233,-47.8281759
2961912973,-21.1170262,-47.8284336
2961912984,-21.1174581,-47.8279017
2961912991,-21.1175775,-47.828085
2961912992,-21.1176115,-47.827588
2961913004,-21.1178808,-47.8276292
2961913005,-21.117905,-47.8280385
2961913013,-21.1183359,-47.8111988
2961913019,-21.1192396,-47.831706
2961913022,-21.119514,-47.8318805
2961913026,-21.1204234,-47.821873
2961913029,-21.121092,-47.8076711
2970592599,-21.1360911,-47.7719777
2970592606,-21.1363625,-47.7696433
2970592615,-21.1367307,-47.7702061
2970592623,-21.1369398,-47.7706549
2970592630,-21.1422329,-47.7803631
2970592733,-21.1426899,-47.7796621
2970592734,-21.1430418,-47.7798387
2970592740,-21.1443718,-47.7737542
2970592741,-21.1446201,-47.7729897
2970592742,-21.144485,-47.7740935
2970592743,-21.1446323,-47.7736169
2970592747,-21.1480165,-47.7630192
2970592748,-21.1480535,-47.7628858
2970619823,-21.1162511,-47.7498298
2970619827,-21.119095,-47.7494134
2970619829,-21.1201334,-47.7516033
2970619830,-21.1205711,-47.7503779
2970619831,-21.1210886,-47.7487893
2970619832,-21.1212568,-47.7455065
2970622138,-21.1218835,-47.7527216
2970622139,-21.1219886,-47.7485186
2970622140,-21.1223451,-47.7514811
2970622141,-21.123117,-47.7492803
2970622149,-21.1248472,-47.7530669
2970622150,-21.1249185,-47.7541152
2970622151,-21.1254158,-47.7545855
2970622152,-21.1255677,-47.7502674
2970622157,-21.1273015,-47.7505796
2971931817,-21.2411962,-47.8258403
2971931821,-21.2430259,-47.8252142
2971931822,-21.2452345,-47.8246693
2981917590,-21.1370725,-47.7950084
2981917591,-21.1380345,-47.7954929
2981917592,-21.1381567,-47.7955423
2981917605,-21.1495141,-47.8160439
2981917606,-21.1496324,-47.8166983
2981917616,-21.1542335,-47.8149569
2981917619,-21.1569264,-47.8212303
2981917620,-21.157431,-47.820611
2981944607,-21.1348146,-47.7399993
2981944611,-21.1351836,-47.7418681
2984941096,-21.1867234,-47.77026
2984941099,-21.1867807,-47.7706887
2984941100,-21.1868473,-47.7702827
2984941103,-21.1868885,-47.7702141
2984941105,-21.18694,-47.7701284
2984941108,-21.1869741,-47.7700749
2984941110,-21.1870238,-47.7697611
2984941112,-21.1870608,-47.7702728
2984941118,-21.187341,-47.7701591
2984941120,-21.1876572,-47.7702739
2984941121,-21.1877334,-47.7697842
2984941124,-21.1884752,-47.7710511
2984941127,-21.1885341,-47.7706993
2984941132,-21.1886341,-47.7700783
2984951935,-21.1887474,-47.7700986
2984951940,-21.1891879,-47.7700296
2984951947,-21.1895532,-47.7702428
2984951949,-21.1900881,-47.7703446
2984963807,-21.1636817,-47.7486563
2984963808,-21.1643368,-47.7484049
2984963809,-21.1645302,-47.7412864
2984963810,-21.1648256,-47.7410581
2984963811,-21.1648529,-47.7412049
2984963812,-21.1649045,-47.7459581
2984963813,-21.1649092,-47.7461781
2984963814,-21.1650066,-47.746063
2984963815,-21.1650937,-47.7482829
2988946097,-21.1899933,-47.7545417
2988946177,-21.1913339,-47.7558073
2988946454,-21.2056567,-47.7585718
2988946481,-21.2062862,-47.7568141
2988946514,-21.2071334,-47.760372
2988946520,-21.2072599,-47.7579251
2988946634,-21.2080668,-47.7581315
2989596671,-21.200562,-47.8068009
2991659920,-21.1690865,-47.730529
2991659927,-21.1695253,-47.7288355
2991659928,-21.1695846,-47.7302068
2991660047,-21.1702096,-47.7292711
2991660051,-21.1702369,-47.7273822
2991660059,-21.1704226,-47.7280949
2991660073,-21.1710023,-47.7271766
2991660076,-21.171098,-47.729787
2991660079,-21.1711447,-47.7296932
2991660090,-21.1718177,-47.7301715
2991660091,-21.1718326,-47.7287858
2991660092,-21.1718634,-47.7300803
2991660093,-21.1718782,-47.7256572
2991660097,-21.1719586,-47.7291305
2991660105,-21.1721187,-47.728848
2991660107,-21.1722769,-47.7287135
2991660113,-21.1725002,-47.7306172
2991660116,-21.1725217,-47.7306694
2991660120,-21.172603,-47.730741
2991660121,-21.1726197,-47.7303927
2991660123,-21.1726726,-47.730386
2991660125,-21.1727211,-47.728328
2991660127,-21.172757,-47.7307259
2991660128,-21.1727761,-47.7304287
2991660136,-21.1728371,-47.730584
2991660145,-21.1733761,-47.7277315
2991660147,-21.1734543,-47.7276603
2991660148,-21.173505,-47.7302217
2991660150,-21.173528,-47.7303088
2991660154,-21.1736787,-47.7316773
2991660155,-21.1736981,-47.7281952
2991660158,-21.1741802,-47.7309821
2991660163,-21.1748983,-47.7325041
2991660169,-21.1753137,-47.7317689
2991660171,-21.1754648,-47.7291159
2991660182,-21.1772895,-47.7300669
2991660185,-21.1773935,-47.7317422
2991660186,-21.1774378,-47.7341899
2991660190,-21.1774889,-47.7335104
2991660194,-21.177504,-47.7333155
2991660196,-21.1775182,-47.734181
2991660201,-21.1776451,-47.7347683
2991660203,-21.1780834,-47.7356428
2991660205,-21.1781559,-47.7355437
2991660208,-21.1783857,-47.736116
2991660211,-21.1785391,-47.7316992
2991660212,-21.1786079,-47.7298466
2991660214,-21.1790081,-47.7297936
2991660219,-21.1806536,-47.7355018
2991660230,-21.182784,-47.7357379
2991660333,-21.1828215,-47.7329701
2991660335,-21.1829572,-47.7332504
2991660339,-21.186222,-47.7412366
2991660340,-21.1864715,-47.7422591
2991660341,-21.1864639,-47.741014
2991660342,-21.1866162,-47.7422331
2991660344,-21.1873631,-47.7420765
2991660346,-21.1876984,-47.7330541
2991660347,-21.1876565,-47.7424217
2992935441,-21.2024162,-47.8117924
2992935442,-21.2025163,-47.8118831
2992935443,-21.202954,-47.8110972
2992935444,-21.2030523,-47.8111822
3002886103,-21.2443877,-47.7571274
3003936520,-21.1581541,-47.7429531
3003936523,-21.1612157,-47.7343745
3003936524,-21.1612276,-47.7400731
3003936525,-21.161517,-47.7357347
3003936527,-21.1621195,-47.7383979
3003936530,-21.1624359,-47.7397556
3003939533,-21.163273,-47.7321899
3003939534,-21.1635925,-47.7320701
3003939535,-21.1670662,-47.7509443
3003939536,-21.1673753,-47.7508458
3003939537,-21.1675052,-47.7508092
3005871917,-21.140249,-47.8395773
3006086133,-21.1839516,-47.7083172
3006086134,-21.1876405,-47.7067667
3006086136,-21.188074,-47.7072884
3006086138,-21.1907661,-47.7162897
3006086148,-21.1948996,-47.7145688
3006086161,-21.1956231,-47.7156293
3006086164,-21.1958268,-47.7063522
3006086170,-21.2011654,-47.7245671
3006977803,-21.1933424,-47.7981738
3006977805,-21.1933865,-47.797936
3006977810,-21.196837,-47.7977811
3006977813,-21.1969346,-47.7982859
3007023555,-21.1840018,-47.7547102
3007023557,-21.1852193,-47.7534527
3007023558,-21.1852372,-47.7559978
3007023559,-21.1855787,-47.7535084
3007023560,-21.185676,-47.7564306
3007522451,-21.1815738,-47.7569647
3007522456,-21.1833251,-47.7567554
3007522468,-21.1889263,-47.7360293
3007522469,-21.1895338,-47.7413037
3007522470,-21.1897205,-47.7415273
3007522472,-21.1914224,-47.734687
3007522473,-21.1918341,-47.7351334
3007522474,-21.1922828,-47.738641
3007522475,-21.1924706,-47.7388548
3007522482,-21.1934862,-47.7395922
3007522486,-21.1996207,-47.7340711
3007522487,-21.1996464,-47.7335516
3009768974,-21.1934648,-47.7475634
3009768975,-21.1936208,-47.7475648
3009768983,-21.1941472,-47.7475554
3009768992,-21.19483,-47.7358761
3009769000,-21.1959228,-47.7358621
3015485334,-21.197695,-47.7884058
3019407663,-21.2026532,-47.8219663
3034496948,-21.1920906,-47.8010655
3034496949,-21.192419,-47.8010358
3034665305,-21.2243343,-47.8014079
3034665306,-21.2245076,-47.8024302
3034667052,-21.232797,-47.7924932
3034667053,-21.2329813,-47.7920467
3034667055,-21.2332048,-47.8129826
3034667061,-21.2335111,-47.7900483
3034667063,-21.2337306,-47.788339
3034667066,-21.2342081,-47.7927231
3034667073,-21.2344832,-47.7928334
3034667075,-21.234578,-47.7918191
3034667078,-21.2347722,-47.7909932
3034667079,-21.2348022,-47.7893629
3034667083,-21.2348254,-47.7900549
3034667086,-21.2349016,-47.7919456
3034667089,-21.2350633,-47.7894481
3034667092,-21.2351351,-47.7910974
3034667093,-21.2351366,-47.7900967
3034667098,-21.2353465,-47.7892879
3034667099,-21.2354256,-47.7890856
3034667101,-21.2357904,-47.7933446
3034667102,-21.2358756,-47.793114
3034667110,-21.2365707,-47.7903396
3034667111,-21.2366365,-47.78992
3034667112,-21.2367127,-47.7897097
3034667114,-21.2371982,-47.8187086
3034667122,-21.2374761,-47.8187221
3034667123,-21.2378417,-47.8170053
3034667124,-21.238034,-47.8171085
3034667130,-21.2386709,-47.8176438
3034667131,-21.238658,-47.7909336
3034667134,-21.2387472,-47.7907421
3034667136,-21.2388531,-47.8178808
3034667140,-21.238811,-47.8185172
3034667145,-21.2390013,-47.8181095
3034667147,-21.239222,-47.8186029
3034667148,-21.2393875,-47.8188367
3034667150,-21.2399557,-47.7916252
3034667151,-21.2400818,-47.7913788
3034667154,-21.2411544,-47.7923927
3034667158,-21.2412749,-47.7921829
3034667167,-21.2417697,-47.7921391
3034667168,-21.2418323,-47.7928262
3034667172,-21.24194,-47.7926395
3034704733,-21.121749,-47.8238761
3035179686,-21.1432536,-47.8462729
3035179693,-21.1439309,-47.8474649
3035179699,-21.1447872,-47.8489563
3035179702,-21.1458694,-47.8428446
3035179706,-21.146005,-47.8421336
3035179707,-21.1459841,-47.8427024
3035179708,-21.1461039,-47.8372844
3035179709,-21.1461974,-47.8513643
3035179714,-21.1465716,-47.8383168
3035179716,-21.1465688,-47.8378566
3035179718,-21.1467006,-47.8431437
3035179720,-21.1467416,-47.8419752
3035179721,-21.1469431,-47.8426967
3035179722,-21.1471214,-47.8434071
3035179724,-21.1471688,-47.8422204
3035179725,-21.147341,-47.8419154
3035179726,-21.1474661,-47.8403999
3035179727,-21.1475703,-47.8387395
3035179729,-21.1477687,-47.8421877
3035181334,-21.1480288,-47.8406413
3035181336,-21.1481995,-47.8389031
3035181337,-21.1482047,-47.8424525
3035181340,-21.1484145,-47.8482723
3035181341,-21.1484611,-47.8401057
3035181343,-21.1486045,-47.8406493
3035181345,-21.1486543,-47.8427256
3035181346,-21.1487345,-47.8488329
3035181347,-21.1488514,-47.8412569
3035181348,-21.1490705,-47.8429776
3035181349,-21.1492022,-47.8416992
3035181350,-21.1495827,-47.8420074
3035181351,-21.1499242,-47.8434923
3035181352,-21.1504351,-47.8425307
3036330330,-21.1426875,-47.8426628
3036330738,-21.1438338,-47.8462906
3036330740,-21.144306,-47.8470957
3036330742,-21.1444198,-47.8453396
3036330743,-21.1446919,-47.846791
3036330745,-21.1449622,-47.8442898
3036330746,-21.1450702,-47.846456
3036330748,-21.1451612,-47.8485926
3036330749,-21.1454593,-47.8461101
3036330750,-21.1455566,-47.8482838
3036330752,-21.1456525,-47.850452
3036330753,-21.1458361,-47.845775
3036330755,-21.1459383,-47.8479503
3036330758,-21.146029,-47.8500912
3036330760,-21.1463364,-47.8476023
3036330761,-21.1464084,-47.8497529
3036330763,-21.1466077,-47.8513331
3036330768,-21.1466697,-47.8511864
3036330769,-21.146694,-47.8472623
3036330770,-21.146787,-47.849408
3036330771,-21.1469034,-47.8514279
3036330773,-21.1471586,-47.8490848
3036330774,-21.14721,-47.8511435
3036330775,-21.1472945,-47.8512693
3036330776,-21.1475492,-47.8487451
3036330777,-21.1478862,-47.8503308
3036330778,-21.147942,-47.8484034
3036330779,-21.1480568,-47.8512288
3036330780,-21.1481849,-47.8498201
3036330781,-21.1483203,-47.848109
3036330783,-21.1484748,-47.8492873
3036330784,-21.1486097,-47.84937
3036330786,-21.1488675,-47.8506575
3036330787,-21.1488954,-47.8511842
3036349063,-21.2028153,-47.8088021
3036349064,-21.2028822,-47.8089077
3036349067,-21.2029803,-47.8099795
3036349071,-21.2031847,-47.8096722
3036366769,-21.2020259,-47.8679522
3036366789,-21.203071,-47.8668228
3036366795,-21.2035069,-47.8639558
3036366809,-21.2448665,-47.8078921
3036366811,-21.2454907,-47.8061919
3036366815,-21.2440792,-47.8032663
3036366816,-21.2445466,-47.803852
3036366822,-21.2456913,-47.8053237
3036366824,-21.2461673,-47.8053677
3036366826,-21.2462014,-47.8059908
3036368035,-21.2484281,-47.8081282
3036368037,-21.249541,-47.8089085
3036368040,-21.2497908,-47.8101631
3036368045,-21.2499399,-47.8101819
3036368050,-21.2500255,-47.8090559
3036368054,-21.2500612,-47.808786
3036368055,-21.2500899,-47.8095615
3036368056,-21.2500951,-47.8092281
3036368061,-21.2502542,-47.80936
3036368062,-21.2502567,-47.8085897
3036368069,-21.2504126,-47.8083152
3036368073,-21.2504562,-47.8085623
3036368075,-21.2505265,-47.8074297
3036368082,-21.2506521,-47.8074833
3036368088,-21.2507636,-47.8088172
3036368089,-21.2507718,-47.8090999
3036368103,-21.2509941,-47.8090584
3036368104,-21.2510063,-47.8088375
3036368108,-21.2514708,-47.8090349
3036368109,-21.2515305,-47.8087979
3036368112,-21.2518125,-47.8090339
3036368113,-21.2518609,-47.8088144
3036368117,-21.253122,-47.8093015
3036368118,-21.2531953,-47.8091195
3036368128,-21.254969,-47.8080146
3036368131,-21.2551777,-47.8088939
3036368134,-21.2556743,-47.8079654
3036368143,-21.2558163,-47.8079592
3036368144,-21.2558203,-47.8085904
3036368150,-21.2558969,-47.8093403
3036368154,-21.2559174,-47.8126239
3036368164,-21.256002,-47.8090147
3036368165,-21.256006,-47.8095837
3036368184,-21.2561761,-47.8089063
3036368186,-21.2561822,-47.8096895
3036368200,-21.2564007,-47.8096762
3036368211,-21.2565232,-47.8089972
3036368218,-21.256631,-47.8091788
3036368237,-21.2581215,-47.8072709
3036368238,-21.2608324,-47.8157999
3036368244,-21.2751928,-47.8152543
3036368246,-21.2753435,-47.8070574
3036368247,-21.2756272,-47.806654
3036368248,-21.2763091,-47.8054535
3036368249,-21.2763758,-47.8071666
3036368254,-21.2769155,-47.805824
3036862971,-21.193431,-47.7498913
3036862974,-21.1935621,-47.7503492
3036862976,-21.1935675,-47.7499951
3036862977,-21.1936109,-47.7486405
3036862979,-21.1936232,-47.7474827
3036862990,-21.1938632,-47.746578
3036862991,-21.1938508,-47.7499486
3036862993,-21.1938713,-47.7490564
3038319418,-21.1752008,-47.7933309
3038319423,-21.1761011,-47.794092
3038321660,-21.1891455,-47.7867785
3038375390,-21.1904077,-47.7586099
3038375392,-21.1909942,-47.7580441
3038375406,-21.193179,-47.758479
3038375411,-21.1932122,-47.7598964
3038375417,-21.1933271,-47.7599058
3038375421,-21.1934595,-47.7430422
3038375423,-21.1934585,-47.740728
3038375425,-21.1935158,-47.7585179
3038375639,-21.1936137,-47.7430871
3038375640,-21.1935987,-47.7418727
3038375641,-21.1935987,-47.7417769
3038375644,-21.1935988,-47.7416353
3038375648,-21.1936131,-47.7407616
3038375655,-21.1936853,-47.7587132
3038375667,-21.1937982,-47.758192
3038375668,-21.1938763,-47.7417728
3038375672,-21.1941578,-47.7569659
3038375679,-21.1943501,-47.7568824
3038375687,-21.1945568,-47.7569555
3038375689,-21.1948527,-47.7571506
3038375695,-21.1951365,-47.7430268
3038375701,-21.1953039,-47.7433465
3038375704,-21.195393,-47.7432085
3038375705,-21.1954719,-47.7436136
3038375707,-21.1956347,-47.7432495
3038390303,-21.2577632,-47.8209449
3038390304,-21.2580309,-47.8190721
3038390306,-21.258051,-47.8203895
3038390313,-21.2600586,-47.8214549
3038390316,-21.2602687,-47.8214054
3038390317,-21.260338,-47.8216132
3038390320,-21.2605225,-47.8215471
3038390342,-21.2651729,-47.8284304
3038390344,-21.2658055,-47.8287148
3038390345,-21.266463,-47.8289898
3038390348,-21.2669211,-47.8291493
3038390351,-21.2682358,-47.8380497
3038390359,-21.2702891,-47.833352
3038390360,-21.270323,-47.8331805
3038390369,-21.2710536,-47.8335086
3038390370,-21.271048,-47.8336921
3038390372,-21.271084,-47.8333139
3038390373,-21.2711228,-47.833139
3038390382,-21.2713254,-47.8326709
3038390383,-21.271369,-47.8354195
3038390384,-21.2713636,-47.836326
3038390387,-21.271436,-47.8351899
3038390388,-21.2714596,-47.832331
3038390391,-21.2714929,-47.8364354
3038390393,-21.271567,-47.8353696
3038390394,-21.271604,-47.8325436
3038390395,-21.2717004,-47.835563
3038390398,-21.2718057,-47.8356733
3038390405,-21.2718917,-47.832574
3038390409,-21.27197,-47.8358048
3038390412,-21.2721352,-47.8358953
3038390415,-21.2723957,-47.836018
3038390424,-21.272591,-47.8361542
3038390425,-21.2725927,-47.8359575
3038390428,-21.2729959,-47.8361416
3038390429,-21.2730119,-47.8363311
3038390438,-21.2739752,-47.836007
3038390442,-21.274038,-47.83628
3039444891,-21.2482447,-47.8065397
3039444892,-21.2479654,-47.8060977
3039444893,-21.2483346,-47.8063356
3039444894,-21.2489886,-47.8067369
3039444896,-21.2497864,-47.804975
3039444929,-21.2515584,-47.8092289
3039450344,-21.2517441,-47.8085594
3039450486,-21.2609035,-47.8136814
3040114956,-21.2667232,-47.8125818
3040114963,-21.2681222,-47.8130997
3040114970,-21.2688921,-47.8129245
3040114971,-21.2691795,-47.8132923
3040114972,-21.2694053,-47.8131492
3040114973,-21.2695129,-47.8130685
3040114975,-21.2697504,-47.8151143
3040114976,-21.2699151,-47.8133972
3044907641,-21.2474912,-47.8150225
3044907645,-21.2476942,-47.8149791
3044907646,-21.2477286,-47.8143599
3044907647,-21.2477253,-47.8137594
3044907649,-21.2477364,-47.8134335
3044907653,-21.2478712,-47.8149501
3044907659,-21.2479848,-47.8149308
3044907672,-21.2481798,-47.8137055
3044907673,-21.2481814,-47.8138532
3044907815,-21.2610649,-47.807207
3044907830,-21.2620297,-47.8028829
3044907832,-21.2630677,-47.8057022
3044907837,-21.264297,-47.8303466
3044907838,-21.2644727,-47.8304503
3044907840,-21.2647056,-47.8300727
3044907842,-21.2648945,-47.8293716
3044907843,-21.2650088,-47.8295811
3044907849,-21.265229,-47.8297499
3044907850,-21.2652362,-47.8287644
3044907852,-21.2652785,-47.8283255
3044907854,-21.2654374,-47.8289107
3044907859,-21.2657874,-47.8285515
3044907862,-21.2663509,-47.8292581
3044907875,-21.2692913,-47.8407345
3044907876,-21.2693027,-47.8380837
3044907883,-21.2699247,-47.8430681
3044907884,-21.2699526,-47.8404545
3044907885,-21.2699636,-47.8377707
3044907888,-21.2700662,-47.8408732
3044907892,-21.2702192,-47.8414372
3044907894,-21.2702801,-47.8408855
3044907895,-21.2702804,-47.8376206
3044907896,-21.2703063,-47.8402985
3044907900,-21.270468,-47.8404609
3044907906,-21.2706042,-47.8428567
3044907907,-21.2706138,-47.8375134
3044907908,-21.2706227,-47.8401589
3044907910,-21.2706284,-47.8373507
3044907918,-21.2710707,-47.8367641
3044907920,-21.2711194,-47.836889
3044907924,-21.2711981,-47.8365424
3044907926,-21.2712165,-47.8451572
3044907931,-21.2712481,-47.8363626
3044907936,-21.2713179,-47.8426471
3044907939,-21.2713354,-47.8366586
3044907944,-21.2714496,-47.8366171
3044907949,-21.2715062,-47.8434539
3044907989,-21.2721113,-47.8389375
3045749896,-21.2373891,-47.7828302
3045749905,-21.2384693,-47.7832942
3045749917,-21.2517333,-47.7892841
3045749923,-21.2520008,-47.7897254
3045749926,-21.2524245,-47.7895886
3045752533,-21.255806,-47.7946498
3045752554,-21.2577239,-47.7960288
3045752555,-21.2578926,-47.7864656
3045752559,-21.258456,-47.7925571
3045752560,-21.2589043,-47.8029633
3045752565,-21.2597818,-47.8048797
3045752573,-21.2603494,-47.7981607
3045752579,-21.2606592,-47.7825148
3045752597,-21.2638255,-47.7946025
3045752605,-21.2650929,-47.7951448
3045752611,-21.2709323,-47.795391
3045752613,-21.2710614,-47.7957345
3045752615,-21.271322,-47.7956883
3047621270,-21.2414141,-47.7580078
3047621274,-21.2425031,-47.7589077
3047621298,-21.2475848,-47.7569139
3047621299,-21.2477723,-47.7568549
3047621312,-21.2587629,-47.7543514
3047621313,-21.2588129,-47.7541257
3047621323,-21.261971,-47.755174
3047621326,-21.2621621,-47.7543554
3047621332,-21.2661753,-47.7559105
3047622833,-21.2660577,-47.755644
3048384855,-21.2303458,-47.8564359
3048384859,-21.2312547,-47.8627418
3048384862,-21.2317372,-47.84816
3048384863,-21.2317447,-47.848746
3048384867,-21.232411,-47.8475538
3048384872,-21.2330324,-47.8535655
3048384876,-21.2336485,-47.8554046
3048384882,-21.2367269,-47.8358568
3048384883,-21.2367694,-47.8359942
3048384884,-21.2367804,-47.8470583
3048384885,-21.2368233,-47.8358293
3048384886,-21.2368611,-47.8359679
3048384888,-21.2372816,-47.8358414
3048384890,-21.2374807,-47.8366278
3048384894,-21.2378356,-47.8376767
3048384897,-21.2381412,-47.8412372
3048384902,-21.2383349,-47.8416717
3048384905,-21.2383873,-47.8353611
3048384906,-21.2384774,-47.8420794
3048384907,-21.2384205,-47.8354995
3048384909,-21.2385324,-47.8417254
3048384911,-21.2385391,-47.8353156
3048384913,-21.2385711,-47.8354543
3048384917,-21.2387387,-47.8459404
3048384920,-21.2388518,-47.83537
3048384921,-21.2388837,-47.8449413
3048384923,-21.2388899,-47.8414451
3048384924,-21.2390448,-47.836144
3048384927,-21.2396007,-47.8388965
3048384929,-21.2397592,-47.8349507
3048384930,-21.2397904,-47.8350883
3048384931,-21.2399027,-47.8349078
3048384932,-21.2399325,-47.8350456
3048385034,-21.2406882,-47.8356637
3048385039,-21.2410591,-47.8355368
3048385042,-21.2412921,-47.8409408
3048385052,-21.2421774,-47.8343682
3048385053,-21.2421819,-47.834504
3048385054,-21.2423311,-47.8343706
3048385055,-21.2423311,-47.834504
3048385059,-21.2428422,-47.8393867
3048385060,-21.2429934,-47.8353138
3048385061,-21.2430591,-47.8345137
3048385067,-21.2440041,-47.8346641
3048385068,-21.2440448,-47.8345428
3048385069,-21.2441488,-47.8347126
3048385070,-21.2441872,-47.8345816
3048385075,-21.2450301,-47.8359484
3048385076,-21.2451761,-47.8349595
3048385077,-21.2453515,-47.835222
3048385081,-21.2456673,-47.8363891
3048385085,-21.2459964,-47.835639
3048385088,-21.2460739,-47.8354895
3048385130,-21.2524448,-47.8315606
3048385133,-21.2525175,-47.8317019
3048385136,-21.2530784,-47.8333836
3048385137,-21.253271,-47.8332913
3048385151,-21.2649828,-47.8315681
3048385152,-21.265362,-47.8322172
3048385154,-21.265745,-47.8328601
3048385157,-21.2660244,-47.8300355
3048385158,-21.2661256,-47.8335054
3048385163,-21.2663746,-47.8307017
3048385164,-21.2665064,-47.8341508
3048385169,-21.2667444,-47.8313824
3048385171,-21.2668854,-47.8347974
3048385176,-21.2671076,-47.8320554
3048385177,-21.2671447,-47.8321256
3048385182,-21.267266,-47.8354467
3048385186,-21.2674108,-47.8326316
3048385190,-21.2676384,-47.836082
3048385191,-21.2676524,-47.8322869
3048385195,-21.2677975,-47.8332674
3048385197,-21.2678636,-47.8332248
3048385198,-21.2679008,-47.8326111
3048385205,-21.2680153,-47.836725
3048385207,-21.2680683,-47.8316779
3048385215,-21.2682412,-47.8338645
3048385225,-21.2685041,-47.8310549
3048385230,-21.2686565,-47.8330039
3048385232,-21.2686676,-47.8328973
3048385234,-21.2687472,-47.8344337
3048385236,-21.2689102,-47.8304451
3048385242,-21.2692358,-47.8350004
3048385247,-21.2693999,-47.8331509
3048385248,-21.2694,-47.8330371
3048385253,-21.2696489,-47.8356392
3048385268,-21.2700421,-47.8333213
3048385272,-21.2700857,-47.8331009
3048385273,-21.2700954,-47.8327312
3048385275,-21.2701184,-47.8330845
3048385280,-21.2701872,-47.8334034
3048385281,-21.2701947,-47.8330708
3049831442,-21.2697275,-47.8281157
3049831443,-21.2711982,-47.825537
3049831445,-21.2743917,-47.8154174
3049831449,-21.2754423,-47.8164669
3049831451,-21.2757608,-47.8175863
3049831453,-21.2758255,-47.8172714
3049831456,-21.2762314,-47.817544
3049831470,-21.2776561,-47.8169812
3049831472,-21.2777493,-47.8165183
3049831474,-21.2778351,-47.8169448
3049831475,-21.2778562,-47.8165097
3049831477,-21.2779508,-47.8168478
3049831481,-21.2779884,-47.8167875
3049831483,-21.2780458,-47.8170017
3049831490,-21.2783699,-47.8167972
3049831491,-21.2784568,-47.8085798
3049831510,-21.2806985,-47.8095585
3049831517,-21.2812509,-47.8178659
3049831518,-21.2813337,-47.8177358
3049831520,-21.2815167,-47.8074038
3049831527,-21.2820487,-47.8101566
3049831528,-21.2820662,-47.8186313
3049831538,-21.2822599,-47.8183535
3049831545,-21.2824934,-47.8184113
3049831550,-21.2826092,-47.8191777
3049831558,-21.2828795,-47.8166023
3049831560,-21.2829026,-47.8187476
3049831573,-21.2831631,-47.8104293
3049831582,-21.2833633,-47.8198937
3049831585,-21.2834303,-47.8099855
3049831596,-21.2837039,-47.8095362
3049831597,-21.2837223,-47.8204611
3049831600,-21.2838123,-47.816369
3049831603,-21.2839547,-47.8090775
3049831615,-21.2842331,-47.816217
3049831621,-21.2842522,-47.8163091
3049831626,-21.2843255,-47.8163545
3049831632,-21.2844546,-47.8161168
3049831634,-21.2844961,-47.8162542
3049831646,-21.2846156,-47.8168527
3049831655,-21.2846627,-47.8175418
3049831663,-21.2847587,-47.8173158
3049831670,-21.2848715,-47.8176431
3049831680,-21.2849673,-47.8174196
3049831702,-21.285337,-47.8190914
3049831716,-21.2857187,-47.8207331
3049831723,-21.2858155,-47.8205002
3049831743,-21.286018,-47.8206008
3049831755,-21.2864786,-47.815272
3049831762,-21.2867642,-47.8169075
3049831768,-21.2870413,-47.8185767
3049831770,-21.2873102,-47.8202318
3049831772,-21.2878965,-47.8184355
3049831795,-21.289479,-47.8134268
3049831798,-21.2903795,-47.8139863
3051044642,-21.1433784,-47.8465013
3051044644,-21.1588568,-47.8454485
3051044648,-21.1610268,-47.8422634
3051044676,-21.1939555,-47.8706568
3051044680,-21.1969542,-47.8777516
3051209286,-21.2238436,-47.8349312
3051209301,-21.2249832,-47.8366662
3051222069,-21.2365061,-47.8400396
3051222076,-21.2375729,-47.8408264
3051222080,-21.237009,-47.8306627
3051222087,-21.2378341,-47.8355266
3051222091,-21.2379337,-47.8351673
3051222096,-21.238115,-47.8354425
3051222112,-21.2402012,-47.8404634
3051222115,-21.2401612,-47.8410199
3051222116,-21.2403036,-47.8391316
3051222119,-21.2403231,-47.8409904
3051222130,-21.2407877,-47.840874
3051222131,-21.2408205,-47.838853
3051222233,-21.2408514,-47.8390265
3051222239,-21.2411891,-47.8387688
3051222240,-21.2412032,-47.8405546
3051222243,-21.2413366,-47.8381946
3051222245,-21.2413761,-47.8390402
3051222250,-21.241464,-47.8383361
3051222254,-21.2415981,-47.8402045
3051222259,-21.2418187,-47.8399766
3051222263,-21.2419101,-47.8378449
3051222269,-21.2420661,-47.8397167
3051222274,-21.2423963,-47.8393724
3051222275,-21.2424587,-47.840104
3051222276,-21.2425259,-47.8395165
3051222286,-21.2428397,-47.8389057
3051222289,-21.2431634,-47.8385656
3051222291,-21.2431921,-47.8392966
3051222297,-21.2434699,-47.8378688
3051222298,-21.2436469,-47.8380575
3051222299,-21.2437412,-47.8379609
3051222313,-21.2442265,-47.8367449
3051222315,-21.2445645,-47.8370932
3051222318,-21.2448761,-47.8375281
3051222322,-21.2461746,-47.8361565
3051222328,-21.2466837,-47.8360926
3051222329,-21.2467338,-47.8355252
3051222435,-21.2480785,-47.8338423
3051222439,-21.2491092,-47.8427017
3051222440,-21.2493088,-47.8426332
3051222441,-21.2493304,-47.8427731
3051222442,-21.2494374,-47.8428038
3051222445,-21.2495728,-47.8424968
3051222448,-21.2501057,-47.8432299
3051222459,-21.2506775,-47.840396
3051222461,-21.2507953,-47.8408616
3051222463,-21.2510031,-47.8406498
3051222472,-21.2523495,-47.8259365
3051240247,-21.1957162,-47.7898679
3051240248,-21.1958227,-47.7897836
3051240249,-21.1960099,-47.790272
3051240250,-21.1961145,-47.7901848
3051240259,-21.2073943,-47.785606
3051245740,-21.2010541,-47.8383641
3051734024,-21.2032901,-47.8480056
3051734026,-21.2037308,-47.8494456
3051734027,-21.2038789,-47.8491198
3051734028,-21.2042211,-47.846945
3051734233,-21.2051233,-47.8473004
3051734237,-21.2055418,-47.8468106
3051734245,-21.2064288,-47.8532961
3051734253,-21.2069729,-47.8544305
3051734255,-21.2071076,-47.8511786
3051734262,-21.2076159,-47.8499062
3051734264,-21.2078779,-47.8544107
3062885839,-21.2099135,-47.8138389
3062885841,-21.2099855,-47.8139416
3062885848,-21.2101825,-47.813915
3062885851,-21.2102274,-47.813775
3062885855,-21.2105822,-47.8132489
3062885860,-21.2107279,-47.813518
3062885864,-21.2108863,-47.8136875
3063812488,-21.1643813,-47.8179
3066022767,-21.2103785,-47.7641012
3066022770,-21.2121138,-47.7634387
3066022778,-21.2125979,-47.7614582
3066022783,-21.2127375,-47.765375
3066022786,-21.2127995,-47.7656587
3066022790,-21.2129115,-47.7657502
3066022793,-21.2130164,-47.7653511
3066022797,-21.2131315,-47.7654372
3066022800,-21.2131899,-47.7657378
3066022825,-21.2228173,-47.7623901
3066022826,-21.2228645,-47.7626757
3066038233,-21.1850796,-47.7735172
3066038235,-21.1853296,-47.7722613
3066038236,-21.1853709,-47.7721327
3066038237,-21.1854682,-47.7723179
3066038240,-21.1855056,-47.7721863
3066038245,-21.185639,-47.7706063
3066038248,-21.185756,-47.7706361
3066038250,-21.1860251,-47.7725451
3066038251,-21.1860679,-47.7724193
3066038256,-21.186443,-47.772576
3066038257,-21.1865711,-47.7726517
3066038269,-21.1900363,-47.7780693
3066038270,-21.1900696,-47.774253
3075952461,-21.2190515,-47.8272876
3075952466,-21.2193141,-47.8268919
3075952491,-21.2216117,-47.827485
3075952493,-21.2217861,-47.8274345
3075952500,-21.224667,-47.8272685
3077588765,-21.1723668,-47.797313
3077588766,-21.172851,-47.7969606
3080004410,-21.2388549,-47.8435412
3087634505,-21.1923524,-47.7772621
3087641955,-21.1931825,-47.7618287
3087641957,-21.194704,-47.7631152
3098163237,-21.1873321,-47.7756345
3098163297,-21.1926243,-47.7779732
3101252183,-21.1810708,-47.8196964
3101252184,-21.1817763,-47.8194527
3101252185,-21.182141,-47.8194219
3101252186,-21.1827241,-47.8193931
3101252349,-21.1913497,-47.8272006
3101252370,-21.1916307,-47.8272441
3101252407,-21.1961363,-47.8228888
3101252421,-21.197377,-47.8229716
3101252422,-21.1977011,-47.823069
3129449948,-21.2008189,-47.7988489
3129469612,-21.2170804,-47.7983431
3129469623,-21.2192247,-47.7991233
3129469625,-21.2194333,-47.7991168
3149812074,-21.1333155,-47.8261812
3161633993,-21.1998013,-47.7579044
3161634012,-21.2067771,-47.7548803
3166671463,-21.0973495,-47.7911477
3166685561,-21.1010665,-47.7815253
3166685562,-21.1009029,-47.7836686
3166685565,-21.1005204,-47.7885071
3171670137,-21.2628079,-47.8191273
3171670153,-21.2638864,-47.8199877
3171670158,-21.2639682,-47.8199039
3171670730,-21.217093,-47.8180054
3171670734,-21.2171328,-47.8177792
3171670738,-21.2172642,-47.8181387
3171670741,-21.2266097,-47.8171329
3171673390,-21.2487327,-47.8198799
3171674567,-21.2363269,-47.8186168
3171674764,-21.2640203,-47.8199625
3171674785,-21.267391,-47.8176771
3171674833,-21.2739469,-47.8164133
3171674835,-21.2741705,-47.8159143
3171674842,-21.2747497,-47.8168407
3171674843,-21.2747619,-47.8169918
3171674848,-21.2749177,-47.8169301
3171674851,-21.2753511,-47.8165152
3171674852,-21.2753692,-47.81735
3171674853,-21.2754041,-47.8167373
3171674854,-21.2755442,-47.8166818
3176112302,-21.0980336,-47.7834013
3176112303,-21.0981685,-47.7817973
3176112304,-21.1006885,-47.7861393
3176112305,-21.1010342,-47.7820592
3190922062,-21.1161952,-47.803304
3207894158,-21.1051449,-47.7883982
3207894160,-21.1050604,-47.7883441
3223423154,-21.1741342,-47.8027503
3223747573,-21.1820592,-47.7734559
3223747574,-21.1822833,-47.7737827
3242046300,-21.131199,-47.830581
3242046301,-21.1312043,-47.8307712
3265212518,-21.3117412,-47.8161439
3265212523,-21.3124786,-47.8224121
3265212525,-21.3135926,-47.8201644
3265212526,-21.3138679,-47.823206
3265212533,-21.3182807,-47.8179114
3265212535,-21.3199086,-47.8145787
3266325934,-21.2235305,-47.8350081
3295125298,-21.2083102,-47.7641917
3295125304,-21.2084508,-47.7655933
3295125312,-21.2086067,-47.765886
3295125318,-21.20907,-47.7587281
3310722023,-21.2268346,-47.8058469
3310722024,-21.226819,-47.8061291
3310722025,-21.2274479,-47.8057061
3310722026,-21.227421,-47.8059969
3310722032,-21.2278182,-47.8056384
3310722033,-21.2278095,-47.8059196
3323087201,-21.2109712,-47.770925
3369492206,-21.2736381,-47.8362097
3388207004,-21.1776829,-47.8429726
3388207006,-21.1781171,-47.8420799
3388207012,-21.1902044,-47.844593
3388207013,-21.1918511,-47.8455737
3388207015,-21.1919777,-47.8454686
3388207016,-21.1930659,-47.8471562
3388207019,-21.1938454,-47.848115
3388207021,-21.1942388,-47.8486336
3388207023,-21.1944218,-47.8488854
3388207025,-21.1950108,-47.8496768
3388207029,-21.1954295,-47.8503197
3388207046,-21.1977851,-47.8532432
3388207048,-21.1983237,-47.8539705
3439895120,-21.1775766,-47.7829713
3439895121,-21.1782053,-47.7834367
3439895133,-21.1953328,-47.7979994
3466559872,-21.1611759,-47.8094849
3466559874,-21.1614219,-47.8091638
3466559875,-21.1618975,-47.8088383
3466559876,-21.1624693,-47.808102
3485295443,-21.1362953,-47.7407613
3485295444,-21.1377495,-47.7407748
3485295445,-21.1377193,-47.7414792
3485295447,-21.1380301,-47.7378754
3485295450,-21.139242,-47.7314388
3485295465,-21.1385189,-47.7334848
3485295466,-21.1388781,-47.7335632
3485295468,-21.1370555,-47.7381905
3485295473,-21.141194,-47.7379802
3485295474,-21.1372608,-47.7407702
3485295477,-21.1375122,-47.738048
3485295478,-21.1363831,-47.739312
3485295479,-21.1367544,-47.7407655
3485295481,-21.1370239,-47.7382482
3485295482,-21.1383471,-47.7400144
3485295485,-21.1385029,-47.7379556
3485295486,-21.1386011,-47.7379845
3485295487,-21.1389616,-47.7359471
3485295488,-21.1390089,-47.7357001
3485295489,-21.13937,-47.7336697
3485295492,-21.1394347,-47.7360191
3485296293,-21.1390429,-47.7380896
3485296294,-21.1398678,-47.7361548
3485296295,-21.1395108,-47.7382008
3485296296,-21.1394662,-47.7357907
3485296297,-21.1398176,-47.7337731
3485296298,-21.1402821,-47.7314963
3485296299,-21.1399161,-47.7358712
3485296300,-21.1402797,-47.7338797
3485296301,-21.1407485,-47.7316299
3485296302,-21.146076,-47.6983633
3485296303,-21.1363557,-47.7087682
3485296308,-21.1328106,-47.7141595
3485296310,-21.1356243,-47.7398968
3538904407,-21.2200644,-47.7947659
3538904408,-21.2204043,-47.7945527
3561130252,-21.1954753,-47.7961047
3561130254,-21.2204208,-47.8069011
3646931198,-21.2342088,-47.77941
3646931202,-21.2345915,-47.7810665
3646931212,-21.2371012,-47.7821876
3646931213,-21.2372912,-47.7821739
3646931219,-21.2374889,-47.7820982
3646931221,-21.237567,-47.7823973
3646931228,-21.2377349,-47.7819093
3646931231,-21.2378569,-47.781645
3646931235,-21.2379466,-47.7820302
3646931238,-21.2380035,-47.78116
3646931242,-21.2382179,-47.7812551
3646931246,-21.2383349,-47.7800667
3646931249,-21.2383349,-47.7791923
3646931259,-21.2385424,-47.7800533
3646931262,-21.2385562,-47.7792855
3646931264,-21.2386528,-47.7774731
3646931268,-21.2387506,-47.7770218
3646931270,-21.2387705,-47.7764808
3646931272,-21.2388303,-47.777569
3646931278,-21.2389543,-47.7770885
3646931281,-21.2389963,-47.7764646
3646931282,-21.239254,-47.7758059
3679684317,-21.1630396,-47.8644477
3679684318,-21.1630737,-47.8636952
3679684319,-21.1632099,-47.8642065
3679685647,-21.1657629,-47.8571896
3679685651,-21.1662312,-47.8577757
3686406957,-21.1603384,-47.854847
3686406959,-21.1603671,-47.8546585
3686846254,-21.1429149,-47.860294
3686846259,-21.142501,-47.8624143
3687392413,-21.157359,-47.8481306
3687392418,-21.174377,-47.8430405
3741943860,-21.231514,-47.7846685
3741943871,-21.2338469,-47.7852381
3741943893,-21.2378674,-47.7902965
3741943895,-21.2379903,-47.7901991
3741943898,-21.2380746,-47.7903996
3741943899,-21.2380817,-47.7902388
3741944227,-21.2408983,-47.7945496
3741944229,-21.241443,-47.7929332
3749277953,-21.1377909,-47.8814378
3749277958,-21.1380019,-47.8811557
3749277959,-21.1380268,-47.8815302
3749277967,-21.1386949,-47.8812732
3749277995,-21.1468847,-47.8811544
3790431479,-21.1983414,-47.8778979
3790431500,-21.1975542,-47.8763533
3802620550,-21.205398,-47.8194308
3802620553,-21.2055351,-47.8191656
3802645233,-21.2106933,-47.7721544
3802645234,-21.2110485,-47.7718068
3809963561,-21.1073474,-47.8226468
3809963567,-21.1142205,-47.8331003
3809963572,-21.1085085,-47.8254336
3809963578,-21.1147108,-47.8339472
3809963580,-21.114952,-47.8326298
3809963581,-21.1134475,-47.8309892
3809963584,-21.1150385,-47.8345133
3809963585,-21.1151129,-47.8326693
3809963587,-21.1135669,-47.8311941
3809963595,-21.1153441,-47.835051
3809963598,-21.1156808,-47.829752
3809963600,-21.1155769,-47.8327834
3809963604,-21.1157111,-47.8356749
3809963605,-21.1160677,-47.832904
3809963606,-21.1160373,-47.8362383
3809963608,-21.1161623,-47.8343326
3809963611,-21.1161867,-47.8329333
3809963618,-21.1163719,-47.8368164
3809963619,-21.1164601,-47.8349621
3809963622,-21.1165536,-47.8330248
3809963624,-21.1165966,-47.8372044
3809963627,-21.1167902,-47.8339047
3809963628,-21.1111645,-47.8323042
3809963632,-21.1169245,-47.8351255
3809963633,-21.1168669,-47.8369681
3809963647,-21.1174099,-47.8334935
3809963651,-21.1173852,-47.8352876
3809963659,-21.1174938,-47.8320602
3809963673,-21.1176787,-47.8333054
3809963675,-21.1175897,-47.836284
3809963676,-21.1160875,-47.8400007
3809963679,-21.1178542,-47.8354527
3809963681,-21.1161,-47.8398693
3809963685,-21.1180061,-47.8386504
3809963687,-21.118061,-47.8330517
3809963688,-21.1180888,-47.8387846
3809963695,-21.1180888,-47.8379674
3809963698,-21.1182988,-47.8356415
3809963703,-21.1184229,-47.8336655
3809963705,-21.1185394,-47.8365059
3809963708,-21.11861,-47.8312553
3809963710,-21.1187443,-47.8342385
3809963712,-21.1187531,-47.8375189
3809963714,-21.1189744,-47.8346006
3809963716,-21.1190898,-47.8348044
3809963717,-21.1192254,-47.8322791
3809963719,-21.1192855,-47.8378063
3809963724,-21.119362,-47.8379446
3809963726,-21.1194105,-47.8353477
3809963728,-21.1193861,-47.8371025
3809963730,-21.1194057,-47.8325911
3809963737,-21.1197558,-47.8359346
3809963738,-21.1197999,-47.8340428
3809963739,-21.1198726,-47.8382448
3809963745,-21.1201213,-47.839981
3809963746,-21.1201033,-47.8389359
3809963747,-21.1201592,-47.8366099
3809963753,-21.1203828,-47.8406332
3809963754,-21.1204224,-47.8370562
3809963755,-21.1204251,-47.840734
3809963756,-21.1205021,-47.8371924
3809963759,-21.1207322,-47.837585
3809963760,-21.1208273,-47.8358115
3809963765,-21.1209951,-47.8366783
3809963769,-21.1210578,-47.8422534
3809963771,-21.1210714,-47.8368169
3809963772,-21.1210392,-47.8381342
3809963774,-21.1211526,-47.8355943
3809963777,-21.121193,-47.8365478
3809963780,-21.1212789,-47.8366799
3809963783,-21.1213616,-47.8386573
3809963784,-21.1214091,-47.8360294
3809963787,-21.121567,-47.8370576
3809963788,-21.1216404,-47.8391539
3809963792,-21.1217566,-47.8374112
3809963794,-21.1218068,-47.8367043
3809963798,-21.1219316,-47.836916
3809963801,-21.1221636,-47.8373144
3809963804,-21.1224708,-47.8386158
3809963805,-21.1227782,-47.8383805
3809963819,-21.1261627,-47.8731879
3811610301,-21.149036,-47.8223574
3811610307,-21.1498254,-47.8212935
3811610311,-21.1557844,-47.8156102
3811610312,-21.1559328,-47.8141715
3811610313,-21.1562367,-47.8160421
3811610314,-21.156503,-47.8146649
3812091800,-21.1623704,-47.8635143
3812091834,-21.1625906,-47.8634512
3812091866,-21.1625156,-47.8631294
3812091876,-21.1629289,-47.8648181
3815433009,-21.1213493,-47.8578508
3815433443,-21.1364448,-47.8678441
3815433486,-21.1409462,-47.8693856
3820677297,-21.1278769,-47.8569884
3820677307,-21.1322494,-47.8575508
3820677358,-21.1323395,-47.8579863
3820677360,-21.1290583,-47.8552611
3820677378,-21.1368639,-47.8629994
3820677380,-21.1370134,-47.8626618
3827323562,-21.1041077,-47.8403343
3827323604,-21.1081944,-47.8352239
3827323606,-21.1076385,-47.8361136
3827323611,-21.1083936,-47.8353984
3827323627,-21.1122818,-47.8297171
3827323642,-21.1163352,-47.8297976
3827323648,-21.1173469,-47.8314818
3827323649,-21.1180642,-47.8310113
3839089813,-21.1130597,-47.7723961
3839089834,-21.1159734,-47.7582546
3839089847,-21.1174132,-47.7742894
3839090072,-21.118522,-47.7703524
3839090074,-21.1186869,-47.7696574
3839090083,-21.1187804,-47.7703577
3839090095,-21.1194731,-47.7400656
3839090100,-21.1196243,-47.740472
3839090110,-21.120195,-47.7533139
3839090124,-21.121178,-47.7450907
3839090125,-21.1216574,-47.7452496
3839090129,-21.1216187,-47.7454049
3839090156,-21.133992,-47.7323478
3840762429,-21.1612486,-47.8484992
3840798566,-21.1245672,-47.7167263
3840798567,-21.125649,-47.7251217
3840798568,-21.1261319,-47.728056
3840798570,-21.1277319,-47.7157125
3840798571,-21.1277932,-47.7273506
3840798574,-21.1304589,-47.7217005
3840798576,-21.1310331,-47.7221873
3840798578,-21.131656,-47.7215396
3840798579,-21.131718,-47.7211178
3840798580,-21.1319476,-47.7229539
3840798581,-21.1322753,-47.7175096
3840798582,-21.1324416,-47.7253497
3840798584,-21.1339877,-47.7246335
3840798590,-21.1345944,-47.7251371
3840798592,-21.1347314,-47.7458188
3840798594,-21.1347145,-47.7193777
3840798599,-21.1349711,-47.7457029
3840798601,-21.1359254,-47.7238235
3840798608,-21.1368348,-47.7178703
3840798610,-21.1371575,-47.7157997
3840798615,-21.1378993,-47.7229531
3840798625,-21.1401674,-47.7418968
3840798627,-21.1405883,-47.7307067
3840798631,-21.1408175,-47.730411
3840798634,-21.1413766,-47.7308559
3840798637,-21.1417109,-47.7418685
3840798638,-21.1417819,-47.7282746
3840798646,-21.1439371,-47.7209736
3840798647,-21.1428464,-47.7365278
3840798648,-21.1431134,-47.7436817
3840798649,-21.1433186,-47.734526
3840798650,-21.1434743,-47.7429222
3840798651,-21.1435909,-47.7329433
3840798653,-21.1437814,-47.7416452
3840798654,-21.1437745,-47.7121626
3840798656,-21.1438308,-47.7309179
3840798757,-21.1438796,-47.7320968
3840798759,-21.1438771,-47.7203433
3840798761,-21.1441544,-47.731019
3840798762,-21.1441982,-47.7311725
3840798763,-21.1447589,-47.7115591
3840798765,-21.1452579,-47.7254207
3840798766,-21.1453555,-47.7342978
3840798767,-21.1453698,-47.7342121
3840798769,-21.1456307,-47.7345644
3840798770,-21.1459559,-47.7272527
3840798771,-21.1461389,-47.7308291
3840798772,-21.1461505,-47.7495505
3840798773,-21.146489,-47.7438548
3840798774,-21.14656,-47.7288191
3840798779,-21.1471592,-47.7189311
3840798782,-21.1474024,-47.7194582
3840798783,-21.1474131,-47.7463618
3840798786,-21.1477701,-47.7452531
3840798787,-21.1478071,-47.72495
3840798788,-21.1478077,-47.7117928
3840798789,-21.1478524,-47.7449977
3840798792,-21.1484833,-47.7428683
3840798797,-21.1487376,-47.7188849
3840798800,-21.148934,-47.7271682
3840798802,-21.1502051,-47.7440682
3840798803,-21.1494674,-47.7178921
3840798805,-21.1497082,-47.7184618
3840798807,-21.1498389,-47.7387595
3840798810,-21.1503288,-47.7318637
3840798819,-21.1506501,-47.72598
3840798825,-21.1508139,-47.7530649
3840798833,-21.1518013,-47.7498733
3840798839,-21.1529668,-47.7280315
3840798845,-21.1539111,-47.7304778
3841496504,-21.125365,-47.6750019
3841496532,-21.1347095,-47.6976089
3841496534,-21.1347864,-47.7043567
3841496544,-21.1363469,-47.6992705
3841496558,-21.1373576,-47.7434586
3841496565,-21.1376954,-47.7013519
3841496571,-21.137852,-47.7359167
3841496572,-21.137863,-47.701195
3841496589,-21.1384221,-47.7360436
3841496590,-21.1386026,-47.7462566
3841496623,-21.1407012,-47.7041388
3841496632,-21.1417244,-47.6784526
3841496648,-21.1421837,-47.7363449
3841496649,-21.1422307,-47.7358387
3841496651,-21.1422969,-47.7353394
3841496653,-21.1423723,-47.7080722
3841496654,-21.1424229,-47.7348539
3841496964,-21.1427863,-47.6618738
3841496967,-21.1429765,-47.677546
3841496972,-21.1430878,-47.7355582
3841496974,-21.1432029,-47.73507
3841496996,-21.1447042,-47.7314509
3841496997,-21.1446567,-47.7089479
3841497000,-21.1449035,-47.7315536
3841497003,-21.1449926,-47.7310319
3841497007,-21.1452682,-47.731728
3841497009,-21.1452635,-47.7296756
3841497017,-21.1465145,-47.7041417
3841497023,-21.1469615,-47.6911515
3841497025,-21.1480585,-47.6806158
3841497026,-21.1482061,-47.6793337
3841497028,-21.1484812,-47.6764476
3841497032,-21.151097,-47.6949475
3841497041,-21.1549426,-47.6987824
3841497045,-21.1557023,-47.6971082
3841497047,-21.1559021,-47.7087832
3841497048,-21.1561565,-47.7104751
3841497053,-21.1567311,-47.7102013
3841497065,-21.1579054,-47.7122711
3841497066,-21.158202,-47.7028111
3841497072,-21.1587661,-47.7040006
3841497080,-21.1594192,-47.7110696
3841497082,-21.1595565,-47.7113868
3841497085,-21.160119,-47.7065937
3841497098,-21.1617239,-47.7095394
3841497104,-21.1629841,-47.6893694
3841497107,-21.1633398,-47.7118032
3841497114,-21.1654984,-47.7061746
3841497119,-21.1666389,-47.7151144
3841497121,-21.1670566,-47.6912212
3841497126,-21.1677485,-47.7235966
3841497128,-21.1682181,-47.7234152
3841497130,-21.1683646,-47.7252562
3841497131,-21.168672,-47.7232398
3841497133,-21.1687599,-47.7249242
3841497134,-21.1688279,-47.720735
3841497135,-21.16883,-47.7197492
3841497139,-21.1691366,-47.7230603
3841497140,-21.1691498,-47.7245968
3841497143,-21.1692506,-47.7204508
3841497146,-21.1693734,-47.7203421
3841497148,-21.1693897,-47.7263999
3841497153,-21.1695398,-47.724268
3841497154,-21.1695633,-47.7264354
3841497156,-21.1695795,-47.7228892
3841497157,-21.1699314,-47.7239397
3841497158,-21.1699862,-47.7226832
3841497159,-21.1700731,-47.7263037
3841497160,-21.1700794,-47.7226487
3841497162,-21.1702852,-47.7235897
3841497164,-21.1704735,-47.7259637
3841497165,-21.1704395,-47.7223121
3841497166,-21.1708243,-47.7219594
3841497167,-21.170852,-47.7256423
3841497168,-21.170932,-47.721849
3841497170,-21.1712361,-47.7253161
3841497171,-21.1716229,-47.7249877
3841497174,-21.1720078,-47.7246608
3841497178,-21.172396,-47.7243311
3841497179,-21.1726163,-47.7241524
3841497180,-21.1726275,-47.7238133
3841497181,-21.1726914,-47.7238857
3841497182,-21.1727972,-47.7240056
3841497183,-21.1728006,-47.7237709
3849021504,-21.1611215,-47.7688871
3849759943,-21.1630634,-47.8504793
3849759944,-21.1631536,-47.8503442
3851942589,-21.1778425,-47.8175994
3914654333,-21.1950092,-47.778051
3914654334,-21.1947813,-47.7785076
3914654337,-21.1951625,-47.7778973
3914654339,-21.2023897,-47.7726936
3919271879,-21.2321955,-47.7654521
3919271889,-21.220973,-47.7699276
3919349527,-21.2387725,-47.7622588
3919349528,-21.2386537,-47.7622801
3919349530,-21.2384281,-47.76188
3919349535,-21.2387586,-47.7620705
3919349537,-21.2387106,-47.7624848
3919561907,-21.1879807,-47.7578503
3919561911,-21.1879381,-47.7581744
3919561915,-21.1882556,-47.7582453
3919561916,-21.1883386,-47.7581329
3919561920,-21.1881698,-47.757848
3919561925,-21.1882228,-47.7570405
3919561928,-21.1879664,-47.7567143
3919561929,-21.1881086,-47.7565494
3919561932,-21.1885046,-47.7565779
3919631517,-21.1431053,-47.7769657
3922959145,-21.2367701,-47.8312364
3922959146,-21.2371574,-47.8346752
3922959149,-21.2374284,-47.8338324
3922959152,-21.2374679,-47.833986
3922959155,-21.2375385,-47.8338076
3922959158,-21.2375821,-47.8339304
3922959163,-21.2377875,-47.8337423
3922959164,-21.237816,-47.8338527
3924599625,-21.1489037,-47.813729
3924599626,-21.1495596,-47.8143036
3929027259,-21.2445841,-47.7721916
3935087964,-21.1254706,-47.84495
3935087966,-21.1254883,-47.8447751
3935087971,-21.125919,-47.8448648
3935087973,-21.1259258,-47.845039
3935087976,-21.1257084,-47.8452118
3935087978,-21.1255768,-47.8451226
3935087979,-21.1257253,-47.8445869
3935087980,-21.1255027,-47.8443429
3937532792,-21.1505175,-47.8110445
3937532793,-21.1508313,-47.811328
3937532794,-21.1514553,-47.811865
3945135618,-21.1250965,-47.845019
3945135619,-21.1253495,-47.8454488
3945135620,-21.1260748,-47.8449484
3945135621,-21.1262416,-47.8450908
3962478727,-21.2109299,-47.8183306
3962478767,-21.2111361,-47.8181677
4000012169,-21.1748253,-47.8330349
4000012170,-21.1748205,-47.8331904
4000012172,-21.1749422,-47.82244
4000012173,-21.1753328,-47.8331986
4000016982,-21.1697935,-47.8649098
4000017016,-21.1747042,-47.8330305
4010466884,-21.1474134,-47.858892
4010466888,-21.147602,-47.8588871
4010467389,-21.1475374,-47.8618085
4010467397,-21.1477389,-47.861787
4022139727,-21.1213153,-47.7776527
4022139728,-21.1213362,-47.7794584
4022139729,-21.1214863,-47.7776896
4082840493,-21.2073023,-47.7917776
4122147397,-21.081585,-47.7945767
4122147403,-21.0819947,-47.7972018
4122147417,-21.0828854,-47.7946488
4122147439,-21.08364,-47.7912465
4122147445,-21.0845331,-47.7958652
4122147481,-21.0848507,-47.7918941
4122147590,-21.0849773,-47.7949281
4122147639,-21.087525,-47.7978678
4122147643,-21.0876686,-47.7980819
4158211646,-21.1752902,-47.8203333
4158211653,-21.1759158,-47.8198086
4186482244,-21.1864731,-47.7250068
4186482245,-21.1867975,-47.7247397
4186482247,-21.1865246,-47.7244061
4201285095,-21.1988417,-47.8169721
4230559056,-21.1907934,-47.7672167
4236778029,-21.1363819,-47.8152406
4236778030,-21.1371005,-47.8158374
4239885641,-21.1750245,-47.814607
4244461216,-21.2117498,-47.7883151
4252859994,-21.2108546,-47.7683134
4258533375,-21.2022124,-47.7680167
4258534398,-21.2035218,-47.7701389
4258534399,-21.2035434,-47.7702663
4258534418,-21.2045809,-47.7689928
4258534421,-21.2047688,-47.7687806
4328543811,-21.155201,-47.7698381
4328543813,-21.1555127,-47.7689015
4367172063,-21.1973899,-47.7805522
4426896419,-21.18179,-47.8259318
4426896421,-21.182093,-47.8258286
4444927178,-21.1284981,-47.7505028
4444927392,-21.1374545,-47.8062369
4444927394,-21.1378161,-47.8065463
4444927396,-21.1381758,-47.8068623
4444931421,-21.2020008,-47.7647575
4444931422,-21.2027644,-47.7633412
4491177620,-21.3190977,-47.8140436
4491177633,-21.3189003,-47.8135199
4491177652,-21.3352559,-47.8217606
4541194041,-21.2061738,-47.7919132
4541194042,-21.2061309,-47.7920755
4541194044,-21.2056996,-47.792244
4541194265,-21.2112493,-47.7731963
4541194267,-21.211395,-47.773078
4552376755,-21.2080601,-47.7902279
4597003883,-21.2496858,-47.8417503
4597003884,-21.2486893,-47.8425117
4597003885,-21.2484988,-47.8421426
4597003887,-21.248499,-47.8419797
4597003990,-21.2496026,-47.8416202
4597003999,-21.2500811,-47.8404041
4597004000,-21.2503001,-47.8401678
4597004009,-21.2496299,-47.8399241
4597004010,-21.2470148,-47.8397488
4597004018,-21.2491868,-47.8394453
4597004019,-21.2487402,-47.8389549
4597004027,-21.2475658,-47.8391772
4597004028,-21.2473575,-47.839395
4597004031,-21.2455604,-47.837436
4597004032,-21.247811,-47.83892
4597004035,-21.2460089,-47.8369637
4597004042,-21.2451081,-47.8379124
4597004043,-21.2459891,-47.8419931
4597004046,-21.2462016,-47.8409805
4597004048,-21.2465291,-47.8403247
4597004050,-21.2467803,-47.8399854
4597004054,-21.2482655,-47.8384402
4597004055,-21.2484877,-47.8382112
4597004056,-21.2454186,-47.8392215
4597004072,-21.2500411,-47.841343
4597004076,-21.2487361,-47.8422013
4597004077,-21.2477962,-47.8419921
4597004078,-21.2460425,-47.8416595
4597004093,-21.2445068,-47.8401496
4597004094,-21.2439176,-47.8407784
4597004102,-21.2449919,-47.8396727
4597004106,-21.2451944,-47.8394648
4597004108,-21.2458723,-47.8387481
4597004109,-21.2442186,-47.8389553
4597004110,-21.2442849,-47.8388648
4597004113,-21.2450506,-47.8394661
4597004114,-21.2449794,-47.8395587
4597004117,-21.2444286,-47.8380118
4597004121,-21.2442149,-47.8387803
4597004122,-21.2441137,-47.8388836
4597004124,-21.2435349,-47.8390954
4597004125,-21.2433693,-47.8391105
4597004160,-21.2536159,-47.8345797
4597004162,-21.251159,-47.8325601
4597004165,-21.2510466,-47.8324266
4597004171,-21.2510029,-47.8306805
4597004172,-21.2514203,-47.8316314
4597004175,-21.2518003,-47.8318848
4597004177,-21.2523696,-47.8324952
4597004181,-21.2517522,-47.8321121
4597004184,-21.2509456,-47.8327291
4597004188,-21.251161,-47.833287
4597004193,-21.2512616,-47.8340252
4597004201,-21.2515481,-47.8346197
4597004204,-21.2509021,-47.835426
4597004205,-21.2514032,-47.8357679
4597004215,-21.2517544,-47.8363167
4597004216,-21.2523776,-47.8364317
4597004221,-21.2505248,-47.8338207
4597004223,-21.2500492,-47.8350445
4597004224,-21.2501204,-47.8348983
4597004227,-21.2518803,-47.8360932
4597004230,-21.2538151,-47.8374142
4597004231,-21.2528746,-47.8367671
4597004236,-21.2533414,-47.837091
4597004239,-21.253809,-47.836636
4597004240,-21.2536608,-47.8372969
4597004245,-21.253797,-47.8358498
4597004246,-21.2535483,-47.8352959
4597004249,-21.2533033,-47.8347447
4597004250,-21.2530533,-47.8341882
4597004252,-21.2528009,-47.8336356
4597004253,-21.2525484,-47.8330724
4597004256,-21.2521507,-47.8318937
4597004267,-21.2482922,-47.8308613
4632870510,-21.2274865,-47.8075424
4632870511,-21.2275552,-47.8079578
4632870518,-21.2279209,-47.8101215
4632870520,-21.227973,-47.81045
4632870521,-21.2280075,-47.8058775
4632870525,-21.2281307,-47.8101786
4632870527,-21.2281425,-47.8103036
4632870540,-21.2282818,-47.8102204
4632871098,-21.2305012,-47.8048673
4632871101,-21.2305687,-47.8051122
4632871127,-21.2309522,-47.8054619
4632871148,-21.2312101,-47.8046634
4632871177,-21.2329516,-47.8085902
4632871178,-21.2333094,-47.8046041
4632871180,-21.2342586,-47.8096207
4632871181,-21.2349437,-47.8100487
4632871185,-21.2368671,-47.8127925
4676848000,-21.2181701,-47.7620316
4704954759,-21.2235912,-47.7665847
4704954762,-21.223804,-47.766303
4704954764,-21.2239759,-47.7665036
4709602501,-21.1213643,-47.7412923
4709602502,-21.1203318,-47.7416189
4719377221,-21.2072857,-47.7987361
4719377238,-21.2076169,-47.7989747
4751863945,-21.2017196,-47.8671942
4755268043,-21.1319572,-47.8041942
4755309663,-21.1870609,-47.8633882
4755309665,-21.1877993,-47.8641251
4755309667,-21.1879118,-47.8640367
4755309671,-21.1886759,-47.8648627
4755309673,-21.1887549,-47.8647507
4755309714,-21.1999169,-47.8681357
4755309717,-21.2010166,-47.8692161
4755309718,-21.2009555,-47.8700388
4755309719,-21.2011997,-47.867669
4755310223,-21.2010975,-47.8675946
4755310232,-21.2046241,-47.8677579
4755310234,-21.2057596,-47.8655406
4755310238,-21.2080001,-47.8750638
4755310244,-21.2089954,-47.8731402
4755310264,-21.2128573,-47.8695238
4755362430,-21.2267679,-47.8326223
4755362431,-21.2267724,-47.8328349
4786232989,-21.1956312,-47.8391377
4786232990,-21.1956118,-47.8390036
4786232991,-21.1965894,-47.8388585
4786232992,-21.1966014,-47.8389938
4786236548,-21.1969785,-47.8289113
4847525899,-21.2346723,-47.7821642
4847526934,-21.2414918,-47.77288
4847526935,-21.2446074,-47.7723111
4847526937,-21.2427574,-47.7727711
4847526938,-21.2415374,-47.7730742
4847526939,-21.2402774,-47.7734028
4847526953,-21.2427174,-47.7725726
4847526954,-21.2397699,-47.7734309
4847526955,-21.2404074,-47.773152
4847527007,-21.2386987,-47.7758543
4847527014,-21.2390737,-47.7757081
4847527015,-21.2399312,-47.7735114
4847527020,-21.2386449,-47.7759522
4856735390,-21.20679,-47.7442463
4856735396,-21.2154003,-47.7453831
4856735399,-21.2209186,-47.7462602
4856735407,-21.2266618,-47.7469817
4856735411,-21.2117587,-47.7670828
4856735412,-21.21192,-47.7671469
4889862187,-21.1318499,-47.7516165
4889862199,-21.1211298,-47.7538658
4889862205,-21.117615,-47.7582282
4889862212,-21.1176738,-47.7587351
4889862213,-21.1225028,-47.7531186
4889862217,-21.1244487,-47.7498965
4895447577,-21.1756946,-47.8158045
4912509105,-21.1631756,-47.7975979
4912509106,-21.1625068,-47.7969971
4912509107,-21.159226,-47.7982269
4912509108,-21.1580935,-47.7972314
4925399923,-21.121755,-47.8237123
4925399942,-21.1207986,-47.8166444
4925399944,-21.1214011,-47.8155215
4927331114,-21.1650358,-47.8277149
4927331117,-21.1650057,-47.8277548
4959239758,-21.1193354,-47.814483
5017440065,-21.2261867,-47.8153619
5024566674,-21.1304933,-47.7819946
5024566677,-21.1308085,-47.781953
5087759436,-21.1914002,-47.7919627
5087759437,-21.1917521,-47.7918056
5087759447,-21.1947028,-47.7916458
5087759456,-21.1953205,-47.7914554
5087759457,-21.1971411,-47.789829
5087759458,-21.1971611,-47.7905622
5087759459,-21.1977081,-47.7900007
5087759460,-21.1977312,-47.7908841
5087759461,-21.1982964,-47.791037
5087759462,-21.1984739,-47.7902189
5087759463,-21.1982985,-47.7901752
5087759465,-21.1964033,-47.7895269
5087759466,-21.1966077,-47.7896778
5087759467,-21.1965776,-47.7902636
5110430902,-21.1858123,-47.7429476
5110430903,-21.1853521,-47.743248
5110430904,-21.1849019,-47.7435538
5110430906,-21.1870397,-47.7439561
5110430908,-21.1868052,-47.7439374
5110430909,-21.1866051,-47.7442163
5110430911,-21.1861724,-47.7446079
5110430912,-21.1857147,-47.7449271
5110431229,-21.1865976,-47.7463406
5110431231,-21.1868327,-47.7466893
5110431233,-21.1872578,-47.7470836
5110431235,-21.1874557,-47.7474272
5110431238,-21.1875879,-47.7456379
5110431239,-21.1878105,-47.7460617
5110431240,-21.1880606,-47.7465123
5110431241,-21.1883232,-47.7469066
5129829814,-21.2877499,-47.7900325
5129832825,-21.2831157,-47.7950925
5129832830,-21.2821827,-47.7973901
5129832834,-21.2824224,-47.7975687
5137516352,-21.1395181,-47.6533579
5137516360,-21.1431103,-47.6519537
5137516361,-21.1410014,-47.6514924
5137516368,-21.1416635,-47.6530522
5137516369,-21.1423568,-47.6534504
5137516370,-21.1419678,-47.6524323
5137516371,-21.1426936,-47.6528447
5137516372,-21.1405816,-47.652053
5137516373,-21.1417715,-47.6528012
5137516374,-21.1401348,-47.6526062
5137516376,-21.141439,-47.6534646
5140028530,-21.2062397,-47.8322974
5140028531,-21.2063831,-47.8326522
5140028532,-21.2058862,-47.8344529
5140028539,-21.2061648,-47.8327644
5140028549,-21.2068405,-47.8327339
5144544071,-21.2527682,-47.8041677
5144544078,-21.2533047,-47.8016102
5144544084,-21.2534178,-47.8045797
5144544103,-21.2537624,-47.8010158
5144544109,-21.2533883,-47.8005
5144544114,-21.2539922,-47.8009469
5144544115,-21.2509463,-47.8058071
5144544116,-21.2510781,-47.8057853
5144544117,-21.2521889,-47.8047242
5144544118,-21.2520821,-47.8045477
5144544271,-21.1846032,-47.7540708
5144544274,-21.1835835,-47.753649
5144544275,-21.183735,-47.7539485
5144544276,-21.1842561,-47.7535706
5144544287,-21.1919851,-47.7540109
5144544288,-21.193234,-47.7532166
5144544289,-21.193036,-47.7533425
5144544291,-21.1922674,-47.7542817
5144544292,-21.1925133,-47.7536749
5144544293,-21.1926928,-47.7540024
5144544294,-21.1930065,-47.754607
5144544306,-21.1858973,-47.7375913
5144544311,-21.1865678,-47.7378589
5144544421,-21.1875704,-47.7399302
5144544428,-21.1870732,-47.750085
5144544429,-21.1864304,-47.7503311
5144544430,-21.1862456,-47.749739
5144544431,-21.1862644,-47.7503947
5144544432,-21.1860748,-47.7498
5144544433,-21.1857473,-47.7506031
5144544434,-21.1855699,-47.7499914
5144544436,-21.1858355,-47.7497711
5144544438,-21.1857516,-47.749165
5144544439,-21.1849678,-47.7472158
5144544441,-21.1853231,-47.7470395
5144544442,-21.1846945,-47.7481247
5144544443,-21.1852407,-47.7478954
5144544444,-21.1850916,-47.7487537
5144544445,-21.1855137,-47.7485442
5144544446,-21.1859533,-47.7483465
5144544448,-21.1861652,-47.7489724
5144544449,-21.1852968,-47.7480219
5144544450,-21.1857255,-47.7478335
5144544451,-21.1848146,-47.7389352
5144544452,-21.1841576,-47.7379071
5144544453,-21.1826156,-47.7362985
5144544455,-21.1836223,-47.7369177
5144544456,-21.1835595,-47.7366643
5144544457,-21.1834477,-47.7370236
5144544459,-21.1830141,-47.7364508
5144544460,-21.182882,-47.7368037
5146349261,-21.1762621,-47.7279761
5146349264,-21.1746721,-47.7265458
5146349266,-21.1752032,-47.7272426
5146349269,-21.1758577,-47.7276466
5146349273,-21.1752911,-47.7269902
5146349274,-21.1751332,-47.7269639
5146349276,-21.1750699,-47.7270917
5146349281,-21.1757314,-47.7275437
5146349282,-21.1757368,-47.7274199
5154098826,-21.1288209,-47.7994947
5154098831,-21.12859,-47.7960554
5154098832,-21.1068447,-47.8033426
5154098833,-21.1070905,-47.8037826
5154098834,-21.107336,-47.8042323
5154098876,-21.1064653,-47.7901732
5154098879,-21.1052744,-47.7884779
5154098880,-21.1056458,-47.788926
5154098881,-21.1049728,-47.7892072
5154098882,-21.1051691,-47.7892067
5154098888,-21.1573767,-47.8155041
5154098889,-21.1568854,-47.8150624
5154098891,-21.1541189,-47.8135892
5154098892,-21.1544191,-47.813202
5154098897,-21.1395809,-47.8244917
5154098898,-21.1390951,-47.8251547
5154098899,-21.1388157,-47.823813
5154098900,-21.1382765,-47.8244936
5154098901,-21.1389663,-47.8242856
5154098904,-21.1378811,-47.8241082
5154098908,-21.1382112,-47.823416
5154098909,-21.1376967,-47.8230395
5154098910,-21.1375435,-47.8227995
5154098911,-21.1376891,-47.8229739
5154098912,-21.1377749,-47.822858
5154098913,-21.1480966,-47.8083341
5154098915,-21.1320745,-47.8219502
5154098918,-21.1317688,-47.8220469
5154098919,-21.1313281,-47.8212905
5154098922,-21.1312986,-47.8216119
5154098928,-21.1310938,-47.811432
5154098964,-21.1222851,-47.8083077
5154098965,-21.1231768,-47.8090997
5155144584,-21.1302325,-47.8360455
5155145581,-21.1474495,-47.8598435
5155145582,-21.1476466,-47.8598296
5155171193,-21.1572186,-47.8197749
5155171204,-21.1591907,-47.8514965
5155171208,-21.1591557,-47.8512709
5155171212,-21.1594744,-47.8512569
5155173722,-21.1569603,-47.85005
5155173729,-21.1567061,-47.8495078
5155173750,-21.1581447,-47.8552491
5155173755,-21.1580531,-47.8547822
5155173761,-21.1583136,-47.854865
5155173795,-21.1306609,-47.7935288
5155173796,-21.1307462,-47.7917816
5155173797,-21.13001,-47.7902265
5155173798,-21.1308333,-47.7905534
5155173799,-21.1317872,-47.7907776
5155173800,-21.1332512,-47.7898019
5155173802,-21.1389578,-47.7915439
5155173809,-21.1363704,-47.7921912
5155173811,-21.1363273,-47.789928
5155173812,-21.1345451,-47.7915757
5155173813,-21.1348997,-47.7883993
5155173814,-21.1354063,-47.7896972
5155173815,-21.136128,-47.7900392
5155173816,-21.1336753,-47.7888511
5155173817,-21.1328302,-47.788434
5155173818,-21.1319785,-47.7879896
5155173819,-21.131169,-47.7875666
5155173820,-21.1303181,-47.7871575
5155173821,-21.1294502,-47.786705
5155173822,-21.1286374,-47.7863003
5155173824,-21.127917,-47.7860278
5155173831,-21.134822,-47.7839648
5155173843,-21.1336237,-47.7797049
5155173844,-21.1368868,-47.7816227
5155173845,-21.1370023,-47.7813318
5155173846,-21.1386028,-47.7824676
5155173847,-21.1387185,-47.7821958
5155173854,-21.1253224,-47.7713073
5155173860,-21.1282796,-47.769752
5155173871,-21.134043,-47.7674
5155173872,-21.1444732,-47.7683762
5155206221,-21.1441388,-47.7693872
5155206223,-21.1434191,-47.7694022
5155206225,-21.1456066,-47.7670175
5155206226,-21.1450776,-47.7685982
5155206238,-21.1437383,-47.7663457
5155206239,-21.1432202,-47.7679233
5155206240,-21.142835,-47.7692225
5155206241,-21.1438587,-47.7681313
5155206242,-21.144354,-47.7665699
5155206243,-21.1327219,-47.7665633
5155206244,-21.1331037,-47.7660915
5155206247,-21.1318843,-47.7671682
5155206249,-21.1301262,-47.7683707
5155206254,-21.1426087,-47.7933751
5155206255,-21.1430191,-47.7924572
5155206256,-21.14719,-47.7902807
5155206276,-21.1419864,-47.7864386
5155206280,-21.1517742,-47.7720415
5155206297,-21.1549932,-47.7716545
5155206327,-21.1487241,-47.7953013
5155206328,-21.1518391,-47.791265
5155206331,-21.1528372,-47.7911688
5155206336,-21.1563193,-47.7912356
5155206337,-21.1575841,-47.7910958
5155206338,-21.1564725,-47.7909141
5155206339,-21.1565636,-47.7910422
5155206340,-21.1574276,-47.7910819
5155206341,-21.1575032,-47.7909725
5155206342,-21.157309,-47.791501
5155206348,-21.156065,-47.7926076
5155206349,-21.1569857,-47.791052
5155206350,-21.156895,-47.7912387
5155206351,-21.1561823,-47.7920167
5155206352,-21.1568666,-47.7924306
5155206359,-21.1545311,-47.796907
5155206360,-21.1530929,-47.7955549
5155206361,-21.1538004,-47.796152
5155206362,-21.1546431,-47.7978953
5155206363,-21.1541537,-47.797456
5155206364,-21.1543949,-47.7976693
5155206365,-21.1545481,-47.7974806
5155206366,-21.1539982,-47.7981715
5155206367,-21.154303,-47.7980074
5155206368,-21.1541951,-47.7979223
5155206369,-21.1540352,-47.7977544
5155206370,-21.1542523,-47.7984032
5155206371,-21.153748,-47.7979398
5155206372,-21.1645875,-47.7908293
5155206376,-21.1600924,-47.8078217
5155206377,-21.1593296,-47.8072294
5155206378,-21.1635462,-47.8065784
5155206379,-21.1624257,-47.8080649
5155206380,-21.1634666,-47.807756
5155206381,-21.1629722,-47.8073453
5155206382,-21.1646242,-47.8083399
5155206383,-21.1641477,-47.8079242
5155206385,-21.1649598,-47.8069229
5155206396,-21.1802646,-47.7635595
5155206397,-21.1796314,-47.7629907
5155206398,-21.1798854,-47.7632168
5155206399,-21.1798096,-47.763316
5155206401,-21.1793745,-47.763383
5155206404,-21.1837118,-47.7705363
5155285394,-21.1764411,-47.783669
5155285397,-21.1756892,-47.7830911
5155285402,-21.1854278,-47.7732689
5155285405,-21.1877022,-47.7735779
5155285406,-21.1874818,-47.7739625
5155285407,-21.1873159,-47.7733742
5155285408,-21.1868039,-47.7744276
5155285409,-21.1863603,-47.7742162
5155285410,-21.1868761,-47.7731423
5155285411,-21.1862049,-47.7742121
5155285412,-21.1867468,-47.7730742
5155285413,-21.1863028,-47.7728279
5155285414,-21.1859474,-47.7736267
5155285415,-21.1858688,-47.7726482
5155285416,-21.185515,-47.7734112
5155285417,-21.1899084,-47.7739153
5155285418,-21.1890567,-47.7737174
5155285419,-21.1887994,-47.7736499
5155285420,-21.1873118,-47.772842
5155285721,-21.187552,-47.7729731
5155285722,-21.1876454,-47.7724884
5155285723,-21.1876714,-47.7730383
5155285724,-21.1877667,-47.7725412
5155285725,-21.1878104,-47.7731141
5155285727,-21.1900714,-47.7730982
5155285728,-21.1897126,-47.7730127
5155285729,-21.1896089,-47.7736592
5155285730,-21.1901566,-47.7737682
5155285731,-21.1889786,-47.772844
5155285733,-21.189334,-47.7729284
5155285734,-21.1891507,-47.7737398
5155285735,-21.1882725,-47.7726662
5155285736,-21.1881361,-47.7732901
5155285744,-21.1836502,-47.7963451
5155285745,-21.1830025,-47.7958247
5155285746,-21.1835039,-47.7965623
5155285747,-21.1828449,-47.796046
5155285751,-21.2223432,-47.7597949
5155285757,-21.2224433,-47.7599163
5155285760,-21.2234579,-47.7669961
5155285765,-21.2238179,-47.7670631
5155285796,-21.2112986,-47.7610963
5155285797,-21.2114768,-47.7611166
5155285800,-21.2113631,-47.7612718
5155285801,-21.2099948,-47.7618545
5155285802,-21.2105027,-47.7632469
5155285803,-21.2100311,-47.7630774
5155285804,-21.2103838,-47.7629207
5155285805,-21.2098092,-47.7625436
5155285806,-21.2101839,-47.7623728
5155285807,-21.2102678,-47.7626028
5155285808,-21.2116411,-47.7620283
5155285809,-21.2103773,-47.7614834
5155285810,-21.2104332,-47.7616678
5155285811,-21.2107184,-47.7624143
5155285814,-21.2109237,-47.7614589
5155285815,-21.2112009,-47.7622124
5155285816,-21.2114874,-47.7629968
5155285817,-21.2123493,-47.762423
5155285819,-21.2117433,-47.7623063
5155285820,-21.2117717,-47.7623837
5155285823,-21.2123153,-47.7625547
5155346578,-21.2700245,-47.7624755
5155346584,-21.2727658,-47.7600159
5155346599,-21.2701882,-47.762859
5155346613,-21.273101,-47.7589366
5155346617,-21.2731896,-47.7586745
5155346619,-21.2728356,-47.7589957
5155347123,-21.2731618,-47.7585828
5155347127,-21.2728734,-47.7584299
5155347131,-21.2730026,-47.7601124
5155347137,-21.2725483,-47.7599938
5155347139,-21.2725902,-47.7603337
5155347143,-21.2728077,-47.7605349
5155347144,-21.2726576,-47.7586402
5155347161,-21.2732629,-47.7582631
5155347217,-21.2623115,-47.8132816
5155347523,-21.2610358,-47.8109237
5155347525,-21.2611109,-47.811148
5155347530,-21.2573143,-47.792699
5155347531,-21.2556279,-47.7950482
5155347554,-21.2555992,-47.7946164
5155347555,-21.2554504,-47.7949597
5155347556,-21.2551263,-47.7959709
5155347559,-21.2550777,-47.7969842
5155347562,-21.2547948,-47.7980349
5155347564,-21.2543509,-47.7988195
5155347569,-21.2533766,-47.800324
5155347571,-21.2535817,-47.8005903
5155347572,-21.2535827,-47.8003168
5155347582,-21.2552823,-47.7970075
5155347584,-21.2553041,-47.7959895
5155347587,-21.2545019,-47.7989376
5155347589,-21.2525972,-47.8005371
5155347600,-21.2532846,-47.795784
5155347603,-21.2526315,-47.8002949
5155347604,-21.2529959,-47.7974243
5155347609,-21.257135,-47.8019415
5155347611,-21.2544395,-47.8008174
5155347620,-21.2573319,-47.8006298
5155347723,-21.2584316,-47.8000011
5155347726,-21.259363,-47.7998797
5155347727,-21.2596309,-47.7999193
5155347733,-21.2596394,-47.7996431
5155347734,-21.2594284,-47.7996174
5155347735,-21.2590352,-47.7996234
5155347736,-21.2585274,-47.7997256
5155347737,-21.2580574,-47.7998657
5155347746,-21.2549107,-47.8005708
5155347747,-21.2544088,-47.8006073
5155347749,-21.2539577,-47.8007022
5155347750,-21.2537349,-47.8007988
5155347754,-21.2531557,-47.8029728
5155347761,-21.2542088,-47.7992978
5155347763,-21.2565632,-47.8009
5155347768,-21.2570043,-47.8010926
5155347775,-21.2568425,-47.800211
5155347779,-21.2564949,-47.8006566
5155347780,-21.2572484,-47.8003838
5155347784,-21.2574384,-47.7983803
5155347796,-21.2583963,-47.7997646
5155347838,-21.2449412,-47.8141908
5155347857,-21.2312871,-47.8049391
5155347867,-21.2384208,-47.8124362
5155347868,-21.2376292,-47.8109829
5155347871,-21.237889,-47.8113172
5155347876,-21.2382518,-47.8108503
5155347880,-21.2379923,-47.8103793
5155347882,-21.2377908,-47.8104243
5155347890,-21.2385749,-47.8123793
5155347893,-21.2381227,-47.8112425
5155347895,-21.2379153,-47.8081122
5155347905,-21.2368949,-47.8034254
5155347916,-21.2359158,-47.8036019
5155347922,-21.2369103,-47.8038059
5155347923,-21.2367562,-47.8036163
5155347937,-21.2376577,-47.8080916
5155347938,-21.2379688,-47.8066103
5155347939,-21.2387073,-47.806651
5155347940,-21.2376473,-47.8055033
5155347941,-21.2379658,-47.8054782
5155347942,-21.2345994,-47.8041153
5155347945,-21.2337616,-47.804926
5155347946,-21.2339432,-47.8052175
5155347948,-21.2339032,-47.8048712
5155347951,-21.2341577,-47.8042959
5155347957,-21.2352472,-47.8089791
5155347959,-21.2352322,-47.8097892
5155347960,-21.2353462,-47.8102382
5155347982,-21.2349822,-47.8090087
5155348000,-21.2388072,-47.8108083
5155348018,-21.2042715,-47.8184527
5155348019,-21.2049393,-47.8170574
5155348020,-21.2057867,-47.8159242
5155348021,-21.2027733,-47.8211773
5155408523,-21.1964062,-47.8229339
5155408553,-21.1772304,-47.8535988
5155408554,-21.1764058,-47.8526887
5155408556,-21.1765408,-47.852719
5155408568,-21.1763964,-47.852996
5155408571,-21.1763217,-47.8520692
5155408573,-21.1763713,-47.8523708
5155408574,-21.176326,-47.8532454
5155408578,-21.1766743,-47.8531509
5155560687,-21.2364483,-47.8381924
5155560688,-21.235295,-47.837511
5155560696,-21.2370774,-47.8393275
5155560705,-21.2362985,-47.8313739
5155560706,-21.2369533,-47.8311829
5155560707,-21.2369167,-47.8318302
5155560708,-21.2364996,-47.831947
5155560709,-21.2370802,-47.832492
5155560710,-21.2366719,-47.8326064
5155560711,-21.2372316,-47.8331048
5155560712,-21.2367925,-47.8332349
5155563245,-21.2731277,-47.8214811
5155563247,-21.2734645,-47.8215297
5155563254,-21.2733776,-47.8216692
5155563264,-21.2745716,-47.8244288
5155563265,-21.2727494,-47.8243394
5155563274,-21.2767696,-47.8251229
5155563275,-21.2748803,-47.8250778
5155563277,-21.2745236,-47.8246934
5155563278,-21.2745172,-47.824889
5155563279,-21.2747207,-47.8247252
5155563282,-21.2746822,-47.825284
5155563290,-21.2772378,-47.8269048
5155563294,-21.2483088,-47.8331633
5155563297,-21.247811,-47.833784
5155563298,-21.2243967,-47.8338867
5155563302,-21.2239585,-47.8335179
5155563304,-21.2229951,-47.8324526
5155563305,-21.2241724,-47.8341724
5155563306,-21.2235263,-47.8333127
5155563312,-21.2115795,-47.8466505
5155563317,-21.2120447,-47.8467417
5155563321,-21.2119075,-47.8457426
5155563330,-21.2160031,-47.8543009
5264321349,-21.1988265,-47.7386642
5265718054,-21.1894235,-47.8197345
5265718055,-21.1890591,-47.819435
5266439879,-21.1793999,-47.766287
5275948756,-21.1395904,-47.7635202
5275948757,-21.1401358,-47.763893
5275948759,-21.1327656,-47.7612537
5276557337,-21.1001509,-47.7893555
5276557338,-21.1004246,-47.7895646
5276557342,-21.0988709,-47.7896688
5276557345,-21.0996724,-47.7894577
5299866843,-21.2188245,-47.824694
5312983552,-21.2001233,-47.8377112
5315285513,-21.2583089,-47.7989844
5315285515,-21.2572736,-47.7991461
5315285516,-21.2576789,-47.7993116
5315285533,-21.2594733,-47.8010918
5315285536,-21.2586412,-47.7999418
5315285548,-21.2584064,-47.8015271
5315285549,-21.2588313,-47.8005052
5315285550,-21.2581314,-47.8010255
5315285551,-21.2571131,-47.8015927
5315285552,-21.2557492,-47.8014037
5315285914,-21.2969766,-47.8282768
5315285929,-21.2853206,-47.8254068
5315285939,-21.2758002,-47.8234475
5315285940,-21.2760432,-47.8233898
5315285951,-21.2756433,-47.8223464
5315285953,-21.2755433,-47.8219816
5315286023,-21.2768855,-47.8264636
5315286032,-21.2770282,-47.8264809
5315286033,-21.2764631,-47.8257179
5315286034,-21.2763481,-47.8252754
5324353084,-21.1136749,-47.8311258
5324353120,-21.1178895,-47.8311259
5324353321,-21.1178102,-47.8307551
5343283449,-21.2206371,-47.7944414
5343283454,-21.2223692,-47.7950892
5343283469,-21.2207484,-47.7949845
5345122038,-21.2184115,-47.8147672
5345122039,-21.2182264,-47.8147029
5414541647,-21.1042201,-47.786849
5706862791,-21.2735468,-47.7588478
5706862798,-21.2731304,-47.7588976
5706862800,-21.2735038,-47.7589551
5715667921,-21.2163319,-47.8544348
5715667922,-21.2168647,-47.854351
5715667927,-21.2171668,-47.8535398
5715667931,-21.216833,-47.8536771
5715667935,-21.2165824,-47.8541614
5715667936,-21.2163774,-47.8542922
5715667943,-21.2171755,-47.8537626
5715667961,-21.2167861,-47.8533527
5715667962,-21.2166605,-47.853401
5715667968,-21.2173637,-47.8534982
5715667972,-21.2180419,-47.8513658
5824269399,-21.2597202,-47.8003746
5824269402,-21.2592507,-47.7989128
5824269526,-21.2578202,-47.7968158
5824269532,-21.257634,-47.7961493
5824269830,-21.2539324,-47.8352307
5824269837,-21.2540951,-47.8386704
5824269843,-21.2538979,-47.8385187
5824269852,-21.2538921,-47.8387571
5824270175,-21.2600012,-47.7931747
5824270190,-21.2605711,-47.7941242
5824270191,-21.2603574,-47.7979387
5824270228,-21.2538318,-47.8412023
5824270231,-21.2541412,-47.835207
5824270232,-21.2542243,-47.8354597
5824270236,-21.2543868,-47.8366399
5824270239,-21.2541093,-47.8380775
5824270240,-21.2540343,-47.841205
5824270254,-21.2540917,-47.8388112
5824270595,-21.2476938,-47.8347692
5824270597,-21.2477593,-47.8346877
5824270606,-21.2479379,-47.8340153
5824270608,-21.2470919,-47.8350583
5824270971,-21.2538446,-47.8406817
5824270973,-21.2540466,-47.8406893
5858944624,-21.1629493,-47.81681
5858944625,-21.1626975,-47.8167293
5912428849,-21.2114796,-47.8077183
5912428851,-21.2108529,-47.806341
5942960009,-21.1962379,-47.8228837
5942960010,-21.1967631,-47.8227706
5942960011,-21.1965834,-47.8229982
5942960012,-21.1964892,-47.8230566
5942960013,-21.1961215,-47.8229433
5943021727,-21.3071524,-47.8372461
5943021746,-21.3195987,-47.844362
5943021756,-21.3146863,-47.8418916
5943021764,-21.3213452,-47.8354544
5943021768,-21.3248883,-47.8290814
5958321229,-21.1878779,-47.7299379
5958321687,-21.1953392,-47.7331728
5958321698,-21.1961499,-47.7326423
5958321699,-21.1963605,-47.7327941
5958321718,-21.1955755,-47.7331847
5958321728,-21.1960497,-47.7328408
5958321732,-21.1962849,-47.7329836
5958321736,-21.1963815,-47.733205
5958322239,-21.188029,-47.7279172
5958322256,-21.1899794,-47.7333407
5958324473,-21.1869528,-47.727813
5958324474,-21.1870494,-47.7259247
5958324475,-21.1894982,-47.7259315
5958324476,-21.1893716,-47.7280501
5958324477,-21.1908166,-47.7300765
5958324478,-21.1907016,-47.7300725
5958324480,-21.1881532,-47.7259296
5958325086,-21.1918069,-47.7259518
5958325087,-21.1916631,-47.7259451
5958325088,-21.1907117,-47.7280316
5958325092,-21.1907646,-47.7286165
5958325118,-21.1906704,-47.7286261
5958325127,-21.1904343,-47.7282159
5958325131,-21.1906224,-47.7280402
5958325139,-21.1930301,-47.7259481
5958325158,-21.1931156,-47.7259311
5958325163,-21.1930145,-47.7255965
5958326853,-21.1900419,-47.7329845
5976186752,-21.1434574,-47.8323729
5976186753,-21.1434994,-47.8324979
5976186755,-21.1445368,-47.8321418
5976186907,-21.2049763,-47.8614443
5976186908,-21.2047919,-47.8613443
5976187106,-21.2078954,-47.8161599
5976187120,-21.2195832,-47.8401619
5980607772,-21.1277732,-47.7538562
5980607773,-21.1289728,-47.7536845
5980607774,-21.1292238,-47.7531215
5980607775,-21.127623,-47.7533573
5980607776,-21.1289728,-47.7526063
5980607777,-21.1260381,-47.751182
5980607779,-21.1278019,-47.7512223
5980607780,-21.1287689,-47.7516246
5980607783,-21.1259555,-47.7517413
5980607784,-21.1258554,-47.7522308
5980608449,-21.1336898,-47.7911265
5980608451,-21.1402304,-47.8575984
5980608452,-21.1396429,-47.8599532
5980608453,-21.1397148,-47.8576221
5980608454,-21.1391664,-47.8598185
5980608455,-21.1407208,-47.8575758
5980608456,-21.1401112,-47.8600855
5980608457,-21.1405575,-47.8602117
5980608458,-21.1410376,-47.8603474
5980608459,-21.1421741,-47.8580125
5980608460,-21.1415229,-47.8604846
5980608461,-21.1424989,-47.8586881
5980608462,-21.1420026,-47.8606202
5980608467,-21.1417124,-47.8577722
5980608478,-21.1426125,-47.8608066
5980608479,-21.1386885,-47.8596834
5980608480,-21.1387938,-47.8592716
5980608481,-21.1375194,-47.8593001
5980608482,-21.138663,-47.8597827
5980608483,-21.1375214,-47.8598281
5980608484,-21.1389228,-47.8587699
5980612685,-21.1376602,-47.8588003
5980612686,-21.1390661,-47.8582076
5980612687,-21.1378005,-47.8582528
5980612688,-21.1392099,-47.8576457
5980612698,-21.1379466,-47.8577084
5980612791,-21.1390087,-47.786166
5980612792,-21.1345038,-47.7892918
5980612793,-21.134084,-47.7902381
5980612794,-21.1335737,-47.7913883
5980612795,-21.135425,-47.7909404
5980612796,-21.1328558,-47.7906884
5980612805,-21.0975997,-47.8079571
5980612806,-21.0958257,-47.8053428
5980612807,-21.0953318,-47.8027878
5980612808,-21.0965992,-47.8047717
5980612809,-21.0984802,-47.8078627
5980612810,-21.0983266,-47.8078791
5980612811,-21.0984051,-47.8072551
5980612812,-21.0982427,-47.8072765
5980612817,-21.0983766,-47.808238
5980612827,-21.0985242,-47.8082192
5980612840,-21.0990345,-47.8077724
5980612851,-21.1019224,-47.8088442
5980612852,-21.1016204,-47.8024771
5980612857,-21.1016342,-47.8031019
5980612858,-21.1009991,-47.8018221
5980612868,-21.1009465,-47.8052634
5980612871,-21.0999531,-47.8071222
5980612874,-21.0944901,-47.8033746
5980612875,-21.0936588,-47.8039541
5980612876,-21.0956467,-47.8025684
5980612877,-21.0948734,-47.8059065
5980612889,-21.1274704,-47.7528477
5980612898,-21.1290316,-47.75417
5980612901,-21.1257185,-47.7485031
5980612902,-21.1249372,-47.7482343
5980612904,-21.1270288,-47.7473894
5980612940,-21.1792556,-47.7518893
5980612941,-21.1787857,-47.7518852
5980612942,-21.1782761,-47.7518373
5980612943,-21.1782768,-47.75071
5980612944,-21.1787633,-47.7504323
5980612945,-21.1798166,-47.7499145
5980612948,-21.1792797,-47.7501655
5980612949,-21.1807654,-47.7515924
5980612950,-21.1802561,-47.7517715
5980612951,-21.1803029,-47.7496463
5980612953,-21.1804583,-47.7535397
5980612955,-21.1809361,-47.7534495
5980612965,-21.1797824,-47.7518982
5980612966,-21.1777453,-47.7518217
5980612971,-21.1813012,-47.7501836
5980612972,-21.1813218,-47.7498946
5980612973,-21.1809742,-47.7497028
5980612978,-21.179975,-47.7536309
5980612982,-21.1793548,-47.7532876
5980612986,-21.0953193,-47.8062893
5980612997,-21.0991271,-47.8027692
5980613092,-21.0978419,-47.8039578
5980613099,-21.0977694,-47.8044288
5980613103,-21.0975383,-47.8045659
5980613109,-21.0971699,-47.8044376
5980613111,-21.0970948,-47.8043206
5980613117,-21.0971102,-47.8039142
5980613122,-21.097375,-47.8037045
5980613128,-21.0977663,-47.803834
5980613171,-21.2892877,-47.8151256
5980613172,-21.2892534,-47.8186254
5980613180,-21.2892358,-47.8185187
5980613187,-21.1288977,-47.7521315
5980613188,-21.127259,-47.7512397
5980613189,-21.127284,-47.7517976
5980613190,-21.1273478,-47.7523059
5980613194,-21.2892974,-47.8169692
5980613195,-21.2891083,-47.8167186
5980613196,-21.288931,-47.8169369
5980613197,-21.2880244,-47.8167889
5980613201,-21.2878748,-47.8201604
5980613203,-21.2907939,-47.8203696
5980613207,-21.2910088,-47.8171241
5980613287,-21.178847,-47.7530086
5980613289,-21.1783831,-47.7529482
5980613291,-21.1771939,-47.7533707
5980613292,-21.1779129,-47.753022
5980613296,-21.1777897,-47.7509668
5980613307,-21.1808039,-47.7498615
5980613312,-21.1808103,-47.7496009
5980613313,-21.1812855,-47.7507663
5980613314,-21.181283,-47.7520859
5980613318,-21.2273819,-47.8363958
5980613319,-21.2267793,-47.8375384
5980613321,-21.2228267,-47.8362016
5980613329,-21.2183871,-47.8380272
5980613330,-21.2184449,-47.8381789
5980613331,-21.2193147,-47.8376041
5980613332,-21.2193746,-47.8377467
5980613333,-21.2206952,-47.8371444
5980613351,-21.2176865,-47.8384109
5980613352,-21.2380875,-47.844222
5980613353,-21.2380978,-47.844559
5980613354,-21.2388774,-47.844535
5980613355,-21.2376984,-47.8445709
5980613357,-21.2388687,-47.8441755
5980613358,-21.2377824,-47.8463441
5980613359,-21.2364774,-47.8464353
5980613367,-21.2375374,-47.8444237
5980613368,-21.2362874,-47.8444558
5980613380,-21.2351523,-47.8465855
5980613464,-21.2343694,-47.8096946
5980613480,-21.2346121,-47.8098562
5980613521,-21.2347422,-47.8093636
5980613522,-21.2349323,-47.8089784
5980613533,-21.2347965,-47.8093947
5980613552,-21.2395697,-47.8127154
5980613554,-21.2395992,-47.8152433
5980613557,-21.2415649,-47.8132993
5980613560,-21.2393274,-47.8123418
5980613561,-21.2403499,-47.8115317
5980613562,-21.2404971,-47.8119154
5980613564,-21.2408488,-47.8134255
5980613566,-21.2414999,-47.8153163
5980613568,-21.240802,-47.8153994
5980613575,-21.2392066,-47.8150791
5980613576,-21.2391762,-47.8152162
5980613581,-21.2389437,-47.814675
5980613583,-21.2388037,-47.8154433
5980613587,-21.238893,-47.8174466
5980613689,-21.2894562,-47.8183654
5980613691,-21.2896523,-47.8185574
5980613692,-21.28961,-47.8186586
5980613693,-21.2894369,-47.8186425
5980613694,-21.2888495,-47.8185879
5980613695,-21.2900182,-47.8186965
5980613696,-21.2888579,-47.8184835
5980613697,-21.2900266,-47.8185922
5980613698,-21.2882786,-47.8184297
5980613699,-21.2906152,-47.818647
5980613700,-21.2906067,-47.8187513
5980613701,-21.2882701,-47.818534
5980613702,-21.2906929,-47.8176845
5980613703,-21.2905231,-47.8197873
5980613704,-21.2901043,-47.8176298
5980613705,-21.2899345,-47.8197326
5980613706,-21.2893533,-47.8196786
5980613707,-21.2889356,-47.8175211
5980613708,-21.2887658,-47.8196239
5980613709,-21.2883563,-47.8174672
5980613710,-21.2881865,-47.8195701
5980613711,-21.2898112,-47.81665
5980613712,-21.2901721,-47.816678
5980613713,-21.2902473,-47.8154774
5980613714,-21.2908239,-47.8155338
5980613717,-21.2896489,-47.8154188
5980613733,-21.2897877,-47.8170205
5980613734,-21.2895256,-47.817277
6083454184,-21.2069236,-47.7611028
6083461813,-21.2098564,-47.7668448
6083462386,-21.2106266,-47.7682372
6136159059,-21.2127651,-47.8223688
6136176246,-21.1799287,-47.8635854
6136176247,-21.180995,-47.8665978
6136176248,-21.184023,-47.8666621
6136176249,-21.1812354,-47.8649449
6136176253,-21.1815464,-47.8656423
6136176254,-21.1822881,-47.8637533
6136176255,-21.1817184,-47.8644127
6136176259,-21.1804268,-47.8653623
6136176262,-21.1805868,-47.8620733
6136176263,-21.1812922,-47.8624996
6136207791,-21.1847848,-47.8316745
6136207792,-21.1844043,-47.8325337
6136207794,-21.1822479,-47.8259122
6136207795,-21.1826504,-47.8250218
6136223430,-21.2542587,-47.834816
6136223444,-21.2536975,-47.8342916
6136234364,-21.2313772,-47.8488064
6136234368,-21.2316147,-47.848058
6136234372,-21.2323802,-47.8473879
6136234375,-21.2343223,-47.8473151
6136234376,-21.2342974,-47.8471027
6136234380,-21.2368024,-47.8468457
6136234381,-21.2376287,-47.8469987
6136234382,-21.2376055,-47.8467816
6136234585,-21.238737,-47.8445401
6136253298,-21.2493585,-47.869678
6136253318,-21.2536619,-47.8712404
6136257891,-21.2458986,-47.867091
6136261186,-21.2038978,-47.8212989
6136261187,-21.2040652,-47.8216222
6136261189,-21.2033094,-47.8222614
6136261191,-21.2037624,-47.8213633
6136261192,-21.2038522,-47.8215192
6136282082,-21.1777221,-47.7802435
6136322596,-21.2911488,-47.8518775
6136322647,-21.2874098,-47.8542137
6143999041,-21.1606208,-47.8098822
6143999042,-21.1613147,-47.8104809
6196591743,-21.141646,-47.8577283
6196591752,-21.14276,-47.8602504
6196591771,-21.1423848,-47.8626908
6196591784,-21.1428394,-47.8574514
6196592499,-21.1593201,-47.8515528
6196592525,-21.1597716,-47.8506947
6196592592,-21.1425374,-47.8577569
6196592593,-21.1418603,-47.8578238
6198718822,-21.1864638,-47.8095707
6294780212,-21.1349485,-47.7906909
6294784914,-21.1395379,-47.7826363
6294784915,-21.1394365,-47.7828781
6294784916,-21.1361806,-47.7809653
6294784917,-21.1360766,-47.7812238
6294848526,-21.1814745,-47.7917351
6294881785,-21.1185357,-47.8039926
6307182608,-21.254367,-47.834508
6307182612,-21.2544684,-47.8346989
6307182617,-21.2541556,-47.8346289
6307182849,-21.2547536,-47.8371609
6307182852,-21.2547387,-47.8372729
6307182874,-21.2545531,-47.8372949
6307182875,-21.254568,-47.8370958
6357000948,-21.1856772,-47.749334
6357000954,-21.1845847,-47.7484451
6357000956,-21.1845122,-47.7476753
6357000957,-21.1846768,-47.7480809
6357000959,-21.1844246,-47.7478148
6357000960,-21.1843076,-47.7475296
6357000961,-21.1856556,-47.7476664
6357000962,-21.1856966,-47.7490263
6357000963,-21.1861108,-47.7488305
6384355260,-21.1156194,-47.8384606
6384355263,-21.1144695,-47.8393767
6384355264,-21.1129848,-47.8403261
6384355265,-21.1142069,-47.8389195
6384355266,-21.1126523,-47.8399742
6384355267,-21.1139724,-47.8384641
6384355268,-21.1123096,-47.8396426
6384355269,-21.1119532,-47.8392979
6384355270,-21.1129244,-47.8374606
6384355274,-21.1118301,-47.8387401
6384355280,-21.1132743,-47.8378021
6384355282,-21.1135189,-47.8376753
6384355284,-21.1136104,-47.8381312
6384355285,-21.1125428,-47.8370823
6384355286,-21.1104378,-47.8350986
6384355287,-21.1101278,-47.8354529
6384355288,-21.1122102,-47.8374642
6384355289,-21.1118885,-47.8378338
6384355290,-21.109813,-47.8358129
6384355291,-21.1094739,-47.8362006
6384355298,-21.11159,-47.8381822
6384355299,-21.1133369,-47.8363812
6384355300,-21.1137042,-47.8361378
6384355301,-21.1141131,-47.8358668
6384355302,-21.1145107,-47.8356033
6384355303,-21.1149235,-47.8353298
6384355304,-21.1129126,-47.8366583
6384355305,-21.1148403,-47.8389619
6384355306,-21.1118426,-47.8338116
6384355307,-21.1153794,-47.8399256
6384355309,-21.1152205,-47.8387173
6384355310,-21.112229,-47.8335566
6384355311,-21.1126233,-47.8332965
6384355312,-21.1163411,-47.8397046
6384355313,-21.1164431,-47.8379305
6384355314,-21.1134279,-47.8327657
6384355315,-21.1130172,-47.8330366
6384355316,-21.1163046,-47.8386677
6384355317,-21.1171211,-47.8381103
6384355318,-21.1160244,-47.8382
6384355319,-21.1144012,-47.8392445
6384355320,-21.116863,-47.8376603
6384355322,-21.1105539,-47.8382358
6384355324,-21.1086434,-47.8363415
6384355326,-21.112559,-47.840173
6384355332,-21.1115762,-47.8389345
6384355334,-21.1114277,-47.8391017
6384355338,-21.1108566,-47.8385378
6384355339,-21.1109748,-47.8390704
6384355340,-21.1109986,-47.838365
6384355341,-21.1095204,-47.8372186
6384355342,-21.1096732,-47.8370596
6384355343,-21.108851,-47.8362408
6384355344,-21.1105385,-47.8342252
6384355345,-21.1109078,-47.8345611
6384355346,-21.1101645,-47.8338689
6384355347,-21.1091663,-47.8365523
6384355348,-21.1113769,-47.8340248
6384355349,-21.111418,-47.8340917
6384355350,-21.113863,-47.8324786
6384355351,-21.1111683,-47.833665
6384355352,-21.1136293,-47.8320792
6384355353,-21.1088112,-47.8354624
6384355355,-21.1109188,-47.8332319
6384355359,-21.1167088,-47.8325846
6384355360,-21.1154695,-47.8304387
6384355361,-21.116322,-47.8328429
6384355362,-21.1150742,-47.8307283
6384355364,-21.1144785,-47.8306355
6384355365,-21.1140802,-47.8308768
6384355366,-21.1146674,-47.8327893
6384355367,-21.1173423,-47.8385389
6384355368,-21.1154431,-47.8349673
6384355371,-21.1158529,-47.8398055
6384355372,-21.1167531,-47.839424
6384355374,-21.1130925,-47.8404325
6384355390,-21.1087136,-47.8337377
6384355391,-21.1079154,-47.8339791
6384355398,-21.107014,-47.8337666
6384355399,-21.1076302,-47.8343574
6384355406,-21.1063341,-47.8338133
6384355407,-21.10305,-47.8289434
6384355408,-21.1048419,-47.8313072
6384355409,-21.1033968,-47.8286389
6384355410,-21.1052119,-47.8309862
6384355411,-21.1037602,-47.8283199
6384355412,-21.1055697,-47.8306757
6384355413,-21.1041266,-47.8279982
6384355414,-21.1059397,-47.8303547
6384355415,-21.1045008,-47.8276696
6384355416,-21.1063127,-47.830031
6384355417,-21.1033802,-47.8253476
6384355418,-21.1014471,-47.8276846
6384355419,-21.1036808,-47.8257429
6384355420,-21.1017365,-47.8280609
6384355421,-21.1039737,-47.8261281
6384355422,-21.1042723,-47.8265208
6384355423,-21.1020353,-47.8284495
6384355424,-21.102564,-47.8286163
6384355425,-21.1045709,-47.8269133
6384355426,-21.1054047,-47.8373688
6384355428,-21.1036466,-47.839845
6384355429,-21.1050542,-47.8370288
6384355431,-21.1032875,-47.8395688
6384355433,-21.1046988,-47.8366765
6384355441,-21.1058704,-47.8373921
6384355447,-21.1060953,-47.8374639
6384355448,-21.1068747,-47.8346449
6384355449,-21.1049282,-47.8369001
6384355450,-21.1045931,-47.8365792
6384355451,-21.1065282,-47.8343069
6384355452,-21.1061746,-47.8339795
6384355453,-21.1042375,-47.8362363
6384355454,-21.1038918,-47.8359029
6384355455,-21.105833,-47.8336483
6384355456,-21.1030489,-47.83498
6384355457,-21.1027692,-47.8345855
6384355458,-21.1050033,-47.832678
6384355459,-21.1024539,-47.8341744
6384355460,-21.1047035,-47.8322829
6384355461,-21.1021707,-47.8338052
6384355462,-21.104411,-47.8318976
6384355463,-21.1018733,-47.8334174
6384355464,-21.1041131,-47.831505
6384355465,-21.1015668,-47.8330178
6384355466,-21.1038122,-47.8311085
6384355467,-21.102108,-47.829715
6384355468,-21.1017465,-47.8300332
6384355469,-21.1013833,-47.8303529
6384355470,-21.1010277,-47.830666
6384355471,-21.1006636,-47.8309865
6384355473,-21.1016701,-47.8323076
6384355475,-21.1001363,-47.8295052
6384355476,-21.1020326,-47.831992
6384355477,-21.1003385,-47.8289656
6384355478,-21.1023859,-47.8316843
6384355479,-21.1006966,-47.8286568
6384355480,-21.1027584,-47.83136
6384355481,-21.1010621,-47.8283417
6384355482,-21.1031206,-47.8310446
6384355483,-21.1035078,-47.8307074
6384355485,-21.1000031,-47.8293657
6384355486,-21.1014551,-47.8280028
6384355487,-21.1015967,-47.8278792
6384355494,-21.1162051,-47.8291565
6384355495,-21.1169624,-47.8288559
6384355503,-21.1164787,-47.8289748
6384355507,-21.116279,-47.8287513
6384355524,-21.1153519,-47.8277135
6384355525,-21.1160565,-47.8290481
6384355527,-21.1155196,-47.829591
6384355528,-21.1106911,-47.8328261
6384355529,-21.1106034,-47.8326334
6384355530,-21.1094781,-47.8335804
6384355531,-21.1096447,-47.8337407
6384355534,-21.1147057,-47.8304922
6384355541,-21.1148591,-47.830157
6384355550,-21.1128725,-47.8315874
6384355552,-21.1127882,-47.831406
6384355560,-21.1129667,-47.8309482
6384355570,-21.1133956,-47.8316756
6384355573,-21.1128616,-47.8307503
6384355574,-21.1125941,-47.8303054
6384355575,-21.112357,-47.8298818
6384355576,-21.1148118,-47.8283106
6384355577,-21.1150563,-47.8287529
6384355578,-21.1152969,-47.8291883
6384355579,-21.1147189,-47.8281426
6384355580,-21.1109998,-47.8319255
6384355582,-21.1082372,-47.8327199
6384355583,-21.1108023,-47.83147
6384355584,-21.1156997,-47.8283438
6384355585,-21.115447,-47.8278932
6384355586,-21.1106158,-47.8310293
6384355587,-21.108055,-47.8322494
6384355588,-21.1078707,-47.8318202
6384355589,-21.1104204,-47.8305676
6384355590,-21.1080999,-47.8323635
6384355596,-21.1070711,-47.8325788
6384355598,-21.1079156,-47.8319277
6384355601,-21.1062112,-47.8326765
6384355602,-21.104781,-47.832014
6384355603,-21.1069783,-47.830101
6384355604,-21.1050934,-47.8324198
6384355605,-21.1075109,-47.8309598
6384355606,-21.1097896,-47.8303254
6384355607,-21.1093709,-47.8305197
6384355608,-21.1089447,-47.8307291
6384355609,-21.1076838,-47.8313733
6384355610,-21.110228,-47.8301131
6384355611,-21.1083086,-47.8255324
6384355612,-21.1071366,-47.822746
6384355613,-21.1067207,-47.8229417
6384355614,-21.1078717,-47.8257405
6384355615,-21.1090399,-47.8285204
6384355616,-21.1086092,-47.8287301
6384355617,-21.1074616,-47.8259358
6384355618,-21.1062875,-47.8231455
6384355619,-21.105465,-47.8211676
6384355620,-21.1050356,-47.8214005
6384355621,-21.10586,-47.8233467
6384355622,-21.1070205,-47.8261459
6384355623,-21.1081748,-47.8289415
6384355624,-21.1077619,-47.8291425
6384355625,-21.1066017,-47.8263454
6384355626,-21.1054253,-47.8235512
6384355627,-21.1046233,-47.8215811
6384355628,-21.1042119,-47.8218259
6384355629,-21.1049805,-47.8237605
6384355630,-21.1061735,-47.8265493
6384355631,-21.1073591,-47.8293386
6384355632,-21.1004026,-47.8246631
6384355633,-21.1005393,-47.8248542
6384355634,-21.1016101,-47.8262428
6384355635,-21.1003445,-47.8253775
6384355636,-21.1004867,-47.8255663
6384355637,-21.1012536,-47.8265518
6384355641,-21.1033486,-47.8223521
6384355642,-21.1041303,-47.824163
6384355643,-21.1073126,-47.8304856
6384355644,-21.1072673,-47.8304923
6384355645,-21.1030872,-47.8249624
6384355646,-21.1022424,-47.8230162
6384355647,-21.103481,-47.824621
6384355648,-21.1027868,-47.8226855
6384355649,-21.1026888,-47.8224903
6384355650,-21.1017693,-47.8233036
6384355651,-21.1016663,-47.8230962
6384355652,-21.1013772,-47.8235418
6384355653,-21.1027237,-47.8252775
6384355654,-21.1009535,-47.8237958
6384355655,-21.1023501,-47.8256013
6384355656,-21.101975,-47.8259264
6384355658,-21.1004736,-47.8238431
6384355661,-21.105891,-47.8209235
6384355663,-21.1005336,-47.8240361
6384355664,-21.1094743,-47.8283089
6384355665,-21.1066868,-47.8297064
6384355666,-21.106922,-47.8295514
6384355667,-21.1043092,-47.8317635
6384355668,-21.1044791,-47.831622
6384355671,-21.1037908,-47.8220756
6384355672,-21.1036791,-47.8218877
6384355673,-21.1045599,-47.8239584
6384355674,-21.105751,-47.8267506
6384355675,-21.1048877,-47.8273299
6384355681,-21.1023907,-47.8297133
6384355682,-21.1023367,-47.8296756
6384355685,-21.1021921,-47.8294517
6384355687,-21.1021739,-47.8293376
6384355696,-21.1026185,-47.8288769
6384355700,-21.1028392,-47.8289645
6384355703,-21.1029818,-47.8291709
6384355705,-21.1024015,-47.8289258
6384355706,-21.1029192,-47.8295961
6384355707,-21.1027639,-47.8297272
6384355708,-21.1022553,-47.8290572
6384355710,-21.1002953,-47.8312802
6384355712,-21.0998447,-47.83156
6384355713,-21.0998126,-47.8319702
6384355715,-21.1012093,-47.8325361
6384355716,-21.1012918,-47.8326407
6384355717,-21.1035514,-47.8355724
6384355718,-21.105551,-47.8375439
6384355719,-21.1052931,-47.8372541
6384355720,-21.1072372,-47.8349873
6384355723,-21.1040819,-47.8401777
6384355724,-21.1055253,-47.8380495
6384355726,-21.1054832,-47.8333113
6384355727,-21.105273,-47.8330377
6384355728,-21.1007063,-47.8270161
6384355729,-21.1008664,-47.8268874
6384355730,-21.1011517,-47.8273004
6384355731,-21.1053956,-47.8328124
6384355732,-21.1056559,-47.8331531
6384355737,-21.1085787,-47.8359716
6384355738,-21.1084349,-47.836148
6384355747,-21.1075811,-47.8360376
6384355752,-21.1074479,-47.8356105
6384355756,-21.1075422,-47.8352878
6384355757,-21.1076915,-47.8351249
6384355765,-21.1083186,-47.8350449
6384355766,-21.1084973,-47.8351906
6384355770,-21.1086482,-47.8354899
6384355776,-21.1084162,-47.8358254
6384355780,-21.1082492,-47.8360114
6384355786,-21.107792,-47.8359616
6384355789,-21.1077157,-47.8358626
6384355796,-21.107701,-47.8354309
6384355800,-21.1078695,-47.8352512
6384710629,-21.1412927,-47.7512618
6384710630,-21.1447808,-47.7486483
6384710631,-21.1428351,-47.7519196
6384710634,-21.1469082,-47.7479358
6384710639,-21.1428698,-47.7448031
6384710640,-21.1433705,-47.7477193
6384710643,-21.1407237,-47.7489209
6384710644,-21.1445362,-47.7522522
6384710645,-21.1475641,-47.750435
6384710646,-21.1465775,-47.7520484
6384710647,-21.1488465,-47.7514559
6384710648,-21.1480985,-47.7527779
6384710649,-21.1475947,-47.7457977
6384710650,-21.1462023,-47.7448386
6384710660,-21.1537813,-47.7435324
6384710666,-21.1409739,-47.703841
6384710668,-21.1436306,-47.7060592
6640580860,-21.204371,-47.8102225
6640580866,-21.2044255,-47.8097813
6750843891,-21.2170725,-47.7594227
6806726151,-21.1321297,-47.8551349
6806726158,-21.1323428,-47.8570998
6806726161,-21.1308262,-47.8574585
6806726163,-21.1311882,-47.8574257
6806726167,-21.1320076,-47.8570703
6806726169,-21.1317349,-47.8566331
6806726170,-21.1314797,-47.8561771
6806726171,-21.1298259,-47.8576845
6806726172,-21.1306015,-47.8575987
6806726173,-21.1303989,-47.8571615
6806726174,-21.1301487,-47.8567028
6806726175,-21.1311537,-47.8534682
6806726176,-21.1289592,-47.8577953
6806726179,-21.1279955,-47.858386
6806726181,-21.1285697,-47.8581799
6806726183,-21.1290708,-47.8580914
6806754686,-21.1307066,-47.8580815
6806754692,-21.1287531,-47.8599427
6806754693,-21.1292017,-47.8602815
6806754694,-21.1295938,-47.8606055
6806754695,-21.1300131,-47.8609624
6806754703,-21.128432,-47.8622017
6806754704,-21.1281897,-47.8616941
6806754705,-21.1286187,-47.8629235
6806754711,-21.1273387,-47.8593911
6806754712,-21.1271187,-47.8599573
6806754715,-21.126626,-47.8612599
6806754718,-21.128265,-47.8606322
6806754724,-21.1270663,-47.8610829
6806754725,-21.1272552,-47.8605531
6806754730,-21.1307266,-47.8582183
6806754733,-21.1291029,-47.8582343
6806754735,-21.1286125,-47.8583229
6806754737,-21.1280462,-47.8585262
6806754750,-21.1276182,-47.858113
6806754761,-21.1302478,-47.8585994
6806754767,-21.1297198,-47.8585603
6806754781,-21.1286075,-47.8601618
6806754783,-21.1281366,-47.8604374
6806754794,-21.1283538,-47.8596147
6806754809,-21.1279271,-47.8591916
6806754834,-21.1275054,-47.8583433
6806754839,-21.1277716,-47.858489
6806754841,-21.1278468,-47.8586456
6806754847,-21.1277584,-47.8590243
6806754862,-21.1331434,-47.8579474
6806754883,-21.1324386,-47.8580411
6806754886,-21.1322275,-47.857607
6806754888,-21.132582,-47.8573696
6806754890,-21.1326892,-47.8574082
6806754896,-21.1328533,-47.8577627
6806754898,-21.1328187,-47.8578746
6882330810,-21.2402834,-47.7728104
6882330812,-21.2400831,-47.7727488
6882330819,-21.2408852,-47.7706588
6882330827,-21.2400749,-47.769417
6885819269,-21.2197824,-47.7940163
6885819270,-21.2192858,-47.7942561
6885819271,-21.2191792,-47.794018
6924978278,-21.1933484,-47.800101
6935850072,-21.1936504,-47.8008756
6935850073,-21.1935173,-47.8008956
6935850074,-21.1926224,-47.8010106
6935850075,-21.1932656,-47.8002014
6981574324,-21.3367635,-47.834871
6981574337,-21.3348998,-47.8587987
7010079339,-21.2006617,-47.8144815
7066569612,-21.2186218,-47.8150392
7066569615,-21.2200187,-47.8119815
7072968088,-21.2196778,-47.871467
7072968093,-21.2164392,-47.8705993
7072968098,-21.2141976,-47.8633761
7072968099,-21.2138797,-47.8632626
7105666120,-21.0867261,-47.7869748
7105666131,-21.0842899,-47.7864987
7211211015,-21.1243547,-47.8418285
7211211019,-21.1245629,-47.8421874
7211211020,-21.1239479,-47.8403798
7211211024,-21.1246295,-47.8417844
7211214233,-21.1250201,-47.8364467
7211214236,-21.1252024,-47.8376994
7211214452,-21.1261436,-47.8467981
7211214453,-21.1249606,-47.8469513
7211214454,-21.1258798,-47.8463499
7211214455,-21.1256058,-47.8458844
7211214456,-21.1245531,-47.8465887
7211214457,-21.1241713,-47.846249
7211214458,-21.1237474,-47.8458717
7211214459,-21.1233411,-47.8455102
7211214460,-21.124807,-47.8445271
7211214461,-21.1229487,-47.8451611
7211214462,-21.1245505,-47.8440912
7211214463,-21.1242881,-47.8436454
7211214464,-21.1225528,-47.8448088
7211214465,-21.1240299,-47.8432067
7211214466,-21.1248519,-47.8426794
7211214468,-21.122429,-47.844227
7211214469,-21.1229484,-47.842026
7211214473,-21.1222615,-47.8445496
7211214477,-21.1231228,-47.841685
7211214478,-21.1216205,-47.8435974
7211214482,-21.1228053,-47.841126
7211214483,-21.1236276,-47.8405955
7211214484,-21.1218873,-47.8442198
7223292664,-21.1123468,-47.8187174
7223312321,-21.1061417,-47.8336161
7223312322,-21.1059905,-47.8337983
7223312411,-21.1108166,-47.8392864
7223312450,-21.1113383,-47.8383137
7223312452,-21.1114328,-47.8383557
7223312457,-21.1116235,-47.8386696
7223312466,-21.1116788,-47.8393297
7223312484,-21.1132169,-47.840059
7223312532,-21.1174021,-47.838585
7223312540,-21.1178689,-47.8387258
7223312542,-21.1179615,-47.8389077
7223312582,-21.1171207,-47.839184
7223312585,-21.1172227,-47.8393651
7223312642,-21.1181308,-47.830906
7223312649,-21.1177861,-47.8309357
7223312650,-21.116442,-47.8321226
7223312653,-21.1167581,-47.8293547
7223312666,-21.1172332,-47.8322343
7223312667,-21.1169719,-47.8317439
7223312669,-21.1146744,-47.8309817
7223312672,-21.1159474,-47.8301221
7223312686,-21.1174262,-47.8290594
7223312756,-21.1196698,-47.8330452
7223312758,-21.1194253,-47.8330216
7228908935,-21.1296277,-47.7509956
7228908936,-21.1294882,-47.7511793
7228908940,-21.1283661,-47.7509366
7228908945,-21.1295345,-47.7503666
7228908954,-21.1248998,-47.7500523
7228908955,-21.1249505,-47.7499079
7228908963,-21.1251535,-47.7497504
7228908969,-21.1199701,-47.7402232
7228908972,-21.1214276,-47.7450674
7228908980,-21.1252264,-47.7500046
7228924693,-21.1188775,-47.7365729
7228924702,-21.1249644,-47.7502897
7228924754,-21.1344831,-47.7544174
7228924763,-21.1361074,-47.7586117
7228924771,-21.136828,-47.7609707
7228924774,-21.1372026,-47.7615165
7228924778,-21.1347279,-47.755118
7248149738,-21.2427574,-47.809217
7248149740,-21.2424799,-47.8103274
7248149756,-21.2423412,-47.8102912
7248149757,-21.2426224,-47.8091942
7248149761,-21.2428082,-47.8087166
7248149763,-21.2425858,-47.8087556
7248149767,-21.2424475,-47.8086421
7248149768,-21.2420874,-47.808753
7248149770,-21.2428724,-47.8084901
7248149773,-21.2423174,-47.8064999
7248173086,-21.2436637,-47.8076908
7248173088,-21.2434962,-47.8078075
7248173090,-21.2433599,-47.8079205
7248173097,-21.2434137,-47.8077485
7248173098,-21.2434987,-47.8075655
7248173099,-21.2436462,-47.8075768
7248173101,-21.2438237,-47.8075942
7248173108,-21.244709,-47.8080757
7248173113,-21.2446745,-47.8079398
7248173114,-21.2447613,-47.8078418
7248173119,-21.2448249,-47.8080918
7248173120,-21.2449248,-47.8076982
7248173125,-21.2420758,-47.8015913
7248173128,-21.242139,-47.801392
7248173135,-21.2425734,-47.8012177
7248173138,-21.2427422,-47.8013076
7248173159,-21.2427512,-47.8019737
7248173161,-21.2439299,-47.8033966
7248173162,-21.239714,-47.8017984
7248173169,-21.2428662,-47.8017792
7248173170,-21.2443624,-47.8039545
7248173171,-21.2457274,-47.8056845
7248173185,-21.2454331,-47.8052866
7248173213,-21.2455637,-47.8054489
7426090866,-21.1604271,-47.7309841
7426090867,-21.1602878,-47.7310161
7426104427,-21.1959388,-47.8068841
7440969246,-21.3295092,-47.9377532
7440969249,-21.3325287,-47.9368874
7440969269,-21.3382064,-47.9433038
7516975905,-21.3228369,-47.9618293
7516975910,-21.3015161,-47.9719412
7521071319,-21.2423031,-47.7170737
7522490385,-21.2966518,-47.9105106
7526019844,-21.2809119,-47.9199922
7526019870,-21.2945938,-47.9096738
7526019876,-21.2907202,-47.9093157
7526027798,-21.2861079,-47.9042047
7530712224,-21.2070794,-47.8152063
7530712232,-21.2039022,-47.8190683
7530712233,-21.2036593,-47.819858
7530712234,-21.2040518,-47.8201792
7530712235,-21.2045958,-47.8187448
7530712237,-21.2049112,-47.8182999
7530712239,-21.2055224,-47.8169069
7530712241,-21.2060981,-47.8161939
7530712247,-21.2065904,-47.8158392
7530763758,-21.3051683,-47.9282346
7530763761,-21.3065177,-47.9278028
7530774170,-21.2776778,-47.9276781
7530774177,-21.2715379,-47.9275171
7530834020,-21.2905864,-47.9333027
7542333389,-21.1006737,-47.8321713
7547284259,-21.1411853,-47.6540284
7547284272,-21.1420227,-47.6540773
7547284278,-21.1377166,-47.6620629
7562210462,-21.2453574,-47.7362622
7562210468,-21.2457686,-47.7371092
7562375248,-21.208744,-47.6809972
7562375253,-21.2085924,-47.6802424
7562375258,-21.2076241,-47.6801147
7562375585,-21.2063128,-47.7221243
7562375586,-21.2067548,-47.7225601
7562375588,-21.2074579,-47.7223985
7562375589,-21.2071912,-47.7225605
7562628448,-21.2239353,-47.6989889
7562628449,-21.2264764,-47.70152
7562628450,-21.2270168,-47.7054007
7562628456,-21.2302596,-47.702508
7562628459,-21.229357,-47.7024624
7562628464,-21.2282219,-47.7038933
7562628474,-21.2362524,-47.7142976
7562628503,-21.2359599,-47.7188279
7562628508,-21.2193934,-47.7029599
7562628512,-21.2262918,-47.7015531
7562628523,-21.207803,-47.7064697
7562826399,-21.2335797,-47.7347364
7562826402,-21.2373149,-47.7308428
7562826462,-21.2410474,-47.7149937
7629011639,-21.2098494,-47.9066651
7629152732,-21.2301921,-47.9041779
7629152763,-21.2173119,-47.9149215
7631066103,-21.2302196,-47.9136193
7631109563,-21.2301596,-47.9170954
7631277101,-21.2108174,-47.9071981
7637154656,-21.3345462,-47.865534
7637154725,-21.3427532,-47.8926531
7637169177,-21.3176448,-47.8849143
7637169229,-21.3070456,-47.889588
7637185479,-21.3131396,-47.8408845
7637216856,-21.3151036,-47.8476437
7717002345,-21.1091841,-47.8014504
7723161584,-21.1910004,-47.9136622
7729199188,-21.2240313,-47.8150214
7738049101,-21.1293682,-47.7546222
7738146379,-21.1313397,-47.7512183
7738146381,-21.1313423,-47.7513758
7746742881,-21.1357069,-47.7411369
7746807586,-21.1356507,-47.7414519
7746807590,-21.1353915,-47.7416245
7746807599,-21.1349931,-47.7413829
7746807610,-21.1352987,-47.7408236
7746891382,-21.1380366,-47.741487
7746891384,-21.1380458,-47.741309
7746891385,-21.137724,-47.7413028
7746891400,-21.135061,-47.7430576
7746891401,-21.1353463,-47.7418691
7746891405,-21.1359278,-47.7414517
7746899795,-21.1346953,-47.745716
7747193858,-21.1431047,-47.7777518
7761542314,-21.1462271,-47.7770636
7762124694,-21.1203702,-47.804345
7762572521,-21.1202901,-47.8042856
7762572524,-21.1203516,-47.8048171
7775717052,-21.1903516,-47.7512821
7775717057,-21.1907662,-47.7507084
7779344162,-21.1751035,-47.7266203
7794616926,-21.1869934,-47.743519
7794616927,-21.1871918,-47.7441911
7794616931,-21.1870639,-47.7435131
7797401649,-21.22283,-47.7624667
7797401654,-21.221828,-47.76228
7817759474,-21.2076494,-47.8551718
7817759477,-21.2089354,-47.8523454
7817900327,-21.174034,-47.8159477
7821737749,-21.134657,-47.7243472
7821827813,-21.1245969,-47.6735455
7821827823,-21.1316892,-47.6866749
7821935091,-21.1486864,-47.7183478
7821935092,-21.1486976,-47.7182391
7824107748,-21.1451465,-47.8531894
7830583350,-21.1226586,-47.8059061
7830583367,-21.1274582,-47.8148642
7835525939,-21.1221361,-47.8234771
7835525941,-21.122008,-47.8234249
7835525942,-21.122019,-47.8237803
7835525944,-21.1223315,-47.8231475
7863140420,-21.2169105,-47.8534959
7865416410,-21.1827382,-47.8329153
7866104704,-21.1966663,-47.8231327
7868107415,-21.2036228,-47.8200182
7868107419,-21.2040065,-47.8203358
7868107424,-21.2038504,-47.820827
7869254413,-21.1472767,-47.8588913
7869254414,-21.1473096,-47.8598534
7869450215,-21.1425538,-47.8617654
7869450220,-21.1423961,-47.8617228
7884403419,-21.2080733,-47.8731173
7884403420,-21.2065985,-47.8750008
7884403421,-21.2066743,-47.8730333
7884403424,-21.2142269,-47.8688988
7884403425,-21.21365,-47.8700287
7884403427,-21.2139082,-47.869535
7884403429,-21.2142538,-47.8698966
7884403438,-21.257852,-47.7708993
7884403439,-21.2581314,-47.7805442
7884403440,-21.2422431,-47.7630784
7884403441,-21.2192959,-47.7496693
7884403444,-21.2228006,-47.7508175
7884403465,-21.1687375,-47.7198618
7884403467,-21.1497552,-47.7299092
7884403468,-21.145963,-47.7316104
7884403469,-21.1442063,-47.7332722
7884403471,-21.1454483,-47.7338512
7884403474,-21.1419779,-47.7342187
7884403479,-21.1284999,-47.7579653
7884403482,-21.2450711,-47.7982173
7884403536,-21.126033,-47.8368169
7884434644,-21.1583455,-47.8549304
7891617547,-21.2344363,-47.8183807
7895085002,-21.2605436,-47.827853
7895085006,-21.263136,-47.8299184
7895085007,-21.2639906,-47.8313945
7895371538,-21.2717006,-47.8361627
7895371539,-21.271559,-47.8360359
7895377704,-21.2716491,-47.8359045
7895377705,-21.2718049,-47.8360258
7895377744,-21.2707754,-47.8334493
7895377745,-21.2708082,-47.8332643
7895415990,-21.1909566,-47.7270529
7895415991,-21.1905869,-47.7268738
7895415992,-21.1904556,-47.7271323
7895415994,-21.1906486,-47.7266934
7895415995,-21.1905399,-47.7269766
7895415996,-21.1908828,-47.7271588
7896725842,-21.1885917,-47.7104147
7896826117,-21.2738013,-47.8115476
7900713156,-21.1912614,-47.79171
7900713158,-21.1915277,-47.7909941
7900713159,-21.191373,-47.7918212
7900713161,-21.1916383,-47.7911289
7913947119,-21.1324259,-47.8041003
7913947120,-21.1328586,-47.8042861
7913957770,-21.1403298,-47.8038605
7917319138,-21.1293867,-47.7548092
7917319141,-21.1292397,-47.7529995
8016083645,-21.3270021,-47.8178242
8021290995,-21.3207369,-47.8148277
8033484647,-21.2170974,-47.8186217
8110509853,-21.1325742,-47.7259334
8110509880,-21.1492367,-47.7117777
8110903431,-21.1368022,-47.6889132
8111012588,-21.1332209,-47.6814929
8111012589,-21.1339864,-47.6807715
8111012594,-21.1496026,-47.718395
8111012595,-21.1495936,-47.7185204
8111072646,-21.1486179,-47.7182751
8111072647,-21.1231921,-47.7269
8111213200,-21.1425797,-47.6822456
8111213207,-21.1429502,-47.6876257
8111216724,-21.1476107,-47.6848094
8111216735,-21.1467839,-47.6741932
8140359349,-21.2371199,-47.8030211
8140359352,-21.2370893,-47.8035917
8140404724,-21.223779,-47.8350176
8190339698,-21.2039521,-47.8205165
8190339700,-21.2041673,-47.820459
8190339701,-21.2037269,-47.8195944
8190339703,-21.2034861,-47.8197151
8269012880,-21.0901947,-47.7973689
8269012881,-21.1054821,-47.8074056
8269166635,-21.1346345,-47.8568475
8269252321,-21.0951097,-47.8058869
8269252322,-21.0951769,-47.8062008
8269252323,-21.0950362,-47.8059162
8269252324,-21.0953363,-47.8057084
8269252325,-21.0952618,-47.8061162
8269252333,-21.0949732,-47.8060639
8269252339,-21.0952475,-47.8059545
8269630619,-21.1044475,-47.8018032
8269630620,-21.1046512,-47.802258
8269630621,-21.1031744,-47.8026023
8269630623,-21.1037229,-47.8035975
8269630624,-21.1032924,-47.8013487
8269630627,-21.1036571,-47.8020422
8269687321,-21.1367932,-47.8511407
8269687323,-21.1361794,-47.8511332
8269687324,-21.1362195,-47.8516129
8269687325,-21.1311809,-47.8494066
8269687326,-21.1308981,-47.8495899
8269687327,-21.1310281,-47.8495057
8269687328,-21.1319187,-47.850655
8269687329,-21.1316825,-47.8509281
8272803390,-21.1694418,-47.7862627
8272803392,-21.1697027,-47.7863176
8272803393,-21.1611798,-47.7879667
8272879236,-21.1744326,-47.7592233
8272879237,-21.1732929,-47.7585701
8272984084,-21.2562438,-47.8106663
8272984085,-21.2561036,-47.8106438
8272984086,-21.2560433,-47.8110072
8272984087,-21.2561829,-47.811032
8273081198,-21.1633199,-47.7894564
8273518974,-21.1626092,-47.7107112
8273531902,-21.1524637,-47.7084249
8273531908,-21.1547075,-47.7095783
8273631902,-21.1676142,-47.7904818
8273934914,-21.2897105,-47.7878719
8277102690,-21.1612483,-47.7345314
8277102691,-21.1611045,-47.7345697
8277453127,-21.1537767,-47.8512228
8277453128,-21.1534853,-47.8521733
8277470023,-21.1524683,-47.852049
8278330673,-21.1502136,-47.8567598
8278330674,-21.150116,-47.8566163
8288302525,-21.1124726,-47.8318145
8288302526,-21.1126329,-47.8321142
8288387335,-21.2170716,-47.8269647
8288545437,-21.1542488,-47.7911453
8288545438,-21.1538081,-47.790757
8288545443,-21.1545881,-47.786736
8288579471,-21.2228347,-47.8171587
8288579472,-21.2230731,-47.8167974
8288579473,-21.2229505,-47.8172259
8288579475,-21.223493,-47.8241152
8288581871,-21.1270678,-47.8269653
8288581873,-21.1268043,-47.8271949
8288626705,-21.1186364,-47.8312991
8288626706,-21.1158353,-47.8397751
8288677451,-21.1156146,-47.8326075
8288677452,-21.1154662,-47.8327562
8288692117,-21.1458869,-47.791823
8288692118,-21.1457508,-47.791748
8288692119,-21.1460099,-47.7915405
8288692120,-21.1458738,-47.7914692
8288692121,-21.1567609,-47.7912296
8288692122,-21.1567324,-47.7910462
8288694939,-21.1963729,-47.8518563
8288785965,-21.1533655,-47.7925583
8288893049,-21.1150179,-47.8324371
8288893051,-21.1114993,-47.8380976
8288979600,-21.1271198,-47.8245445
8288998019,-21.1359752,-47.741266
8288998238,-21.2085453,-47.8609637
8288998239,-21.2084747,-47.8612013
8288998240,-21.2080896,-47.8607774
8289005320,-21.1534518,-47.7926321
8289137208,-21.1446924,-47.7932986
8289137209,-21.145064,-47.7923943
8289291117,-21.2134144,-47.8684089
8289321196,-21.2552665,-47.8193846
8289321197,-21.2552376,-47.8184841
8289375342,-21.264937,-47.823093
8289468912,-21.2050009,-47.8538489
8289495430,-21.1564897,-47.787147
8289495446,-21.1600818,-47.7861325
8289495451,-21.1537732,-47.7921273
8289495453,-21.1543038,-47.7923979
8289560784,-21.2065105,-47.8514896
8289560785,-21.2059033,-47.8519371
8289607000,-21.1462398,-47.7921514
8289607002,-21.1465721,-47.7925448
8292172545,-21.2674482,-47.8175007
8292177556,-21.2523807,-47.8256562
8292203858,-21.2642379,-47.8198315
8292231595,-21.2637981,-47.8234528
8292296435,-21.1591955,-47.7908566
8292296436,-21.1591923,-47.79096
8292297564,-21.2467798,-47.8328781
8292337763,-21.2635504,-47.8163231
8292399890,-21.1282164,-47.8295709
8292399891,-21.1322158,-47.8300343
8292399894,-21.132314,-47.8302341
8292424270,-21.2520758,-47.831755
8292426461,-21.1272252,-47.8305191
8292479901,-21.2439062,-47.839019
8292479907,-21.2439262,-47.8392778
8292479908,-21.244728,-47.8399316
8292490716,-21.2444968,-47.8390324
8292515417,-21.2444293,-47.8391263
8292515418,-21.2447648,-47.8392476
8292515419,-21.244699,-47.8393413
8292541225,-21.1581191,-47.7924857
8292566987,-21.2280274,-47.8346631
8292700563,-21.2342567,-47.8324355
8292764683,-21.1654008,-47.8741828
8292795032,-21.1116478,-47.8390035
8292795033,-21.1217085,-47.8315395
8292875241,-21.1899249,-47.7329786
8292875242,-21.1899359,-47.7331637
8292889667,-21.2339523,-47.8259754
8292889668,-21.2342975,-47.8272053
8293076126,-21.2469924,-47.7567258
8293076127,-21.2482965,-47.7564241
8293140538,-21.2385262,-47.8441957
8293140539,-21.2385188,-47.8445466
8293140540,-21.2387522,-47.8441792
8293140541,-21.2386987,-47.8449319
8293140544,-21.2385412,-47.8458466
8293140548,-21.2403487,-47.8413364
8293140554,-21.2419059,-47.8398849
8293140555,-21.2421289,-47.8401365
8293180115,-21.2168587,-47.8270852
8293180116,-21.2169958,-47.8272047
8293209230,-21.2439587,-47.8381902
8293213158,-21.1313738,-47.8285074
8293293773,-21.137842,-47.8239352
8293323059,-21.1278054,-47.7273043
8293361259,-21.2361224,-47.8253907
8293361266,-21.2388639,-47.817656
8293361267,-21.2387493,-47.8177339
8293361268,-21.2387763,-47.8175334
8295394358,-21.1867638,-47.7247394
8295431346,-21.2403137,-47.7694049
8295431347,-21.2391452,-47.7682426
8295495259,-21.1188986,-47.796799
8295495274,-21.1239767,-47.8076959
8295495275,-21.123366,-47.8084955
8295870265,-21.1193446,-47.7993116
8295870267,-21.1197079,-47.799296
8295870268,-21.1189537,-47.7994806
8295898284,-21.1377184,-47.8049946
8295918693,-21.1134485,-47.7958195
8295918696,-21.1135669,-47.7960196
8295918700,-21.1195533,-47.7984981
8295946287,-21.1201782,-47.8041666
8295946288,-21.1200383,-47.8042541
8296431114,-21.1203745,-47.8045628
8296463717,-21.1204784,-47.8044494
8296463722,-21.1092996,-47.801092
8296463725,-21.1090615,-47.8012307
8296463726,-21.1092851,-47.8016332
8296463729,-21.1095254,-47.8014926
8298775244,-21.1203185,-47.7942667
8298775246,-21.1204765,-47.7945389
8298834080,-21.139386,-47.833575
8298926288,-21.1714938,-47.8030895
8299080760,-21.1969011,-47.726017
8299080762,-21.1964416,-47.7275762
8299097090,-21.1133722,-47.7792124
8299097092,-21.1156637,-47.7861107
8299224806,-21.1929832,-47.7256108
8299224807,-21.1929848,-47.7255518
8299352730,-21.1257966,-47.8380159
8299391312,-21.1427131,-47.8456502
8299391313,-21.1425362,-47.8457151
8299391314,-21.1418457,-47.8452417
8299469618,-21.1211925,-47.7811289
8299469619,-21.121031,-47.7811021
8299469622,-21.1210012,-47.7814963
8299469623,-21.1211592,-47.7815218
8299469637,-21.1175062,-47.7857356
8299469640,-21.1170971,-47.7858375
8299469645,-21.1171872,-47.7856765
8299469649,-21.1180375,-47.785863
8299469651,-21.1185728,-47.7857647
8299469652,-21.1176488,-47.7861419
8299469653,-21.1168757,-47.7853654
8299571718,-21.1387036,-47.833642
8299571719,-21.1397539,-47.8427653
8299644251,-21.1359899,-47.8460782
8301715033,-21.1449431,-47.7935788
8301715034,-21.1451012,-47.7936591
8301715035,-21.1436094,-47.8040738
8301715036,-21.1441582,-47.804183
8301715039,-21.1433655,-47.8044494
8301715041,-21.1429865,-47.8047162
8301715044,-21.1426312,-47.8054378
8301715049,-21.1442694,-47.8039329
8301736345,-21.185367,-47.8270551
8301736346,-21.1861916,-47.8275106
8301741902,-21.1549831,-47.79654
8301741907,-21.1498158,-47.8100458
8301741914,-21.1494235,-47.8094912
8301741915,-21.147125,-47.8085382
8301741916,-21.1441271,-47.8065687
8301757880,-21.1476945,-47.7988328
8301757913,-21.1431591,-47.8066273
8301757914,-21.1441598,-47.7953714
8301757916,-21.144307,-47.7954554
8301783988,-21.1541068,-47.8460505
8301783989,-21.1538634,-47.8446063
8301783990,-21.15361,-47.8437474
8301783991,-21.1532011,-47.8426601
8301783992,-21.1529468,-47.8504905
8301783993,-21.1530633,-47.8499677
8301783994,-21.1532102,-47.848882
8301851196,-21.1440079,-47.8314372
8301851197,-21.143105,-47.8324929
8301895623,-21.1554929,-47.8080596
8301910574,-21.1470738,-47.8125458
8301910575,-21.1466372,-47.8121499
8301910576,-21.1464534,-47.8133627
8301910577,-21.146011,-47.8129509
8301927846,-21.185363,-47.7782148
8301945759,-21.1480482,-47.7960615
8301945760,-21.1483099,-47.7962468
8301960907,-21.1520774,-47.8304978
8301960909,-21.1518921,-47.8307152
8302007304,-21.1498362,-47.8347954
8302007305,-21.1487061,-47.8358432
8302107437,-21.1532289,-47.847068
8302107438,-21.153007,-47.845436
8302107439,-21.1531297,-47.8461859
8302112195,-21.1737496,-47.7949511
8302414322,-21.1599175,-47.8143448
8302446169,-21.1424402,-47.80615
8302446186,-21.1414142,-47.8058964
8302446189,-21.1425337,-47.8048839
8302446192,-21.141902,-47.8060316
8302446197,-21.1420483,-47.8060721
8302446200,-21.142002,-47.8067652
8302446201,-21.1305764,-47.7960137
8302446202,-21.131428,-47.7964474
8302486346,-21.1449765,-47.8069646
8302495019,-21.1616276,-47.7951126
8302495020,-21.1623242,-47.7957496
8302553554,-21.1687203,-47.7983551
8302706836,-21.1530015,-47.8464501
8302706837,-21.1542389,-47.8415136
8302710934,-21.1298284,-47.7977398
8302710942,-21.1301675,-47.7946835
8302716116,-21.1457575,-47.8425456
8302736877,-21.1450697,-47.7932904
8302736879,-21.1452217,-47.793381
8302779724,-21.1926667,-47.8213418
8302779725,-21.1926124,-47.8214912
8302830643,-21.169073,-47.8111584
8302848352,-21.1543375,-47.7976185
8302848353,-21.154336,-47.7976848
8302848354,-21.1544907,-47.7974285
8304857247,-21.1420496,-47.8449413
8304857248,-21.1425124,-47.8459927
8304918500,-21.1740851,-47.8184175
8304959354,-21.148874,-47.8094986
8304961949,-21.1649593,-47.8276706
8304965261,-21.1810382,-47.8168731
8305001433,-21.1532332,-47.8068647
8305001434,-21.1526645,-47.8076516
8305018040,-21.1877847,-47.7734161
8305018041,-21.1878363,-47.7733175
8305030638,-21.1750417,-47.8295374
8305030639,-21.174893,-47.8295439
8305032578,-21.1953907,-47.7730311
8305048093,-21.2119513,-47.7856758
8305048094,-21.2121226,-47.7854398
8305055784,-21.1962208,-47.8225944
8305058252,-21.123792,-47.7841374
8305076150,-21.1604135,-47.8251137
8305076151,-21.1748819,-47.8241566
8305078159,-21.2091297,-47.8225749
8305078165,-21.2085831,-47.8230675
8305079282,-21.123781,-47.784591
8305206192,-21.207415,-47.8362107
8305206196,-21.2080164,-47.8369068
8305214340,-21.1519188,-47.83463
8305222977,-21.2078513,-47.8349957
8305280451,-21.1963232,-47.8382242
8305280452,-21.1965896,-47.8382613
8305280453,-21.2027611,-47.8445847
8305280454,-21.2029212,-47.844571
8305340206,-21.2034925,-47.8207966
8305391947,-21.2050849,-47.8183141
8305391948,-21.2048583,-47.819112
8305407470,-21.2161241,-47.8369057
8305475947,-21.2066299,-47.8112626
8305475948,-21.2006808,-47.8029755
8305510406,-21.2255238,-47.806371
8305714606,-21.1608696,-47.8310594
8305714613,-21.1607497,-47.8309536
8305714614,-21.1736481,-47.8287476
8305714615,-21.1743369,-47.8293615
8305732860,-21.1935179,-47.7584324
8305796202,-21.2336156,-47.7347671
8305796204,-21.2080051,-47.7064073
8305796210,-21.2124748,-47.7191699
8305841524,-21.1997918,-47.8257769
8305841534,-21.1991698,-47.8270056
8305841536,-21.1998609,-47.8294779
8305901267,-21.2133201,-47.82046
8305955319,-21.2252066,-47.7312505
8305955325,-21.2326905,-47.7367881
8310170784,-21.1756794,-47.8433467
8310170785,-21.1771658,-47.8438428
8310205948,-21.2020212,-47.8311038
8310205949,-21.2018993,-47.8310374
8310231319,-21.2074309,-47.7834729
8310231322,-21.207638,-47.7834654
8310253325,-21.2314659,-47.8488346
8310255721,-21.2256775,-47.8374572
8310255722,-21.2259874,-47.8374133
8310266223,-21.1993939,-47.7575687
8310290263,-21.2157504,-47.7397075
8310290285,-21.206978,-47.7377374
8310364237,-21.1917224,-47.8391086
8310364238,-21.19144,-47.8397577
8310397328,-21.213278,-47.7878132
8310419133,-21.1869874,-47.7569512
8310419134,-21.1882846,-47.7606856
8310438397,-21.2116629,-47.7761888
8310438399,-21.2118497,-47.7762995
8310472827,-21.2052144,-47.845168
8310600423,-21.2183397,-47.7908391
8310600426,-21.2186759,-47.7909112
8310870335,-21.1928125,-47.8468925
8310891581,-21.2471083,-47.8000221
8311098359,-21.2005718,-47.8344464
8311098365,-21.1991246,-47.8402968
8311098366,-21.1994968,-47.8398852
8311104439,-21.1967823,-47.8360465
8311110204,-21.1072885,-47.7903678
8311334705,-21.2498871,-47.7949879
8311334706,-21.2507296,-47.7974877
8311334716,-21.2509839,-47.7998833
8311425640,-21.1912555,-47.8446121
8313687597,-21.1884808,-47.8439931
8313687598,-21.1884383,-47.8441298
8313768860,-21.1513729,-47.7640401
8313768861,-21.151221,-47.7639777
8313778631,-21.1800251,-47.765459
8313893357,-21.219075,-47.8122192
8313893358,-21.2192476,-47.8122839
8313903478,-21.1867301,-47.7633217
8313903479,-21.1859298,-47.7631659
8313919587,-21.1274892,-47.7651966
8313919591,-21.1278882,-47.7673504
8313919592,-21.1279695,-47.7679405
8313919593,-21.1280258,-47.7684635
8313931803,-21.225468,-47.7894697
8313931807,-21.2255079,-47.790243
8313931811,-21.2251041,-47.7907808
8313998365,-21.225832,-47.7889994
8314068422,-21.1903933,-47.8447559
8314241721,-21.1530716,-47.7581543
8314243181,-21.125923,-47.7643544
8314287230,-21.1489107,-47.7709084
8314287231,-21.1490065,-47.7589211
8314330692,-21.136216,-47.7584805
8314330694,-21.1359734,-47.7581921
8314330699,-21.1349363,-47.7557202
8314330700,-21.1350725,-47.7556635
8314435062,-21.185583,-47.7556573
8314435063,-21.1859979,-47.756109
8314444157,-21.1391735,-47.7905441
8314444158,-21.1395649,-47.7896501
8314474366,-21.1539271,-47.7712405
8314567508,-21.1356393,-47.7646349
8314965341,-21.137256,-47.7622779
8317464838,-21.227689,-47.8075415
8317533910,-21.1099322,-47.828836
8317533911,-21.1097336,-47.8289296
8317533912,-21.1092541,-47.827224
8317533913,-21.1090658,-47.8273168
8317626874,-21.1915305,-47.8011918
8317626875,-21.1915993,-47.8012314
8317626876,-21.1935271,-47.8090896
8317626877,-21.1934587,-47.8090855
8317631866,-21.1790946,-47.6963228
8317682247,-21.1358693,-47.8469371
8317775015,-21.1637752,-47.8520211
8317776519,-21.1681072,-47.8691778
8317776520,-21.1762951,-47.8527606
8317802925,-21.2204113,-47.7707949
8317945366,-21.1189324,-47.8159399
8317945367,-21.1196825,-47.8153137
8318081923,-21.1849817,-47.7507627
8318081924,-21.1854346,-47.7376463
8318081926,-21.1850889,-47.7377294
8318081939,-21.1900576,-47.7493085
8318154551,-21.2278432,-47.7683035
8318154552,-21.2288463,-47.7734284
8318154553,-21.2289507,-47.77341
8318179809,-21.1815481,-47.7499951
8318179812,-21.1847089,-47.7441643
8318228057,-21.2279212,-47.7685311
8318295576,-21.1850883,-47.7378608
8318320011,-21.2266974,-47.7672793
8318384878,-21.1719138,-47.8622006
8318384879,-21.1753233,-47.8629319
8318578001,-21.1945853,-47.7661166
8318586559,-21.1896199,-47.7534136
8318586560,-21.1896962,-47.7532138
8318595558,-21.1824532,-47.7516621
8318595559,-21.1826119,-47.7525362
8318727440,-21.1950703,-47.7993439
8318727445,-21.1906002,-47.8067851
8318727446,-21.1802202,-47.8006801
8318727447,-21.1803374,-47.8003737
8323132923,-21.1804325,-47.755959
8323132926,-21.1793381,-47.7551842
8323177043,-21.1249942,-47.781866
8323205130,-21.1368959,-47.7910061
8323267727,-21.1471004,-47.8805276
8323339177,-21.125583,-47.7800493
8323339178,-21.1257774,-47.7801002
8323364465,-21.1483162,-47.880018
8323460952,-21.1900616,-47.7526663
8323460953,-21.1904464,-47.7523045
8323482162,-21.174956,-47.7352464
8323517723,-21.167808,-47.7176861
8323517724,-21.1681979,-47.7183955
8323517734,-21.167862,-47.7174438
8323517735,-21.1679495,-47.7176249
8323517736,-21.1682585,-47.7177711
8323517737,-21.1683423,-47.7179628
8323517738,-21.1683173,-47.7183008
8323517739,-21.1684061,-47.7185356
8323569376,-21.1932749,-47.7414838
8323569378,-21.1934557,-47.7413887
8323569379,-21.1934425,-47.7493562
8323581980,-21.1857698,-47.7523823
8323581981,-21.1860019,-47.7526406
8323581982,-21.1862862,-47.752334
8323581986,-21.1861657,-47.7532828
8323902515,-21.1859551,-47.7379513
8323902516,-21.1853971,-47.7494493
8324207758,-21.2778422,-47.8046609
8324207759,-21.278619,-47.8037519
8324380558,-21.1250373,-47.7463219
8324380559,-21.1253785,-47.7493135
8324380560,-21.124727,-47.7490202
8324413313,-21.120089,-47.7400797
8324413314,-21.1216405,-47.7452041
8324479396,-21.1234373,-47.7184524
8332710146,-21.1305293,-47.7818023
8332711305,-21.1611486,-47.7420055
8332711306,-21.161168,-47.7421658
8332711307,-21.1607687,-47.7420957
8332711308,-21.1607853,-47.7422583
8332711309,-21.1599204,-47.7423146
8332711310,-21.1599645,-47.7424863
8332711311,-21.1595721,-47.7423985
8332711312,-21.159604,-47.7425788
8332743605,-21.1237037,-47.7569675
8332801385,-21.2001176,-47.7266134
8332801414,-21.2103765,-47.7337791
8332805119,-21.2009161,-47.7250433
8332805120,-21.1993217,-47.7248883
8332805121,-21.2005392,-47.7257634
8332805122,-21.1989966,-47.7254731
8332810405,-21.1615506,-47.7358866
8332810406,-21.161418,-47.7359222
8332826991,-21.118512,-47.7652422
8332826992,-21.1184924,-47.7650527
8332826995,-21.117844,-47.7648774
8332836047,-21.2708423,-47.8171765
8332836483,-21.1187952,-47.7701425
8332836484,-21.1220093,-47.7543843
8332836488,-21.1188336,-47.7586117
8332850036,-21.2107814,-47.7369523
8332865431,-21.2130451,-47.8710944
8332888556,-21.1019309,-47.8294824
8332888559,-21.1031598,-47.8290864
8332888560,-21.102992,-47.8292104
8332888563,-21.102238,-47.8287131
8332888566,-21.1022935,-47.8299586
8332928294,-21.2121572,-47.7296251
8332949786,-21.1040301,-47.8402483
8332949787,-21.1038918,-47.8404371
8332949788,-21.100817,-47.8319534
8332958190,-21.2780814,-47.8146109
8332963254,-21.1983989,-47.7234641
8332963255,-21.1980713,-47.7244645
8332963729,-21.1003472,-47.8265494
8333067498,-21.1772138,-47.8795633
8333217031,-21.1657189,-47.7470115
8333233518,-21.1780004,-47.7528074
8333233521,-21.1617096,-47.7372481
8333233522,-21.1618488,-47.7372078
8333233523,-21.1620179,-47.738582
8333233524,-21.1621545,-47.7385477
8333233525,-21.1624723,-47.7399099
8333233526,-21.1623373,-47.7399456
8333233528,-21.1660065,-47.7473179
8333233529,-21.1662279,-47.7473112
8333233530,-21.1661183,-47.7474341
8333233531,-21.1670837,-47.7489618
8333233532,-21.1669684,-47.7489952
8333259667,-21.1026204,-47.7660093
8333259668,-21.1022118,-47.7655703
8333259669,-21.1022498,-47.7659666
8333292389,-21.3032991,-47.8188501
8333329269,-21.122414,-47.7580149
8333329270,-21.1245869,-47.7580632
8333429186,-21.2733138,-47.8379193
8333440935,-21.1783247,-47.7529413
8333475290,-21.233746,-47.8559102
8333475292,-21.233576,-47.8572567
8333475307,-21.2309621,-47.8627887
8333503627,-21.2935156,-47.8160752
8333503628,-21.2933454,-47.8163828
8333503633,-21.2958046,-47.8161853
8333503638,-21.2954847,-47.8162323
8333503639,-21.2927964,-47.8159223
8333560636,-21.2912614,-47.814634
8333567382,-21.10607,-47.7892868
8333767690,-21.2921514,-47.8117373
8333771887,-21.2906714,-47.8358272
8333786285,-21.2981487,-47.8322987
8333798549,-21.2708264,-47.7980176
8333798557,-21.2711964,-47.7993618
8333798561,-21.2710443,-47.7994913
8333798592,-21.2737459,-47.8001292
8333864261,-21.2586401,-47.7665658
8333872159,-21.2955662,-47.8509073
8333872162,-21.2927457,-47.851502
8333872164,-21.2893694,-47.8522641
8333872238,-21.2938853,-47.808301
8333909353,-21.2879298,-47.8458425
8333937351,-21.2888245,-47.8351888
8333937352,-21.2887271,-47.8341937
8333963472,-21.1005491,-47.7880607
8333993713,-21.1624718,-47.7025643
8334005238,-21.3061928,-47.805018
8334005243,-21.3070274,-47.8079698
8334005244,-21.307907,-47.8076747
8336604458,-21.1662982,-47.7471185
8336650359,-21.2241399,-47.858244
8336650360,-21.2240016,-47.8584905
8336650361,-21.2242439,-47.8585957
8336650368,-21.2157391,-47.8592921
8336650380,-21.2158281,-47.8589736
8336650404,-21.2244541,-47.8604016
8336650407,-21.2213237,-47.8600395
8336650412,-21.221482,-47.8576203
8336651120,-21.2213255,-47.8573649
8336651130,-21.2216695,-47.8573573
8336651140,-21.219866,-47.857073
8336651147,-21.2176989,-47.8571034
8336651154,-21.2178763,-47.8569029
8336651159,-21.2179937,-47.8570224
8336651167,-21.217884,-47.857221
8336651171,-21.2177767,-47.8569177
8336651177,-21.2168247,-47.8546375
8336651182,-21.2167544,-47.8547059
8336681470,-21.2181032,-47.8596988
8336681514,-21.2200877,-47.8570985
8336771902,-21.2147827,-47.8637007
8336771903,-21.2145064,-47.8640735
8336771907,-21.2142814,-47.8641137
8336771909,-21.215375,-47.8602561
8336781941,-21.2154315,-47.860107
8336898308,-21.2336773,-47.8569254
8337073279,-21.1680043,-47.7528952
8337073280,-21.1678681,-47.7529319
8337073281,-21.1657125,-47.7467883
8337073282,-21.1656088,-47.7469001
8337073283,-21.1669273,-47.7488071
8337073284,-21.1670424,-47.7487742
8337222785,-21.2141095,-47.8691332
8337222786,-21.21398,-47.8687727
8341568242,-21.1970273,-47.8263992
8341568246,-21.1983042,-47.8296052
8344023805,-21.3140538,-47.8236357
8344023806,-21.3141858,-47.8233603
8519319179,-21.1858043,-47.8277969
8519319181,-21.1857951,-47.8283849
8519699795,-21.1573251,-47.8236008
8519699798,-21.1583546,-47.8242812
8519755536,-21.1603794,-47.8177148
8519755537,-21.1608328,-47.8181501
8519884398,-21.1641123,-47.8016544
8519884399,-21.1646242,-47.8010084
8519987135,-21.1590703,-47.8193552
8519987136,-21.1594908,-47.8197205
8526980918,-21.1279653,-47.8290263
8526980919,-21.1280302,-47.828266
8527191986,-21.1604528,-47.8088456
8527191987,-21.1610242,-47.8080587
8535612319,-21.1437873,-47.7761669
8535612330,-21.1455556,-47.7745521
8554266812,-21.2787557,-47.8117483
8554266815,-21.2794116,-47.8116145
8554274324,-21.2802523,-47.811981
8554274327,-21.2773422,-47.8115518
8554274329,-21.2774553,-47.8118207
8554274330,-21.2776947,-47.8123101
8554274331,-21.2782086,-47.8120308
8554274332,-21.2776109,-47.8109337
8554274334,-21.2778258,-47.8112568
8554274336,-21.2791948,-47.8115068
8554274339,-21.2795495,-47.8113257
8554274341,-21.2772172,-47.811834
8554274343,-21.2774449,-47.8113043
8554274344,-21.2811019,-47.8123401
8554274345,-21.2755647,-47.8094251
8554274346,-21.2743336,-47.8110972
8554274355,-21.2776678,-47.8107924
8554274361,-21.2312913,-47.7491921
8554274369,-21.229209,-47.7481198
8554274373,-21.2320089,-47.7466309
8554274378,-21.2310568,-47.7491812
8554274387,-21.2292124,-47.7494006
8554274439,-21.2259007,-47.7522697
8554274444,-21.2259754,-47.7517052
8554274455,-21.226249,-47.7520207
8554274461,-21.226128,-47.7516943
8554274467,-21.226053,-47.7523769
8554274473,-21.1251742,-47.8451509
8554274474,-21.1252741,-47.8453207
8554274475,-21.1240375,-47.8461299
8554274476,-21.1239046,-47.8460117
8554274510,-21.1311469,-47.8652161
8554274516,-21.1264534,-47.8617159
8554274519,-21.1310923,-47.8572197
8554274523,-21.1329496,-47.8586873
8570301890,-21.1625958,-47.8082081
8570371121,-21.1550214,-47.8185225
8570371122,-21.1559877,-47.8193581
8571093050,-21.1584137,-47.8242051
8571093051,-21.158842,-47.8245975
8685876325,-21.2167012,-47.824513
8787732877,-21.2062591,-47.7713398
8787732878,-21.2059475,-47.7725971
8787732879,-21.2055846,-47.7740067
8787732880,-21.2055574,-47.7741393
8787732881,-21.2052385,-47.7754584
8787732882,-21.2048671,-47.7769545
8787745804,-21.2070482,-47.771437
8787745805,-21.2055003,-47.7775502
8787745806,-21.2048202,-47.7771721
8787745807,-21.2063283,-47.7711542
8787745808,-21.2061987,-47.7778645
8787745809,-21.2062616,-47.7776393
8787745810,-21.2066464,-47.7729787
8787745811,-21.2069681,-47.7717033
8787745813,-21.2063145,-47.7742736
8787745814,-21.2055474,-47.7773341
8787745815,-21.2059102,-47.7760163
8787745816,-21.2062414,-47.7745304
8790895332,-21.2069253,-47.7881134
8790895333,-21.2073627,-47.7858167
8790915865,-21.1948523,-47.7917549
8790915867,-21.1948144,-47.7919061
8790920787,-21.2038126,-47.778049
8790920788,-21.2039736,-47.778014
8790920789,-21.203851,-47.7779031
8921116429,-21.1688107,-47.8121241
8935351540,-21.1638904,-47.7124005
8935351543,-21.16382,-47.711704
8935351545,-21.1639926,-47.7122336
8935351548,-21.1634635,-47.7116812
8935351550,-21.1627063,-47.7106404
8935351551,-21.1626012,-47.710613
8939489045,-21.2037741,-47.7576435
8939549522,-21.1994817,-47.7555701
8940495514,-21.1633906,-47.812006
8951980997,-21.2184342,-47.8299831
8951981000,-21.2193285,-47.828334
8951981005,-21.2172142,-47.8327867
8952034724,-21.220537,-47.8276125
8952034726,-21.2202055,-47.827951
8952245326,-21.1378226,-47.8048775
8952246166,-21.1558887,-47.8151324
8953298675,-21.1666139,-47.7104527
8953298676,-21.162318,-47.7081044
8953298677,-21.1656347,-47.7066627
8953298678,-21.1652833,-47.7068263
8953298679,-21.1657796,-47.7081596
8953298680,-21.1659949,-47.7080682
8953298681,-21.1653137,-47.7083574
8953298682,-21.1648475,-47.7085544
8953298683,-21.1643934,-47.7087509
8953298684,-21.1639396,-47.7089605
8953298685,-21.1634785,-47.7091599
8953298686,-21.163017,-47.7093562
8953298687,-21.1643478,-47.7072327
8953298688,-21.1655253,-47.7103472
8953298689,-21.16389,-47.7074392
8953298690,-21.1650826,-47.7105469
8953298691,-21.1634323,-47.7076377
8953298692,-21.1646269,-47.7107524
8953298693,-21.1629783,-47.7078348
8953298697,-21.1625043,-47.708036
8953298698,-21.1659876,-47.7101387
8953298699,-21.1641088,-47.7109861
8953298700,-21.1661764,-47.7106379
8953298701,-21.1648105,-47.7070275
8953298702,-21.1663838,-47.711186
8953298703,-21.1632901,-47.711478
8953298707,-21.1640638,-47.7115777
8953298708,-21.1645372,-47.7113565
8953298709,-21.1642538,-47.7120883
8953298710,-21.1641474,-47.7124524
8953298711,-21.1630055,-47.7110478
8953298713,-21.1636074,-47.7108765
8953298714,-21.1640601,-47.7109543
8953305317,-21.1647514,-47.7118753
8953305319,-21.1647105,-47.7123919
8953305320,-21.1644746,-47.7128166
8953305321,-21.166848,-47.7115547
8953305322,-21.1653332,-47.7127744
8953305323,-21.1655218,-47.713265
8953305324,-21.1671863,-47.7125383
8953305325,-21.1651507,-47.7122994
8953305326,-21.1657135,-47.7137639
8953305327,-21.16586,-47.7142385
8953305328,-21.1674012,-47.7130241
8953305329,-21.1659061,-47.7142802
8953305330,-21.167612,-47.7135009
8953305331,-21.1662794,-47.7146766
8953305332,-21.1678458,-47.713961
8953305338,-21.1669716,-47.7120647
8953305340,-21.1681272,-47.7144116
8953305345,-21.1668903,-47.7155585
8986339289,-21.2741131,-47.8110937
8986339290,-21.2742376,-47.8108963
8986350004,-21.1337891,-47.8162023
8986350005,-21.1330488,-47.8155329
8986352965,-21.2777667,-47.8165117
8986352968,-21.2775328,-47.8166605
8986380791,-21.205198,-47.845055
8986380793,-21.2052051,-47.845109
8986380795,-21.2051768,-47.8451544
8986380797,-21.2051275,-47.8451679
8986380800,-21.2050646,-47.8450964
8986380803,-21.2051335,-47.8450157
8986380805,-21.205069,-47.845119
8986387096,-21.2052612,-47.8448345
8986417431,-21.2045504,-47.8542895
8986508943,-21.2002674,-47.8348275
8986508946,-21.2003908,-47.8348704
8986533920,-21.2016526,-47.8316088
8986533923,-21.201774,-47.8316639
8986552476,-21.2673086,-47.8173265
8986552477,-21.2672977,-47.8173397
8986552480,-21.2672695,-47.8172743
8986555068,-21.1998385,-47.8294518
8986718736,-21.2517692,-47.8190286
8986718740,-21.2519964,-47.8186201
8986718743,-21.2521096,-47.8186429
8993402666,-21.1935216,-47.7526138
8993500835,-21.1746921,-47.8336629
8993541425,-21.1745812,-47.8336589
8993717378,-21.1607099,-47.7321879
8994121751,-21.16441,-47.7557916
8994121752,-21.1642863,-47.7556171
8994137099,-21.1906386,-47.8368058
8994137100,-21.1905895,-47.8369178
8994194921,-21.1301009,-47.8358713
8994194927,-21.1302947,-47.8358157
8994195158,-21.1933883,-47.8383438
8994195159,-21.1934389,-47.8382339
8994195160,-21.1933452,-47.838187
8994195161,-21.1932977,-47.838297
8994240297,-21.1270616,-47.8303695
8994318608,-21.1218288,-47.8235671
8994318609,-21.1216725,-47.8235127
8994334891,-21.1170946,-47.8282664
8994334892,-21.117373,-47.82809
8994337508,-21.1191914,-47.8258461
8994337511,-21.119369,-47.8261579
8994337512,-21.1194591,-47.8261954
8994337513,-21.1198054,-47.8261307
8994408724,-21.1884329,-47.7977696
8996265433,-21.1020847,-47.8012123
8996265435,-21.1047162,-47.7864971
8996270887,-21.1742038,-47.8182225
8996354614,-21.1746246,-47.8212732
8996546223,-21.1999362,-47.7902095
8996546229,-21.200106,-47.7903008
8996577060,-21.1527891,-47.8100465
8996577061,-21.1527165,-47.8098425
8996685502,-21.2029107,-47.8501482
8996716109,-21.1554946,-47.7676642
8996716110,-21.155195,-47.7686234
8996872166,-21.1434885,-47.7969048
8996872646,-21.2241851,-47.8015405
8996904600,-21.1433344,-47.7972671
8996904604,-21.1434742,-47.7973343
8996904606,-21.1436246,-47.7969937
8996913383,-21.1195623,-47.8256017
8996913395,-21.1181142,-47.8286228
8996913404,-21.1179691,-47.8277924
8996913409,-21.1181868,-47.8275338
8996913412,-21.131619,-47.8398462
8997152255,-21.1862033,-47.7836993
8997152260,-21.1861989,-47.783922
8997190298,-21.1583875,-47.7855735
8998876833,-21.1444051,-47.7952332
8998876836,-21.1442596,-47.7951424
8998981131,-21.1828128,-47.7832528
8998981143,-21.1840854,-47.7607148
8998981144,-21.184203,-47.760666
8998981146,-21.1805383,-47.7575134
8999067764,-21.145781,-47.799453
8999131502,-21.1760088,-47.8545805
8999131507,-21.1758795,-47.8544275
8999131509,-21.1755991,-47.8542303
8999131513,-21.1757185,-47.8543538
8999158488,-21.2081052,-47.763878
8999205818,-21.1487504,-47.7860496
8999208940,-21.1548535,-47.7827871
8999684714,-21.204603,-47.7749872
8999699918,-21.2047603,-47.7751386
8999703827,-21.1480999,-47.8013289
8999724273,-21.1614075,-47.8103641
8999724274,-21.1555542,-47.806406
9001571079,-21.1382196,-47.7634271
9001571082,-21.1379447,-47.7625256
9001697596,-21.1434393,-47.8321021
9001771604,-21.2232667,-47.7663718
9001956835,-21.1278286,-47.8028518
9001956838,-21.1277622,-47.8036328
9001956840,-21.1278257,-47.8020756
9001969120,-21.2134439,-47.7797134
9002010910,-21.2139576,-47.7790208
9002168067,-21.2115148,-47.8043869
9002168071,-21.2116867,-47.8043873
9002202314,-21.1640778,-47.8180494
9002305534,-21.1197493,-47.8257458
9002309172,-21.2156866,-47.8017373
9004815373,-21.1540363,-47.7683688
9004822582,-21.2152774,-47.7632368
9004824566,-21.2223151,-47.7599166
9004832897,-21.1325496,-47.7948197
9004832898,-21.1324776,-47.7949717
9004938265,-21.171207,-47.7999178
9004986501,-21.172953,-47.7963804
9005129581,-21.2370637,-47.758664
9005129582,-21.236805,-47.7585728
9005382580,-21.2008734,-47.8027203
9005382581,-21.2009455,-47.8028386
9010515646,-21.2043042,-47.8216075
9010515653,-21.2036324,-47.8215156
9010580996,-21.2152052,-47.8358203
9010580997,-21.2150632,-47.8358053
9010581001,-21.2150753,-47.8356014
9010628025,-21.2146928,-47.8352001
9010628027,-21.2151182,-47.8354212
9010628028,-21.215532,-47.8355555
9010702655,-21.2040251,-47.8220775
9010702660,-21.2041701,-47.822077
9010740372,-21.1792562,-47.8169502
9010740373,-21.1793662,-47.8168182
9010746846,-21.258155,-47.8201922
9010746849,-21.258185,-47.820036
9010811631,-21.1776645,-47.7584424
9010811632,-21.1775724,-47.7582648
9010866080,-21.1840752,-47.7611896
9010991980,-21.2238081,-47.8353156
9010991981,-21.2234689,-47.8350933
9010991988,-21.2235795,-47.8352739
9011028114,-21.2221958,-47.8289962
9011032205,-21.2141641,-47.8249363
9011157676,-21.1208225,-47.7858062
9011157677,-21.1206428,-47.7858138
9012009726,-21.1787988,-47.7824708
9012009727,-21.178607,-47.7824425
9012009728,-21.1787222,-47.7823499
9012062243,-21.1834283,-47.7833329
9014386490,-21.1675395,-47.7509644
9014386491,-21.1674119,-47.7510033
9014392333,-21.1498138,-47.7569287
9014392337,-21.149971,-47.7566523
9014595140,-21.1345975,-47.7960923
9014721886,-21.2014919,-47.7870691
9014721890,-21.2017059,-47.7873036
9014789972,-21.1833266,-47.8181941
9014789976,-21.1793393,-47.8170135
9014789980,-21.1795134,-47.8169197
9014951312,-21.2000973,-47.8215795
9014951313,-21.2001202,-47.8216922
9014951314,-21.2000659,-47.8216652
9014951315,-21.200059,-47.821624
9015253083,-21.220522,-47.7946032
9015253293,-21.2206954,-47.7949065
9015253296,-21.220504,-47.7948997
9015253908,-21.2185546,-47.7926464
9015253912,-21.218296,-47.7926669
9015316613,-21.2205648,-47.7946486
9015316614,-21.2208794,-47.795236
9015337117,-21.2209931,-47.795094
9015360302,-21.1634372,-47.7894558
9015362612,-21.2122599,-47.7750747
9015362616,-21.2125219,-47.775147
9015429549,-21.2212764,-47.7886587
9015429553,-21.2219171,-47.7887786
9015560353,-21.2142827,-47.8246499
9017625331,-21.1927091,-47.821213
9021743278,-21.2086364,-47.8612644
9021743279,-21.2087129,-47.8610322
9021743280,-21.2068537,-47.854347
9021743281,-21.2065942,-47.8546406
9021800256,-21.1129223,-47.81055
9022015873,-21.2175463,-47.7920535
9022038227,-21.1597278,-47.7587928
9022076617,-21.1330083,-47.793919
9022076635,-21.1295657,-47.7976111
9022153508,-21.184329,-47.7923258
9022153509,-21.1854154,-47.7918552
9022155885,-21.1849812,-47.7915605
9022155892,-21.1850695,-47.7932351
9022197623,-21.1643093,-47.826326
9022197624,-21.1646292,-47.8259674
9022197631,-21.175933,-47.8146885
9022197636,-21.1765874,-47.8152144
9022219290,-21.1095718,-47.7829555
9022285582,-21.1067177,-47.8371102
9022285583,-21.1066709,-47.8370399
9022308361,-21.1069673,-47.8132323
9022308367,-21.1085431,-47.8135395
9022308368,-21.1073497,-47.8118847
9022308381,-21.1066353,-47.8205982
9022331354,-21.1908779,-47.7885528
9022331355,-21.1910602,-47.7886464
9022331365,-21.1851908,-47.7927987
9022331366,-21.1846791,-47.7927418
9022370717,-21.1767549,-47.8255557
9022372479,-21.289558,-47.7898528
9022372492,-21.2912325,-47.7892278
9022375467,-21.2755683,-47.8554931
9022377735,-21.2814318,-47.7929735
9022380764,-21.1862775,-47.7622542
9022380767,-21.1862171,-47.7632218
9022380768,-21.1865288,-47.762796
9022380769,-21.1864507,-47.7632673
9022380772,-21.1826675,-47.7736517
9022380777,-21.1825271,-47.7734979
9022385217,-21.1891097,-47.7734376
9022385218,-21.188658,-47.7727633
9022385219,-21.188514,-47.7734951
9022386531,-21.2236978,-47.8323162
9022386533,-21.2242395,-47.8336743
9022386538,-21.2226176,-47.8330739
9022386541,-21.2232471,-47.8327326
9022386545,-21.2226576,-47.8331678
9022386547,-21.2238145,-47.8336962
9022416415,-21.2414287,-47.7761815
9022426901,-21.2184083,-47.8290197
9022426906,-21.2180053,-47.8291688
9022426914,-21.2199765,-47.8289485
9022426915,-21.2204686,-47.8304762
9022442232,-21.1519083,-47.7718739
9022442237,-21.1510664,-47.7723863
9022442239,-21.1532699,-47.7718455
9022455621,-21.2200373,-47.8300497
9022455628,-21.2199591,-47.8305345
9022455630,-21.2197635,-47.830794
9022455645,-21.2196778,-47.8307169
9022455646,-21.2197606,-47.8305949
9022455647,-21.2212433,-47.8299665
9022455648,-21.221257,-47.8298394
9022455649,-21.2206699,-47.8299531
9022455658,-21.2210543,-47.8298244
9022455659,-21.2210493,-47.8299585
9022455663,-21.2209274,-47.8305915
9022455664,-21.2226251,-47.828604
9022455668,-21.2218719,-47.8284028
9022455675,-21.22212,-47.8287555
9022456790,-21.1209415,-47.8210348
9022485803,-21.2116496,-47.7601191
9022487333,-21.2119259,-47.7727617
9022488705,-21.1467155,-47.7483862
9022488706,-21.1461222,-47.7478775
9022490263,-21.1964749,-47.7901997
9022490267,-21.1965317,-47.7896437
9022490268,-21.1965183,-47.7906541
9022499497,-21.2492846,-47.8673257
9022499498,-21.2497734,-47.8701889
9022499500,-21.2329871,-47.8673792
9022506085,-21.1970985,-47.7627772
9022506091,-21.1979963,-47.7621147
9022521579,-21.1284049,-47.7679981
9022521584,-21.1298635,-47.7670513
9022521587,-21.1294181,-47.7675743
9022521592,-21.1282038,-47.768558
9022521593,-21.1319469,-47.7707676
9022521600,-21.1318972,-47.7703766
9022521613,-21.1291644,-47.7690018
9022522062,-21.1893256,-47.7777891
9022523649,-21.2368836,-47.7747971
9022543526,-21.0886344,-47.775633
9022545738,-21.1182718,-47.8280166
9022545744,-21.1195438,-47.8268283
9022548641,-21.2195604,-47.8169331
9022548646,-21.2194428,-47.8172616
9022548672,-21.2161254,-47.8249709
9022548684,-21.2190631,-47.8215331
9022548695,-21.2158291,-47.8254484
9022548696,-21.2161336,-47.8252405
9022566371,-21.1605429,-47.7408923
9022635609,-21.1655553,-47.7275893
9022635611,-21.1662275,-47.7274029
9022635613,-21.169758,-47.7264373
9022651678,-21.1741861,-47.8161317
9022661000,-21.2191301,-47.8215545
9022661005,-21.2199135,-47.8290936
9022678281,-21.2719541,-47.8113185
9022712753,-21.2093024,-47.773237
9022712756,-21.2095066,-47.7731702
9027547742,-21.1895725,-47.7738375
9027547754,-21.1854131,-47.7561682
9027547755,-21.1855559,-47.7563107
9027555177,-21.1152875,-47.8298465
9027555184,-21.1151243,-47.8302511
9027564083,-21.2318884,-47.8694607
9027566966,-21.2073371,-47.8363035
9027566967,-21.2078852,-47.8368835
9027566968,-21.20746,-47.8364407
9027566969,-21.2091116,-47.839015
9027566975,-21.2093132,-47.8383615
9027571593,-21.1440547,-47.7297351
9027571597,-21.144256,-47.7303966
9027571598,-21.1442923,-47.7296948
9027571601,-21.1452973,-47.7345552
9027571602,-21.1610835,-47.7176598
9027574985,-21.2457024,-47.7361657
9027574986,-21.2472398,-47.7363977
9027575512,-21.1994486,-47.8367291
9027575513,-21.1995715,-47.8367973
9027575515,-21.2005777,-47.8340915
9027581797,-21.2088658,-47.8082115
9027581798,-21.2091141,-47.8080717
9027581799,-21.2103231,-47.8074025
9027581800,-21.2105203,-47.8072846
9027581801,-21.2105861,-47.8074278
9027581802,-21.2103844,-47.8075379
9027581803,-21.2091716,-47.8081884
9027581804,-21.2089192,-47.8083244
9027587523,-21.1611612,-47.7248672
9027587524,-21.1606474,-47.7289292
9027587527,-21.1606915,-47.7291539
9027587564,-21.2484235,-47.8055075
9027587565,-21.2492732,-47.8047896
9027587567,-21.2488235,-47.8057288
9027587568,-21.2484811,-47.8064255
9027592264,-21.1230044,-47.8216879
9027597292,-21.2916461,-47.8141093
9027597293,-21.2889879,-47.813092
9027597302,-21.2886021,-47.8149059
9027604492,-21.1197962,-47.8267761
9027607245,-21.1235755,-47.7337329
9027607246,-21.1235599,-47.7339512
9027607969,-21.2568915,-47.7844253
9027608317,-21.0881927,-47.785584
9027620911,-21.2669535,-47.7788147
9027623156,-21.2551717,-47.7886605
9027623172,-21.2527368,-47.7895606
9027626593,-21.2319063,-47.7711999
9027626594,-21.2319901,-47.7712416
9027628564,-21.220311,-47.7595803
9027629014,-21.2565691,-47.7855626
9027630932,-21.2717441,-47.776553
9027630941,-21.2702994,-47.7802223
9027635945,-21.3049913,-47.8075814
9027635956,-21.3051317,-47.8085154
9027637322,-21.2576989,-47.7871183
9027649061,-21.3022995,-47.8098366
9027649062,-21.3024714,-47.8104674
9027649063,-21.303584,-47.8090158
9027649064,-21.3038561,-47.810093
9027657860,-21.2245738,-47.7438435
9027657865,-21.227251,-47.7457147
9027662211,-21.1891469,-47.7124921
9027662212,-21.1826023,-47.6988655
9027669982,-21.1189475,-47.7377266
9027671537,-21.1800919,-47.7635691
9027672140,-21.2248422,-47.7589149
9027674171,-21.1404844,-47.7301429
9027674174,-21.1406408,-47.7306429
9027674303,-21.1418187,-47.7348998
9027674304,-21.1407024,-47.7339773
9027674306,-21.141139,-47.7343646
9027674311,-21.1419531,-47.7343249
9027694295,-21.1707165,-47.756049
9027700151,-21.1369553,-47.7171243
9027700153,-21.1373697,-47.717356
9027712827,-21.1796899,-47.8181661
9027712849,-21.1793529,-47.823607
9027721639,-21.1429641,-47.7360559
9027745398,-21.3223507,-47.8276735
9027745400,-21.3239738,-47.8261739
9027745401,-21.3178699,-47.818734
9027745404,-21.3174124,-47.8183566
9027745405,-21.3158653,-47.8227483
9027745406,-21.315271,-47.8224188
9027745413,-21.3059309,-47.821179
9027745414,-21.3060587,-47.8206124
9027759018,-21.3044575,-47.820414
9027782667,-21.1931053,-47.8380598
9027782668,-21.1934607,-47.8372229
9027782669,-21.1941729,-47.837578
9027782670,-21.1938167,-47.8384285
9027788487,-21.2698795,-47.7749129
9027788492,-21.2691199,-47.7757067
9027856484,-21.1995342,-47.8284162
9027860925,-21.1042897,-47.8019031
9027860926,-21.1045494,-47.8026276
9027860929,-21.1040067,-47.8020811
9027860930,-21.1043228,-47.8027374
9027860931,-21.1030053,-47.8019334
9027860934,-21.1031963,-47.8023345
9027860935,-21.1052762,-47.8025939
9027860936,-21.1054596,-47.8028835
9027860937,-21.1056841,-47.80274
9027860938,-21.1058319,-47.8030184
9027860939,-21.1055821,-47.8023559
9027860959,-21.1070059,-47.803242
9027862553,-21.1134603,-47.7535182
9027862555,-21.1145569,-47.7537254
9027862556,-21.124044,-47.7555192
9027862557,-21.125095,-47.7542821
9027877898,-21.213993,-47.813565
9027877899,-21.2141057,-47.813308
9027877900,-21.1984952,-47.8251909
9027929161,-21.1831799,-47.7955661
9027929162,-21.1826392,-47.7963265
9028115585,-21.1917019,-47.8199565
9028199846,-21.3050943,-47.8203756
9028199847,-21.305078,-47.8204953
9028199848,-21.3050537,-47.8206095
9028249100,-21.1899766,-47.8204008
9028249102,-21.189795,-47.8212896
9028273567,-21.2803946,-47.8293496
9028273572,-21.2804756,-47.8314622
9028273573,-21.2856518,-47.8244184
9028277940,-21.1030333,-47.828958
9028277941,-21.1021355,-47.8296847
9028277942,-21.0999746,-47.8295532
9028319297,-21.2798897,-47.8186543
9028319307,-21.2809358,-47.8197452
9028319308,-21.274795,-47.8248893
9028319309,-21.2746878,-47.8249856
9028397761,-21.157304,-47.7124804
9028397802,-21.151722,-47.7141327
9028397807,-21.1525362,-47.7138135
9028397808,-21.1535618,-47.713505
9028397809,-21.1565085,-47.7127755
9028433702,-21.1593026,-47.7097312
9028433705,-21.1587998,-47.7100289
9028433706,-21.1595652,-47.7144331
9028520028,-21.1629944,-47.8502389
9028520029,-21.1629163,-47.850381
9028525056,-21.1003846,-47.8248916
9028525061,-21.100326,-47.8256076
9028645910,-21.2632457,-47.8286979
9028688031,-21.262521,-47.8251835
9028688040,-21.2665639,-47.8216048
9030280109,-21.2447486,-47.8142772
9030310835,-21.238544,-47.8174939
9030329773,-21.2397107,-47.8153196
9030329781,-21.2396643,-47.8151743
9030329785,-21.239745,-47.815262
9030374526,-21.1281669,-47.7685325
9031997451,-21.2258117,-47.845341
9033725935,-21.1294849,-47.8221017
9033725942,-21.1305865,-47.8229445
9034372650,-21.1025267,-47.8286549
9037422526,-21.3029876,-47.8154329
9037422529,-21.3024579,-47.8176986
9037972797,-21.1831964,-47.7365222
9040493608,-21.1894901,-47.7121899
9053347885,-21.1391682,-47.8053578
9117540189,-21.1742128,-47.8174872
9149998039,-21.1408187,-47.7868019
9397555670,-21.2188077,-47.8162658
9798839075,-21.1430756,-47.778462
9798926803,-21.141987,-47.7811418
9798926811,-21.14202,-47.7817772
9800274454,-21.1999308,-47.8376232
9800274460,-21.1999243,-47.8377674
9800274463,-21.1998203,-47.8377082
9800274467,-21.1998972,-47.8376127
9800274471,-21.1999675,-47.8376979
9805172505,-21.1543294,-47.7284242
9805172506,-21.1533962,-47.7331189
9812822081,-21.2386017,-47.8153667
9812822086,-21.2387469,-47.8146722
9812822093,-21.2376214,-47.8107759
9812822097,-21.2372662,-47.8108572
9815466248,-21.1993081,-47.8082125
9944312942,-21.2464907,-47.8036301
9944312946,-21.2451209,-47.8036529
9949257251,-21.2446127,-47.8039511
9953982884,-21.153394,-47.8211883
10081032098,-21.2478104,-47.7950917
10081040719,-21.2445465,-47.7929432
10081040722,-21.2438135,-47.7929458
10081040746,-21.2476296,-47.7952228
10081040773,-21.2438198,-47.7931722
10096723859,-21.1216653,-47.7510584
10096723860,-21.1213481,-47.7519679
10099882395,-21.1671522,-47.8022093
10100026399,-21.1898245,-47.789987
10100026400,-21.1897771,-47.7894999
10100626446,-21.1771403,-47.7648666
10100626447,-21.1775627,-47.7649632
10170510102,-21.1654488,-47.8072796
10232445720,-21.1524659,-47.7669201
10232445721,-21.152888,-47.7656669
10691693997,-21.1628341,-47.8075271
10691693998,-21.1615133,-47.7874156
10691694002,-21.1616168,-47.7874356
10691694003,-21.1615981,-47.787295
10691743005,-21.161345,-47.7878834
10695578175,-21.1313936,-47.8289659
10698883425,-21.1863915,-47.725927
10700279102,-21.1198053,-47.8262544
10700314405,-21.1195554,-47.8262772
10700314410,-21.1240415,-47.8316322
10700314411,-21.1245507,-47.8311817
10700314432,-21.1467658,-47.8513671
10710864481,-21.1207866,-47.8163812
10712988390,-21.1297609,-47.7955912
10712988400,-21.1470216,-47.789394
10719740580,-21.0970183,-47.8044623
10719740581,-21.0979022,-47.8038157
10722189848,-21.1096358,-47.837332
10722189849,-21.1097836,-47.8371692
10722189852,-21.1173442,-47.8386154
10722189855,-21.1129606,-47.8319003
10722189859,-21.1129709,-47.8316782
10722189860,-21.1132082,-47.8317402
10722189861,-21.1086635,-47.8356528
10724271519,-21.1004528,-47.8240832
10757395672,-21.1943914,-47.7917236
10757395673,-21.1942278,-47.7917645
10757395674,-21.1943077,-47.7915761
10757395679,-21.1948463,-47.7903931
10757395680,-21.1928057,-47.7904598
10757395682,-21.19451,-47.789468
10757395683,-21.1947188,-47.7898929
10757395695,-21.192157,-47.789781
10757395696,-21.1920325,-47.7897031
10757395697,-21.1938116,-47.7881156
10757395698,-21.1937342,-47.7879657
10757395703,-21.1950021,-47.7913874
10757395704,-21.1925846,-47.7879578
10757459206,-21.1929748,-47.7885479
10757459216,-21.1938601,-47.7878693
10757459217,-21.1939476,-47.7880168
10844409265,-21.2802797,-47.8128741
10844409280,-21.277847,-47.8108763
10844409300,-21.277255,-47.811752
10856441241,-21.1539445,-47.7616534
10951069035,-21.2288284,-47.7480266
10951069038,-21.2288208,-47.7486568
10951069043,-21.2272879,-47.7482385
10951069045,-21.2271335,-47.747577
10951069057,-21.229209,-47.7475225
10951069058,-21.233285,-47.748454
10951069059,-21.2322346,-47.7481504
10951069060,-21.2335481,-47.7478951
10951069061,-21.2323862,-47.7475541
10951069062,-21.2337779,-47.747317
10951069063,-21.2322456,-47.7468594
10951069064,-21.2325342,-47.7469718
10951069065,-21.2320892,-47.7487227
10951069066,-21.2330424,-47.7490075
10951069067,-21.2301974,-47.7469589
10951069068,-21.2311857,-47.7472594
10951069069,-21.231007,-47.7479006
10951069070,-21.2299974,-47.7475934
10951069080,-21.231339,-47.7466128
10951069081,-21.2308269,-47.7485431
10951069085,-21.2303995,-47.7484142
10951069087,-21.2307122,-47.7485085
10951069090,-21.230394,-47.748602
10951069100,-21.2298244,-47.7482408
10951069101,-21.2271646,-47.7488359
10951069109,-21.2273074,-47.7484796
10951069111,-21.2272826,-47.7488745
10951069121,-21.2295091,-47.7481458
10951069124,-21.2315113,-47.7485061
10951069132,-21.2317999,-47.7486362
10951069134,-21.2314848,-47.7486056
10951069174,-21.2318521,-47.7463479
10951069203,-21.2318001,-47.7465682
10951069210,-21.2326079,-47.7462906
10951069211,-21.2314658,-47.7459485
10951069215,-21.2320506,-47.746418
10951069220,-21.2316659,-47.7459929
10951069240,-21.2324124,-47.7462201
10951069261,-21.2288891,-47.7521859
10951069266,-21.228675,-47.7527168
10951069273,-21.2287627,-47.7526842
10951069284,-21.2284322,-47.7521033
10951069288,-21.228704,-47.7521531
10951069297,-21.2287983,-47.7524302
10951069300,-21.228545,-47.752414
10951069304,-21.2288676,-47.752416
10951069308,-21.2283506,-47.7522647
10951069311,-21.2280413,-47.7520719
10951069322,-21.2317317,-47.7468479
10951069324,-21.2319389,-47.7469004
10951069331,-21.2309927,-47.7507104
10951069333,-21.2311928,-47.7506959
10951069339,-21.2311565,-47.7504191
10951069341,-21.23096,-47.7504397
10951069342,-21.2292654,-47.7523585
10951069351,-21.2306733,-47.7527605
10951069380,-21.2311124,-47.7556347
10951069383,-21.2309867,-47.7550829
10951069384,-21.231161,-47.7561003
10951069401,-21.2308654,-47.7531538
10951069408,-21.2310447,-47.7523532
10951069420,-21.2313212,-47.7561468
10951069421,-21.2312726,-47.7556212
10951069422,-21.2311935,-47.7550645
10951069434,-21.2310786,-47.7532014
10951069441,-21.2312632,-47.7523812
10951069455,-21.2292447,-47.7479773
10951069464,-21.2285371,-47.7518963
10951069466,-21.2286432,-47.7518786
10951069467,-21.2286394,-47.7519684
10951081045,-21.1127211,-47.7742
10951081047,-21.1141922,-47.7754334
10951081056,-21.1123572,-47.7745277
10951081058,-21.1139781,-47.7759042
10951081059,-21.1136636,-47.7723717
10951081063,-21.1146658,-47.7735008
10951081064,-21.1139971,-47.7720223
10951081067,-21.1147274,-47.7728435
10951081068,-21.1159427,-47.7750478
10951081070,-21.1148663,-47.7762937
10951081072,-21.1155314,-47.7746387
10951081074,-21.1143812,-47.7762044
10951081075,-21.1150604,-47.7745767
10951081076,-21.1152428,-47.7725938
10951081077,-21.1150627,-47.7743439
10951081078,-21.1155661,-47.7744026
10951081079,-21.1144043,-47.7749377
10951081330,-21.2455308,-47.8018664
10951081368,-21.2465932,-47.7926607
10951081378,-21.2446287,-47.7920441
10951081426,-21.2474213,-47.7912036
10951081762,-21.2442441,-47.7896414
10951081764,-21.2442254,-47.789516
10951081769,-21.2444827,-47.7895681
10951081775,-21.2444953,-47.789382
10951081780,-21.2448202,-47.7894416
10951081783,-21.2440035,-47.7896803
10951081786,-21.2421981,-47.7902888
10951081794,-21.2416915,-47.7904227
10951081798,-21.2419819,-47.7902848
10951081804,-21.2419856,-47.7904081
10951081806,-21.2417508,-47.7905805
10951081813,-21.2480776,-47.7882885
10951081825,-21.2484102,-47.7880528
10951081826,-21.247937,-47.7878464
10951081827,-21.2402198,-47.7845031
10951081832,-21.2503624,-47.7889043
10951081843,-21.2464052,-47.7938197
10951081844,-21.2484148,-47.7970498
10951081845,-21.2488443,-47.7977706
10951081857,-21.2458668,-47.7938861
10951081864,-21.2457107,-47.7934721
10951081875,-21.2462874,-47.7931634
10951081884,-21.245799,-47.7932639
10951081885,-21.2464964,-47.7936129
10951081908,-21.2485965,-47.7969335
10951081914,-21.2489468,-47.797001
10951081927,-21.2490197,-47.7976414
10951088019,-21.2093951,-47.7209156
10951088020,-21.2111463,-47.72095
10951088021,-21.2111421,-47.721454
10951088022,-21.2093862,-47.7214147
10951088023,-21.2094043,-47.7204152
10951088025,-21.2106847,-47.7194893
10951088026,-21.2101871,-47.7190756
10951088027,-21.2101771,-47.7204358
10951088028,-21.2106886,-47.7191316
10951088029,-21.2106776,-47.7204511
10951088030,-21.2111562,-47.7204625
10951088033,-21.2116953,-47.7204724
10951088034,-21.2088831,-47.720406
10951088045,-21.208914,-47.7190318
10951088046,-21.2121387,-47.7151542
10951088047,-21.2116635,-47.7151542
10951088052,-21.2115691,-47.7142973
10951088071,-21.2111099,-47.7237955
10951088072,-21.2093764,-47.7237686
10951088073,-21.2111091,-47.7242994
10951088074,-21.209367,-47.7242776
10951088075,-21.2093474,-47.7253387
10951088076,-21.2108823,-47.7253542
10951088078,-21.2093383,-47.7258302
10951088079,-21.2091977,-47.7263611
10951088081,-21.210651,-47.7263583
10951088083,-21.2109884,-47.724819
10951088087,-21.2093802,-47.7235644
10951088088,-21.2093576,-47.7247879
10951088089,-21.2093293,-47.7263197
10951088091,-21.2088668,-47.7247786
10951088095,-21.2111084,-47.7248213
10951088096,-21.2115524,-47.7248298
10951088097,-21.2083538,-47.7247688
10951088917,-21.1137666,-47.7763894
10951088922,-21.1152368,-47.7768137
10951088926,-21.1141232,-47.7712993
10951088932,-21.1139819,-47.7710933
10951088938,-21.1147955,-47.7722146
10951088940,-21.1157431,-47.7721605
10951088956,-21.1183632,-47.7720047
10951088977,-21.1155378,-47.7776338
10951088987,-21.113226,-47.7776181
10951089019,-21.1146283,-47.774203
10951089023,-21.1161714,-47.7743086
10951089035,-21.1128882,-47.7725904
10951089053,-21.1145873,-47.7744162
10951089061,-21.1161928,-47.7746713
10951089066,-21.1170158,-47.7745843
10951099610,-21.2083216,-47.7270094
10951099611,-21.2086486,-47.7227272
10951099613,-21.2086538,-47.7225099
10951099618,-21.2116133,-47.7277046
10951099635,-21.2110881,-47.7276067
10951099636,-21.2117674,-47.7277328
10951099645,-21.2082809,-47.7224956
10951099656,-21.2112661,-47.7227848
10951099660,-21.2112697,-47.7225495
10961257618,-21.2285353,-47.7519666
10971640386,-21.1416333,-47.7872437
10979201584,-21.2107665,-47.725857
11009997517,-21.2345592,-47.8102939
11009997522,-21.2342186,-47.8099532
11009997523,-21.2343336,-47.8099626
11021209869,-21.1568522,-47.7843432
11021209873,-21.1569265,-47.7844911
11021351859,-21.1877638,-47.7430154
11021351864,-21.1879476,-47.7432088
11021351870,-21.1876735,-47.7434638
11021351880,-21.1871665,-47.7434438
11021351883,-21.1875104,-47.7432574
11021351884,-21.1883795,-47.7424273
11033302112,-21.1670842,-47.8086711
11033302113,-21.1669441,-47.8085491
11033302114,-21.1670504,-47.808643
11033302118,-21.1672305,-47.8089595
11033302119,-21.1708507,-47.8064983
11033302120,-21.1704978,-47.8065388
11033302121,-21.1707042,-47.8066943
11033302122,-21.170356,-47.8071691
11071925722,-21.1885438,-47.8064194
11094580037,-21.176202,-47.8154137
11094580041,-21.1752787,-47.8150816
11094580055,-21.1760087,-47.8155991
11152364399,-21.2715392,-47.8357836
11160377492,-21.2574345,-47.7974928
11161469239,-21.1316288,-47.777038
11161469240,-21.1296913,-47.7813954
11161469241,-21.1313113,-47.7777503
11161469242,-21.1309006,-47.7786715
11161469243,-21.1305004,-47.7795695
11290188459,-21.2130444,-47.8201378
11301432259,-21.130736,-47.7510945
11368570320,-21.2638791,-47.7660786
11371064955,-21.2531167,-47.7703038
11371065020,-21.2536807,-47.7701062
11371065025,-21.2539918,-47.7700487
11371065031,-21.2547838,-47.7699438
11371065034,-21.2555177,-47.7699028
11371065044,-21.2576872,-47.7695045
11371065066,-21.2635944,-47.7664103
11371065067,-21.2641614,-47.76607
11371065084,-21.2668913,-47.7645059
11371065089,-21.267515,-47.7641438
11371065091,-21.2512696,-47.770789
11371065096,-21.2483672,-47.7714166
11371065097,-21.2476373,-47.7715695
11371065105,-21.267655,-47.7643865
11371065106,-21.2670101,-47.7647486
11371065108,-21.2642955,-47.7662855
11371065109,-21.2637131,-47.7666235
11371065128,-21.2578466,-47.7700306
11371065133,-21.2578864,-47.7699655
11371065136,-21.2573277,-47.7704102
11371065154,-21.2556492,-47.7704161
11371065157,-21.2547821,-47.7703057
11371065165,-21.2532044,-47.7705932
11371065167,-21.2519695,-47.7708828
11371065168,-21.2513021,-47.7710357
11371065172,-21.2483972,-47.7716339
11371065173,-21.2476748,-47.7717975
11371065233,-21.2661877,-47.7680182
11371065252,-21.2697905,-47.7632295
11371065254,-21.2696208,-47.7632815
11371065264,-21.2694571,-47.7630106
11371065272,-21.2518145,-47.7705985
11373223386,-21.2431899,-47.7709955
11373223397,-21.2368653,-47.7746292
11373223454,-21.2390744,-47.7762649
11386088715,-21.1865188,-47.8059063
11386088718,-21.1869476,-47.8061521
11386088726,-21.1879463,-47.8071184
11402143377,-21.1684637,-47.75581
11402143379,-21.1684652,-47.7557337
11542508146,-21.1484161,-47.7907943
11542508158,-21.1475961,-47.7902168
11542508159,-21.1484087,-47.7906454
11542508160,-21.1450517,-47.788974
11542508162,-21.1483574,-47.7907567
11542508164,-21.1484486,-47.7906611
11542508167,-21.1444467,-47.7887677
11542508168,-21.145004,-47.7890857
11542508769,-21.1459282,-47.7893723
11542508777,-21.144475,-47.7887201
11575842559,-21.2131076,-47.8198197
11575842560,-21.2128773,-47.8197016
11575842561,-21.2126656,-47.8200496
11587659698,-21.1458412,-47.766302
11587659703,-21.1455829,-47.766874
11597080615,-21.284802,-47.8159654
11597080618,-21.2844946,-47.8162222
11672862499,-21.1655685,-47.7139357
11672862509,-21.1684348,-47.7176477
11765541058,-21.1958657,-47.7778971
11765541059,-21.195718,-47.7782104
11822681082,-21.1388102,-47.785914
11822681084,-21.1419975,-47.7874983
11822681086,-21.1419616,-47.7875648
11822681087,-21.1387741,-47.7859993
11839407377,-21.1999516,-47.7905915
11839407378,-21.2004046,-47.7897277
11845113092,-21.157855,-47.8342944
11925926427,-21.2006633,-47.7687391
11926104777,-21.1838415,-47.7520376
11926104782,-21.1837665,-47.7512035
12004894514,-21.2245648,-47.8205603
12004894523,-21.22469,-47.8206284
12009973832,-21.2060688,-47.8596646
12021300524,-21.1874495,-47.8065798
12021300527,-21.1875478,-47.8066102
12040975314,-21.1893559,-47.7825271
12040975316,-21.1896003,-47.7821919
12040975319,-21.1896937,-47.7826202
12042055750,-21.0900836,-47.7970211
12042139984,-21.1909426,-47.8369649
12042139991,-21.1906648,-47.8369567
12071046000,-21.1733826,-47.7961302
12098144475,-21.234833,-47.8089172
12107901287,-21.1948404,-47.7895725
12107901288,-21.1953751,-47.7892437
12108115475,-21.163424,-47.7895416
12108115478,-21.1642289,-47.7899231
12203254612,-21.1822079,-47.7861594
12203490980,-21.2118145,-47.8018078
12273634755,-21.1950291,-47.7348189
12273634759,-21.195263,-47.7349627
12311234915,-21.1205805,-47.8083149
12410717580,-21.2601623,-47.7991315
12410717583,-21.2601122,-47.7993769
12580896742,-21.1995217,-47.7797656
12580896745,-21.1994495,-47.7799586
12580896746,-21.1994097,-47.7800683
12583741866,-21.2478046,-47.8245239
12583741870,-21.2473621,-47.8251563
12676970166,-21.1992798,-47.7913736
12706409046,-21.1749291,-47.837639
12706409047,-21.1747498,-47.8375891
12728523750,-21.1748828,-47.8381789
12741975480,-21.2378995,-47.7864137
12741975481,-21.2364207,-47.7858114
12741975486,-21.2353551,-47.7887933
12741975495,-21.2370494,-47.784052
12813670098,-21.1341441,-47.7370816
12813670100,-21.1349205,-47.7366356
12813675401,-21.1340165,-47.7374679
12813675404,-21.1350033,-47.7370191
12821464800,-21.2578146,-47.797292
12821469501,-21.2578288,-47.7974606
12821469503,-21.2578564,-47.7966267
12821469511,-21.2595137,-47.7987134
12821469512,-21.2595412,-47.7980053
12821469517,-21.257419,-47.7973214
12821505433,-21.2866832,-47.7970568
12821505443,-21.2861315,-47.7969993
12821505462,-21.2898242,-47.7966119
12821505476,-21.290429,-47.8002222
12821505486,-21.2848195,-47.7971202
12821505487,-21.2831339,-47.7972648
12821505489,-21.2848258,-47.7973509
12821508002,-21.2868395,-47.7966059
12821508020,-21.2893194,-47.7962847
12821508029,-21.2901354,-47.7961922
12821508038,-21.291961,-47.794265
12821508050,-21.2937616,-47.7992834
12821508069,-21.2953697,-47.8002584
12821508070,-21.2949524,-47.7993035
12821508071,-21.2944401,-47.7983487
12821508073,-21.294615,-47.7981904
12821508075,-21.2951448,-47.7992123
12821508076,-21.2955484,-47.8001457
12821508098,-21.2900109,-47.8012172
12821508107,-21.2903688,-47.800827
12821508116,-21.2908028,-47.8011146
12821508119,-21.2908246,-47.8013086
12821508129,-21.2905871,-47.7995093
12821508138,-21.2903248,-47.799271
12821508150,-21.2906033,-47.798918
12821508157,-21.2908378,-47.7990734
12821508197,-21.2963518,-47.8006507
12821508220,-21.2953615,-47.8006477
12821508223,-21.2954516,-47.8004833
12821508227,-21.2956564,-47.8003588
12821508237,-21.2961247,-47.8006544
12821508243,-21.2942579,-47.7975272
12821508247,-21.2940577,-47.7976646
12821508256,-21.2935954,-47.7974528
12821508264,-21.2936427,-47.796968
12821508268,-21.2938429,-47.7968306
12821508279,-21.2943457,-47.7971638
12821508288,-21.2926302,-47.7941525
12821508292,-21.2924002,-47.7942067
12821508296,-21.2921818,-47.7941124
12821508300,-21.2920507,-47.7939025
12821508309,-21.2922365,-47.7934066
12821508314,-21.2925253,-47.7933624
12821508318,-21.2927283,-47.7934906
12821508321,-21.2928159,-47.7936565
12821508341,-21.2800984,-47.8022674
12821508354,-21.2819241,-47.7983111
12821508363,-21.280532,-47.8010295
12821508365,-21.2804583,-47.8013165
12821508373,-21.2797435,-47.8018422
12821508382,-21.2800122,-47.800827
12821508397,-21.2824665,-47.7964979
12821508401,-21.2827901,-47.7957
12821508406,-21.2826814,-47.7964456
12821508409,-21.2814393,-47.7970089
12821508414,-21.2818729,-47.7970357
12821508417,-21.2814505,-47.7967903
12821508429,-21.2822647,-47.7977676
12821508430,-21.2820777,-47.7976548
12821508436,-21.2819949,-47.7968207
12821508448,-21.2831172,-47.7970359
12821508450,-21.2826634,-47.7967539
12821508452,-21.2828952,-47.7972813
12821508467,-21.2822239,-47.7968575
12821508470,-21.2823716,-47.7967513
12821508476,-21.2828971,-47.7970286
12821508478,-21.2821151,-47.7971481
12848204753,-21.113276,-47.8170541
12848208740,-21.1132629,-47.8169699
12848208742,-21.113072,-47.8170183
12848208748,-21.113398,-47.8169671
12865107901,-21.2189511,-47.8139919
12873098219,-21.1866681,-47.7360477
12873098230,-21.1867901,-47.7360495
12873098231,-21.1867613,-47.7361329
12920317714,-21.2570983,-47.7925113
12922343076,-21.1845229,-47.7568201
12922374060,-21.1681265,-47.7559371
12922374066,-21.1681248,-47.7556086
12922374068,-21.168227,-47.755555
12922374078,-21.1683665,-47.7559624
12922374084,-21.1682357,-47.7564964
12922374085,-21.168249,-47.7562077
12922374142,-21.16839,-47.7570286
12922374149,-21.1683424,-47.7567391
12922374153,-21.168125,-47.7567144
12922374159,-21.1680418,-47.7570306
12924987473,-21.1376127,-47.762303
12924987476,-21.1377673,-47.7623853
12924987480,-21.137953,-47.7622508
12924987484,-21.1378983,-47.7620133
12924987485,-21.1378435,-47.7619773
12924987490,-21.1375817,-47.7621063
12924987515,-21.1380684,-47.7634349
12924987523,-21.138258,-47.763073
12924987527,-21.1380181,-47.7630576
12924993982,-21.1500229,-47.7573114
12924993986,-21.1501205,-47.7570928
12924993988,-21.150075,-47.7569808
12925923333,-21.236797,-47.7588689
12925923334,-21.237803,-47.7586498
12925927750,-21.1667032,-47.9001548
12926673545,-21.2208033,-47.7888607
12926673549,-21.2209806,-47.7890731
12926673550,-21.2210492,-47.7890855
12926673592,-21.2221709,-47.7888634
12926673596,-21.2223692,-47.7885898
12926673602,-21.2220838,-47.7883167
12945213702,-21.1485512,-47.8804235
12945213722,-21.1472202,-47.8810473
12945213727,-21.1474968,-47.8811507
12957766774,-21.1242107,-47.8024919
12957766777,-21.122429,-47.8023147
12985051752,-21.1942916,-47.7770373
12998790637,-21.2032193,-47.7963266
12998790641,-21.2031711,-47.7962777
13000289808,-21.2191859,-47.8042871
13000289809,-21.2193679,-47.804282
13000302401,-21.2111962,-47.811645
13000302402,-21.2111542,-47.8117626
13001144619,-21.2118947,-47.7999634
13001144623,-21.2121796,-47.8004566
13004524708,-21.2312807,-47.7873562
13004524713,-21.2313693,-47.7871483
13005798155,-21.1449703,-47.8423959
13005798156,-21.1447439,-47.8432354
13005798157,-21.1450339,-47.8427568
13005798158,-21.1444574,-47.8430745
13005798159,-21.1447538,-47.8425681
13005798160,-21.1444318,-47.8420506
13005798161,-21.1442961,-47.8422778
13005798162,-21.1445387,-47.8421096
13005798163,-21.1444051,-47.8423508
13005798164,-21.144166,-47.8428639
13005798165,-21.1438783,-47.8426842
13005798166,-21.144163,-47.8421886
13005798172,-21.1439834,-47.8418085
13005798173,-21.1436324,-47.8425
13005798174,-21.1439027,-47.842017
13005798175,-21.1444424,-47.8423758
13005798176,-21.1448377,-47.8426199
13005798178,-21.1455377,-47.8430655
13005807210,-21.2267943,-47.8036943
13005807211,-21.2271554,-47.8057732
13015018914,-21.1688456,-47.8180807
13015018915,-21.1687353,-47.8179863
13020076567,-21.2075829,-47.7911207
13020076572,-21.2093722,-47.7888565
13020076573,-21.2080059,-47.7903856
13020076574,-21.2077136,-47.7906713
13020086211,-21.207152,-47.7910859
13020086212,-21.2072946,-47.7902559
13020104648,-21.2066942,-47.7916861
13025964204,-21.2126244,-47.8275099
13025964207,-21.2110541,-47.8261953
13025964209,-21.2102986,-47.825545
13026789935,-21.21198,-47.826973
13029256001,-21.2180898,-47.8136628
13029256002,-21.2156575,-47.8112152
13029256004,-21.2184863,-47.8107191
13038306220,-21.1790715,-47.8010452
13043088580,-21.2156099,-47.8211635
13043088588,-21.215479,-47.8227737
13045871718,-21.2920075,-47.7964589
13045871719,-21.2896975,-47.7979461
13045871720,-21.2903004,-47.7976369
13045871721,-21.2927242,-47.7999411
13045871733,-21.2922173,-47.8002565
13045871734,-21.2925616,-47.8000422
13045871740,-21.2926271,-47.8002899
13045871741,-21.2917787,-47.8003681
13045871746,-21.290982,-47.7996721
13045871749,-21.2912096,-47.7996724
13045871757,-21.2911113,-47.8006424
13045871758,-21.2920831,-47.8003401
13045871759,-21.293235,-47.7996231
13045871760,-21.2916187,-47.8003829
13045871761,-21.293329,-47.8002253
13045871763,-21.2923952,-47.7981734
13045871771,-21.2936227,-47.8007999
13045871772,-21.29474,-47.8000614
13045871775,-21.2930116,-47.7980351
13045871776,-21.2935298,-47.7977477
13045871777,-21.2941311,-47.7988221
13045871779,-21.2948017,-47.8002623
13045871780,-21.2951478,-47.800654
13045871790,-21.2877636,-47.7988103
13045871791,-21.2881389,-47.7982165
13045871792,-21.2885086,-47.7976094
13045871793,-21.2932557,-47.7976761
13045871794,-21.2918112,-47.79442
13045871795,-21.2913366,-47.7949529
13045871796,-21.2926943,-47.7980006
13045871797,-21.2909058,-47.7955666
13045871798,-21.2921653,-47.7983063
13045871799,-21.2913328,-47.7981201
13045892801,-21.2913255,-47.7987916
13045892802,-21.2903885,-47.7960726
13045892803,-21.2909602,-47.7973122
13045892806,-21.2915935,-47.7986367
13045892807,-21.289342,-47.7981294
13045892809,-21.2915583,-47.7970014
13045892812,-21.2924717,-47.7958565
13045892814,-21.2929404,-47.7954299
13045892815,-21.2881612,-47.7962123
13045892824,-21.2892815,-47.7970186
13045892825,-21.2873175,-47.7964027
13045892827,-21.2874273,-47.7966392
13045892840,-21.2889173,-47.7962215
13045892849,-21.2899538,-47.79867
13045892851,-21.2899706,-47.7993325
13045892866,-21.2892952,-47.7993835
13045892867,-21.2857862,-47.7998662
13045892868,-21.2864733,-47.8004881
13045892870,-21.2865924,-47.7987959
13045892872,-21.2876463,-47.7996767
13045892873,-21.2868044,-47.7980559
13045892878,-21.2884026,-47.7994702
13045892882,-21.2870017,-47.8000074
13045892890,-21.2836997,-47.7979449
13045892892,-21.2845917,-47.797998
13045892894,-21.2830844,-47.7979311
13045892895,-21.2828506,-47.7976913
13045892899,-21.2836501,-47.798144
13045892913,-21.2891418,-47.8014047
13045892923,-21.2899304,-47.801468
13045892924,-21.290047,-47.8014455
13045892928,-21.2913855,-47.8012728
13045892931,-21.2872911,-47.8019681
13045892932,-21.2810875,-47.8048191
13045892933,-21.2826616,-47.803782
13045892934,-21.2815964,-47.8051773
13045892935,-21.2833089,-47.8041189
13045892936,-21.2821793,-47.8055875
13045892937,-21.2807298,-47.8045674
13045892940,-21.2863366,-47.7993863
13045892943,-21.2848708,-47.8022808
13045892950,-21.2818836,-47.8036554
13045892953,-21.2797264,-47.8047829
13045892954,-21.2817842,-47.8064087
13045892959,-21.2823846,-47.805732
13051346254,-21.1381482,-47.7636375
13055402025,-21.2925231,-47.794516
13055402032,-21.2962492,-47.7917016
13055402034,-21.296004,-47.7916934
13055402036,-21.2961901,-47.7909986
13055402037,-21.295028,-47.7928985
13055402039,-21.2949664,-47.7931119
13055402040,-21.2942342,-47.7932197
13055402042,-21.2942804,-47.7930302
13055402043,-21.2942577,-47.7928662
13055402046,-21.2944315,-47.7920878
13055402047,-21.2936229,-47.7929843
13055402050,-21.2938447,-47.7919298
13055402051,-21.2930581,-47.7931184
13055402062,-21.2900592,-47.7920186
13055402064,-21.2901441,-47.7933812
13055402067,-21.2894297,-47.7961035
13055402068,-21.2900585,-47.7960155
13055402070,-21.2867322,-47.7964411
13055402074,-21.286108,-47.7967832
13055402093,-21.2911887,-47.7948242
13055402095,-21.2915786,-47.7944005
13055402096,-21.2918835,-47.7940893
13055402097,-21.297715,-47.7888441
13055415157,-21.2936118,-47.7948639
13055415159,-21.2931861,-47.7938331
13055415701,-21.2970168,-47.7889307
13055415704,-21.3029504,-47.798144
13055415709,-21.3014546,-47.7972598
13055415711,-21.3022845,-47.7976137
13055415713,-21.3020454,-47.7988119
13055415714,-21.2967354,-47.7956239
13055415715,-21.2972915,-47.7955109
13055415716,-21.2961619,-47.7957737
13055415717,-21.2955022,-47.7957469
13055415718,-21.2936279,-47.7937138
13055415719,-21.294084,-47.7948141
13055415720,-21.2941427,-47.7935261
13055415721,-21.2946839,-47.7947743
13055415722,-21.2946575,-47.7933276
13055415723,-21.29525,-47.7947367
13055415724,-21.2952011,-47.7932334
13055415725,-21.2959075,-47.7947048
13055415726,-21.2964664,-47.794656
13055415728,-21.2956771,-47.7931774
13055415731,-21.2976164,-47.7952963
13055415732,-21.2978663,-47.7934617
13055415734,-21.2971251,-47.7926925
13055415735,-21.2982861,-47.7929199
13055415738,-21.2967487,-47.7919293
13055415739,-21.2965897,-47.7913174
13055415741,-21.2982655,-47.7917138
13055415742,-21.2982212,-47.792185
13055415743,-21.298676,-47.7926302
13055415744,-21.2963669,-47.79064
13055415745,-21.2973289,-47.790759
13055415746,-21.2962192,-47.7912037
13055415748,-21.2981474,-47.7915934
13055415749,-21.2976364,-47.7914929
13055415750,-21.2977734,-47.7912122
13055415751,-21.2981082,-47.7906914
13055415752,-21.2984866,-47.7902419
13055415757,-21.2998255,-47.7910101
13055415758,-21.2976264,-47.7886123
13055415759,-21.2975414,-47.7886659
13055415762,-21.2969964,-47.7885262
13055415763,-21.2967017,-47.7901197
13055415764,-21.2991908,-47.792657
13055415768,-21.2948774,-47.7929199
13055415777,-21.295972,-47.7908063
13055415788,-21.2971666,-47.7883279
13055415789,-21.2971466,-47.7886874
13055415808,-21.3010411,-47.7994971
13055415809,-21.3005393,-47.7980942
13055415813,-21.3015261,-47.7991917
13055415814,-21.3017147,-47.7990729
13055415817,-21.3004852,-47.7997273
13055415818,-21.2999801,-47.798337
13055415821,-21.2994553,-47.7985649
13055415823,-21.301065,-47.7978659
13055415824,-21.2986476,-47.8000173
13055415826,-21.2980262,-47.8000546
13055415827,-21.2979962,-47.8003228
13055415829,-21.2979594,-47.7982048
13055415830,-21.298731,-47.8002369
13055415831,-21.2985007,-47.7979493
13055415832,-21.2974614,-47.7984399
13055415833,-21.2976213,-47.7962351
13055415834,-21.2988909,-47.79881
13055415835,-21.2994,-47.8002835
13055415836,-21.2998582,-47.8005377
13055415841,-21.2990457,-47.8006313
13055415842,-21.2957504,-47.7965558
13055415846,-21.297422,-47.8006688
13055415851,-21.2981587,-47.796337
13055415855,-21.3023849,-47.799336
13055415857,-21.3028842,-47.7989012
13055415864,-21.2970041,-47.8000036
13055415866,-21.295641,-47.7988944
13055415869,-21.2967617,-47.8000009
13055415870,-21.2961619,-47.7986276
13060915752,-21.2286949,-47.7527841
13060915753,-21.2287834,-47.7527528
13061021307,-21.2113983,-47.7225528
13061021308,-21.2114108,-47.7227851
13061033675,-21.2472292,-47.844319
13061033679,-21.2412337,-47.8441353
13061033683,-21.2432287,-47.8436941
13061033695,-21.2440449,-47.8437853
13061038601,-21.2464561,-47.8443298
13061038626,-21.2403924,-47.8445162
13061038634,-21.2398482,-47.8438376
13061038637,-21.2400166,-47.8439904
13061038642,-21.2456749,-47.8441273
13061038644,-21.2400139,-47.8441824
13061038660,-21.2437724,-47.8454831
13061038675,-21.238863,-47.8439411
13062605720,-21.2925683,-47.7908438
13062605723,-21.2928781,-47.7908438
13062605726,-21.2917435,-47.7921152
13062605728,-21.2913764,-47.7926404
13062605730,-21.2902328,-47.7922951
13064467900,-21.2323405,-47.8510096
13064480244,-21.2038714,-47.7869375
13064499601,-21.2321646,-47.8510857
13064499602,-21.2333005,-47.8543901
13064499614,-21.233216,-47.8535244
13064499615,-21.2333494,-47.8538941
13064499616,-21.2335011,-47.8543197
13064499619,-21.2339348,-47.8558982
13064499622,-21.2338248,-47.8569549
13064499623,-21.2336917,-47.8573149
13064499627,-21.2330838,-47.8583264
13064531506,-21.2280767,-47.8559923
13067879076,-21.2152666,-47.825837
13070649110,-21.2079841,-47.7219593
13076907538,-21.2156572,-47.8602122
13076907539,-21.2156092,-47.8603629
13076933137,-21.2239041,-47.8585245
13108649935,-21.2492131,-47.7980953
13161558084,-21.1933379,-47.726901
13166559159,-21.22679,-47.8445559
13166559160,-21.2261121,-47.8448618
13166559161,-21.2262273,-47.8451511
13166559162,-21.2268984,-47.8448446
13166559163,-21.226268,-47.8461148
13166559171,-21.2270157,-47.8459394
13166559172,-21.2260092,-47.8446034
13166559173,-21.2263393,-47.8454322
13166559174,-21.2254592,-47.8441957
13166559175,-21.2264814,-47.8437339
13166559176,-21.2250416,-47.843442
13166559177,-21.2245441,-47.8419051
13166559178,-21.2251659,-47.8424477
13166559179,-21.2246591,-47.8426722
13166559186,-21.2260317,-47.842994
13166559195,-21.2268518,-47.847366
13257946680,-21.2796023,-47.8218615
13264874317,-21.2798657,-47.8212421
13316109673,-21.1330104,-47.7952567
13320385756,-21.2952822,-47.7930759
13320385757,-21.295057,-47.7930924
13320385758,-21.2932646,-47.7957531
13320385761,-21.2931088,-47.7957988
13320385762,-21.2932043,-47.7949121
13324670024,-21.2154311,-47.8229971
13336636361,-21.2882806,-47.812454
13336722985,-21.2243465,-47.8214038
13338504653,-21.1051955,-47.7881033
13382537908,-21.19777,-47.7301535
13388235585,-21.2566559,-47.8332131
13388235586,-21.2567814,-47.8334024
13519535467,-21.206386,-47.7371929
13519535474,-21.2064961,-47.7335326
13519737673,-21.2344787,-47.8040462
13519737679,-21.2318879,-47.8045283
13519737681,-21.2332519,-47.8043219
13519737684,-21.2344468,-47.8041736
13539007685,-21.2436796,-47.7979182
13539007686,-21.2429703,-47.7999941
13539007693,-21.2429811,-47.8003241
13539007696,-21.2427846,-47.8002577
13539029702,-21.2436984,-47.7979373
13539029712,-21.2434827,-47.7982112
13540797293,-21.243715,-47.7978746
13542523423,-21.2093595,-47.793771
13577369427,-21.2035976,-47.8105281
13689162569,-21.2366124,-47.8291699
13730054066,-21.2367723,-47.8358439
13766213693,-21.1507163,-47.7655705
13766217946,-21.1511251,-47.7618728
13766217947,-21.1511848,-47.7616875
13793403669,-21.23937,-47.8151605
13822917520,-21.1486089,-47.7607126
13854913174,-21.123337,-47.8246431
13856040148,-21.1726391,-47.7966782
13884833283,-21.2051207,-47.7371541
13884833285,-21.2061034,-47.7374464
13930513921,-21.1926979,-47.7330789
13944684813,-21.1240083,-47.7841631
13981879589,-21.2419722,-47.8448677
13981879597,-21.2433688,-47.8446563
13981879598,-21.2433414,-47.8448046
13981893965,-21.2276383,-47.8084494
13981893974,-21.2265755,-47.8078686
13981893975,-21.2254392,-47.808077
13981893976,-21.227512,-47.8076968
13981893977,-21.2320622,-47.8020072
13981893978,-21.2322781,-47.8030952
13981893979,-21.2331348,-47.8029004
13981893980,-21.2316674,-47.8032342
13981893981,-21.2314822,-47.8021467
13981914210,-21.246067,-47.8463035
13981914217,-21.2453772,-47.8459533
13981914218,-21.244864,-47.8437633
13981914236,-21.2453218,-47.8479742
13981914237,-21.2456328,-47.8460831
13981914240,-21.2459841,-47.8472445
13981914242,-21.2468248,-47.8468055
13981914251,-21.2472738,-47.8457894
13981914252,-21.2482191,-47.844434
13981914258,-21.2465798,-47.8465882
13981914260,-21.2448108,-47.8484998
13981914268,-21.2426526,-47.844594
13981914284,-21.2440524,-47.8449038
13981914287,-21.2447711,-47.8453463
13981914292,-21.2445324,-47.8458653
13981914303,-21.2446852,-47.8455311
13981914306,-21.2446336,-47.8456565
13981914312,-21.2446085,-47.8453943
13981914313,-21.2446739,-47.8455963
13981914314,-21.2444409,-47.8456603
13981914322,-21.2440562,-47.8451049
13981914336,-21.2420699,-47.8449789
13981914347,-21.2404374,-47.8444277
13981914349,-21.2406334,-47.8446957
13981914350,-21.2417562,-47.8460021
13981914352,-21.2415437,-47.8457822
13981914355,-21.2404999,-47.8445631
13981914365,-21.2414943,-47.8453664
13981914367,-21.2416193,-47.8454965
13981914368,-21.2415425,-47.8456263
13981914374,-21.2414124,-47.8456588
13981914375,-21.2405462,-47.8447978
13981914376,-21.2403437,-47.8446235
13981914387,-21.2421844,-47.8438389
13981914415,-21.248636,-47.8448287
13981914418,-21.2401212,-47.843798
13981914429,-21.2448961,-47.8489096
13981914450,-21.2397502,-47.8443282
13981914458,-21.2395706,-47.8440303
13981914461,-21.239713,-47.8438497
13981914488,-21.2377298,-47.8542614
13981914489,-21.236476,-47.8542302
13981914490,-21.2368548,-47.8558253
13981914492,-21.2383974,-47.858406
13981914500,-21.2365149,-47.8581566
13981914501,-21.2373124,-47.8604016
13981914502,-21.2359549,-47.8589156
13981914598,-21.2362549,-47.8532991
13981914605,-21.2379849,-47.853224
13981914618,-21.2411899,-47.8536531
13981914619,-21.2410049,-47.8540769
13981914620,-21.2398349,-47.8585616
13981914621,-21.2404724,-47.8560671
13981914627,-21.2373424,-47.8558365
13981914630,-21.2365224,-47.8558177
13992396799,-21.1288357,-47.8566869
13992396800,-21.1289953,-47.8565379
13992469707,-21.1288544,-47.8561418
13992469708,-21.1297793,-47.8570421
13992469709,-21.1287214,-47.8557265
13992469710,-21.128909,-47.8559759
13992469711,-21.1282798,-47.855756
13992469712,-21.1287651,-47.8564131
13992469713,-21.1282147,-47.8562401
14003799942,-21.3165231,-47.9270201
14051947243,-21.1628043,-47.7094467
14052005779,-21.297875,-47.7965462
